"participant","night","condition","common_night_tst","common_night_N1_min","common_night_N2_min","common_night_N3_min","common_night_NREM_min","common_night_REM_min","common_night_phasic_min","common_night_tonic_min","common_night_WASO_min","order","common_wake_perc","commonN1_perc","commonN2_perc","commonN3_perc","commonNREM_perc","commonREM_perc","commonphasic_perc","commontonic_perc","commonphasicperREM_perc","commontonicperREM_perc","baseline_commontst","baseline_commonwakeperc","baseline_commonN1perc","baseline_commonN2perc","baseline_commonN3perc","baseline_commonNREMperc","baseline_commonREMperc","baseline_commonphasicperc","baseline_commontonicperc","baseline_commonphasicperREMperc","baseline_commontonicperREMperc"
"AF0165","1","SE",356,35,121,143.5,264.5,56.5,12.16666667,43.53333333,7.5,"2",2.10674157303371,9.8314606741573,33.9887640449438,40.3089887640449,74.2977528089888,15.8707865168539,3.41760299719101,12.2284644185393,21.5339233097345,77.0501474867257,356,2.10674157303371,9.8314606741573,33.9887640449438,40.3089887640449,74.2977528089888,15.8707865168539,3.41760299719101,12.2284644185393,21.5339233097345,77.0501474867257
"AF0170","1","SE",356,32,137,89.5,226.5,97.5,4.033333333,91.45,8,"2",2.24719101123596,8.98876404494382,38.4831460674157,25.1404494382022,63.623595505618,27.3876404494382,1.13295880140449,25.688202247191,4.13675213641026,93.7948717948718,356,2.24719101123596,8.98876404494382,38.4831460674157,25.1404494382022,63.623595505618,27.3876404494382,1.13295880140449,25.688202247191,4.13675213641026,93.7948717948718
"AF0182","1","SE",356,36.5,149.5,91.5,241,78.5,15.33333333,61.05,4,"1",1.12359550561798,10.252808988764,41.9943820224719,25.7022471910112,67.6966292134831,22.0505617977528,4.30711610393258,17.1488764044944,19.5329087006369,77.7707006369427,356,1.12359550561798,10.252808988764,41.9943820224719,25.7022471910112,67.6966292134831,22.0505617977528,4.30711610393258,17.1488764044944,19.5329087006369,77.7707006369427
"AF0205","1","SE",356,NA,NA,NA,NA,NA,NA,NA,NA,"2",NA,NA,NA,NA,NA,NA,NA,NA,NA,NA,356,NA,NA,NA,NA,NA,NA,NA,NA,NA,NA
"AF0214","1","SE",356,18,76,216.5,292.5,45.5,4.033333333,40.93333333,3.5,"2",0.98314606741573,5.0561797752809,21.3483146067416,60.814606741573,82.1629213483146,12.7808988764045,1.13295880140449,11.4981273398876,8.86446886373626,89.963369956044,356,0.98314606741573,5.0561797752809,21.3483146067416,60.814606741573,82.1629213483146,12.7808988764045,1.13295880140449,11.4981273398876,8.86446886373626,89.963369956044
"AF0233","1","SE",356,54.5,150.5,73,223.5,78,0.95,75.33333333,2,"1",0.561797752808989,15.3089887640449,42.2752808988764,20.5056179775281,62.7808988764045,21.9101123595506,0.26685393258427,21.1610486882022,1.21794871794872,96.5811965769231,356,0.561797752808989,15.3089887640449,42.2752808988764,20.5056179775281,62.7808988764045,21.9101123595506,0.26685393258427,21.1610486882022,1.21794871794872,96.5811965769231
"AF0250","1","SE",356,25,126,105,231,100,10.93333333,88.06666667,0.5,"2",0.140449438202247,7.02247191011236,35.3932584269663,29.4943820224719,64.8876404494382,28.0898876404494,3.07116104775281,24.7378277162921,10.93333333,88.06666667,356,0.140449438202247,7.02247191011236,35.3932584269663,29.4943820224719,64.8876404494382,28.0898876404494,3.07116104775281,24.7378277162921,10.93333333,88.06666667
"AF0256","1","SE",356,33,136,80,216,107,3.016666667,101.5666667,6.5,"1",1.82584269662921,9.26966292134832,38.2022471910112,22.4719101123595,60.6741573033708,30.0561797752809,0.847378277247191,28.5299625561798,2.81931464205607,94.922118411215,356,1.82584269662921,9.26966292134832,38.2022471910112,22.4719101123595,60.6741573033708,30.0561797752809,0.847378277247191,28.5299625561798,2.81931464205607,94.922118411215
"AF0280","1","SE",356,31,143,95,238,87,7.9,77.81666667,2.5,"1",0.702247191011236,8.70786516853933,40.1685393258427,26.685393258427,66.8539325842697,24.438202247191,2.21910112359551,21.8586142331461,9.08045977011494,89.4444444482759,356,0.702247191011236,8.70786516853933,40.1685393258427,26.685393258427,66.8539325842697,24.438202247191,2.21910112359551,21.8586142331461,9.08045977011494,89.4444444482759
"AF0286","1","SE",356,37.5,207.5,33.5,241,77.5,3.666666667,73.33333333,10,"1",2.80898876404494,10.5337078651685,58.2865168539326,9.41011235955056,67.6966292134831,21.7696629213483,1.02996254691011,20.5992509353933,4.73118279612903,94.6236559096774,356,2.80898876404494,10.5337078651685,58.2865168539326,9.41011235955056,67.6966292134831,21.7696629213483,1.02996254691011,20.5992509353933,4.73118279612903,94.6236559096774
"AF0288","1","SE",356,38.5,177.5,47,224.5,93,6.933333333,85.41666667,0,"2",0,10.814606741573,49.8595505617978,13.2022471910112,63.061797752809,26.123595505618,1.94756554297753,23.9934456938202,7.45519713225807,91.8458781397849,356,0,10.814606741573,49.8595505617978,13.2022471910112,63.061797752809,26.123595505618,1.94756554297753,23.9934456938202,7.45519713225807,91.8458781397849
"AF0295","1","SE",356,46,187.5,37.5,225,85,7.033333333,76.51666667,17,"2",4.7752808988764,12.9213483146067,52.6685393258427,10.5337078651685,63.2022471910112,23.876404494382,1.97565543061798,21.4934456938202,8.27450980352941,90.0196078470588,356,4.7752808988764,12.9213483146067,52.6685393258427,10.5337078651685,63.2022471910112,23.876404494382,1.97565543061798,21.4934456938202,8.27450980352941,90.0196078470588
"AF0307","1","SE",356,22.5,127,127,254,79.5,8.783333333,69.66666667,2,"2",0.561797752808989,6.32022471910112,35.6741573033708,35.6741573033708,71.3483146067416,22.3314606741573,2.46722846432584,19.5692883904494,11.0482180289308,87.6310272578616,356,0.561797752808989,6.32022471910112,35.6741573033708,35.6741573033708,71.3483146067416,22.3314606741573,2.46722846432584,19.5692883904494,11.0482180289308,87.6310272578616
"AF0309","1","SE",356,31,113,106.5,219.5,105.5,16.98333333,84.61666667,8,"2",2.24719101123596,8.70786516853933,31.7415730337079,29.9157303370786,61.6573033707865,29.6348314606742,4.77059925,23.7687265926966,16.0979462843602,80.2053712511848,356,2.24719101123596,8.70786516853933,31.7415730337079,29.9157303370786,61.6573033707865,29.6348314606742,4.77059925,23.7687265926966,16.0979462843602,80.2053712511848
"AF0314","1","SE",356,18,108.5,148.5,257,81,9.65,68.58333333,11.5,"1",3.23033707865169,5.0561797752809,30.4775280898876,41.7134831460674,72.1910112359551,22.752808988764,2.71067415730337,19.2649812724719,11.9135802469136,84.6707818888889,356,3.23033707865169,5.0561797752809,30.4775280898876,41.7134831460674,72.1910112359551,22.752808988764,2.71067415730337,19.2649812724719,11.9135802469136,84.6707818888889
"AF0318","1","SE",356,58,155.5,65,220.5,77.5,4.9,71.7,10,"2",2.80898876404494,16.2921348314607,43.6797752808989,18.2584269662921,61.938202247191,21.7696629213483,1.37640449438202,20.1404494382022,6.32258064516129,92.5161290322581,356,2.80898876404494,16.2921348314607,43.6797752808989,18.2584269662921,61.938202247191,21.7696629213483,1.37640449438202,20.1404494382022,6.32258064516129,92.5161290322581
"AF0320","1","SE",356,30,164,68.5,232.5,93.5,8.5,81.21666667,1,"1",0.280898876404494,8.42696629213483,46.0674157303371,19.2415730337079,65.3089887640449,26.2640449438202,2.3876404494382,22.8136704129213,9.09090909090909,86.8627451016043,356,0.280898876404494,8.42696629213483,46.0674157303371,19.2415730337079,65.3089887640449,26.2640449438202,2.3876404494382,22.8136704129213,9.09090909090909,86.8627451016043
"AF0336","1","SE",356,27.5,175,77,252,76.5,7.716666667,67.5,13,"2",3.65168539325843,7.7247191011236,49.1573033707865,21.6292134831461,70.7865168539326,21.4887640449438,2.16760299634831,18.9606741573034,10.0871459699346,88.2352941176471,356,3.65168539325843,7.7247191011236,49.1573033707865,21.6292134831461,70.7865168539326,21.4887640449438,2.16760299634831,18.9606741573034,10.0871459699346,88.2352941176471
"AF0355","1","SE",356,22.5,121.5,126,247.5,86,3.683333333,50.91666667,0.5,"1",0.140449438202247,6.32022471910112,34.1292134831461,35.3932584269663,69.5224719101124,24.1573033707865,1.03464419466292,14.3024344578652,4.28294573604651,59.2054263604651,356,0.140449438202247,6.32022471910112,34.1292134831461,35.3932584269663,69.5224719101124,24.1573033707865,1.03464419466292,14.3024344578652,4.28294573604651,59.2054263604651
"AF0361","1","SE",356,82,143,59,202,72,7.75,63.1,35.5,"1",9.97191011235955,23.0337078651685,40.1685393258427,16.5730337078652,56.7415730337079,20.2247191011236,2.17696629213483,17.7247191011236,10.7638888888889,87.6388888888889,356,9.97191011235955,23.0337078651685,40.1685393258427,16.5730337078652,56.7415730337079,20.2247191011236,2.17696629213483,17.7247191011236,10.7638888888889,87.6388888888889
"AF0378","1","SE",356,88,118,94,212,56,4.8,49.26666667,39,"1",10.9550561797753,24.7191011235955,33.1460674157303,26.4044943820225,59.5505617977528,15.7303370786517,1.34831460674157,13.8389513117978,8.57142857142857,87.9761904821429,356,10.9550561797753,24.7191011235955,33.1460674157303,26.4044943820225,59.5505617977528,15.7303370786517,1.34831460674157,13.8389513117978,8.57142857142857,87.9761904821429
"AF0386","1","SE",356,46.5,155.5,103,258.5,51,1.9,48.23333333,33.5,"1",9.41011235955056,13.061797752809,43.6797752808989,28.9325842696629,72.6123595505618,14.3258426966292,0.533707865168539,13.5486891376404,3.72549019607843,94.5751633921569,356,9.41011235955056,13.061797752809,43.6797752808989,28.9325842696629,72.6123595505618,14.3258426966292,0.533707865168539,13.5486891376404,3.72549019607843,94.5751633921569
"AF0388","1","SE",356,39,125,113.5,238.5,78.5,11.46666667,64.91666667,10.5,"1",2.94943820224719,10.9550561797753,35.1123595505618,31.8820224719101,66.9943820224719,22.0505617977528,3.22097378370787,18.2350187275281,14.6072186878981,82.6963906624204,356,2.94943820224719,10.9550561797753,35.1123595505618,31.8820224719101,66.9943820224719,22.0505617977528,3.22097378370787,18.2350187275281,14.6072186878981,82.6963906624204
"AF0399","1","SE",356,72,170.5,44,214.5,69.5,5.566666667,63.01666667,12.5,"1",3.51123595505618,20.2247191011236,47.8932584269663,12.3595505617978,60.252808988764,19.5224719101124,1.56367041207865,17.7013108623596,8.00959232661871,90.6714628345324,356,3.51123595505618,20.2247191011236,47.8932584269663,12.3595505617978,60.252808988764,19.5224719101124,1.56367041207865,17.7013108623596,8.00959232661871,90.6714628345324
"AF0406","1","SE",356,29.5,141,98,239,87.5,12.33333333,71.9,10,"2",2.80898876404494,8.28651685393258,39.6067415730337,27.5280898876405,67.1348314606742,24.5786516853933,3.4644194747191,20.1966292134831,14.0952380914286,82.1714285714286,356,2.80898876404494,8.28651685393258,39.6067415730337,27.5280898876405,67.1348314606742,24.5786516853933,3.4644194747191,20.1966292134831,14.0952380914286,82.1714285714286
"AF409","1","SE",356,13.5,136,115.5,251.5,91,9.5,77.38333333,1,"2",0.280898876404494,3.79213483146067,38.2022471910112,32.4438202247191,70.6460674157303,25.561797752809,2.6685393258427,21.7368913848315,10.4395604395604,85.036630032967,356,0.280898876404494,3.79213483146067,38.2022471910112,32.4438202247191,70.6460674157303,25.561797752809,2.6685393258427,21.7368913848315,10.4395604395604,85.036630032967
"AF0411","1","SE",356,22,102,144,246,88,4.383333333,82.11666667,2,"2",0.561797752808989,6.17977528089888,28.6516853932584,40.4494382022472,69.1011235955056,24.7191011235955,1.23127340814607,23.0664794016854,4.98106060568182,93.3143939431818,356,0.561797752808989,6.17977528089888,28.6516853932584,40.4494382022472,69.1011235955056,24.7191011235955,1.23127340814607,23.0664794016854,4.98106060568182,93.3143939431818
"AF0421","1","SE",356,33,115.5,121.5,237,86,8.383333333,75.35,1,"2",0.280898876404494,9.26966292134832,32.4438202247191,34.1292134831461,66.5730337078652,24.1573033707865,2.35486891376405,21.1657303370786,9.74806201511628,87.6162790697674,356,0.280898876404494,9.26966292134832,32.4438202247191,34.1292134831461,66.5730337078652,24.1573033707865,2.35486891376405,21.1657303370786,9.74806201511628,87.6162790697674
"AF0431","1","SE",356,39,105.5,126,231.5,85.5,4.183333333,78.76666667,1.5,"2",0.421348314606742,10.9550561797753,29.6348314606742,35.3932584269663,65.0280898876404,24.0168539325843,1.17509363286517,22.1254681657303,4.89278752397661,92.1247563391813,356,0.421348314606742,10.9550561797753,29.6348314606742,35.3932584269663,65.0280898876404,24.0168539325843,1.17509363286517,22.1254681657303,4.89278752397661,92.1247563391813
"AF0438","1","SE",356,23,144,93,237,96,8.3,87.28333333,0,"2",0,6.46067415730337,40.4494382022472,26.123595505618,66.5730337078652,26.9662921348315,2.3314606741573,24.517790261236,8.64583333333333,90.9201388854167,356,0,6.46067415730337,40.4494382022472,26.123595505618,66.5730337078652,26.9662921348315,2.3314606741573,24.517790261236,8.64583333333333,90.9201388854167
"AF0465","1","SE",356,27.5,136.5,87,223.5,105,10.55,93.7,0.5,"1",0.140449438202247,7.7247191011236,38.3426966292135,24.438202247191,62.7808988764045,29.4943820224719,2.96348314606742,26.3202247191011,10.047619047619,89.2380952380952,356,0.140449438202247,7.7247191011236,38.3426966292135,24.438202247191,62.7808988764045,29.4943820224719,2.96348314606742,26.3202247191011,10.047619047619,89.2380952380952
"AF0467","1","SE",356,29,110.5,136,246.5,80.5,2.35,77.1,0,"1",0,8.14606741573034,31.0393258426966,38.2022471910112,69.2415730337079,22.6123595505618,0.660112359550562,21.6573033707865,2.91925465838509,95.7763975155279,356,0,8.14606741573034,31.0393258426966,38.2022471910112,69.2415730337079,22.6123595505618,0.660112359550562,21.6573033707865,2.91925465838509,95.7763975155279
"AF0468","1","SE",356,50,88,140,228,78,8.566666667,67.05,11,"1",3.08988764044944,14.0449438202247,24.7191011235955,39.3258426966292,64.0449438202247,21.9101123595506,2.40636704129213,18.8342696629213,10.9829059833333,85.9615384615385,356,3.08988764044944,14.0449438202247,24.7191011235955,39.3258426966292,64.0449438202247,21.9101123595506,2.40636704129213,18.8342696629213,10.9829059833333,85.9615384615385
"AF0469","1","SE",356,21,145,103.5,248.5,86.5,3.616666667,82.36666667,8.5,"1",2.3876404494382,5.89887640449438,40.7303370786517,29.0730337078652,69.8033707865169,24.2977528089888,1.01591760308989,23.1367041207865,4.18111753410405,95.2215799653179,356,2.3876404494382,5.89887640449438,40.7303370786517,29.0730337078652,69.8033707865169,24.2977528089888,1.01591760308989,23.1367041207865,4.18111753410405,95.2215799653179
"AF0490","1","SE",356,35.5,140,108.5,248.5,72,3.433333333,67.46666667,8,"2",2.24719101123596,9.97191011235955,39.3258426966292,30.4775280898876,69.8033707865169,20.2247191011236,0.964419475561798,18.9513108623595,4.76851851805556,93.7037037083333,356,2.24719101123596,9.97191011235955,39.3258426966292,30.4775280898876,69.8033707865169,20.2247191011236,0.964419475561798,18.9513108623595,4.76851851805556,93.7037037083333
"AF0496","1","SE",356,42.5,154.5,85.5,240,73.5,19.21666667,52.98333333,3.5,"1",0.98314606741573,11.938202247191,43.3988764044944,24.0168539325843,67.4157303370787,20.6460674157303,5.3979400758427,14.8829588005618,26.1451247210884,72.0861677959184,356,0.98314606741573,11.938202247191,43.3988764044944,24.0168539325843,67.4157303370787,20.6460674157303,5.3979400758427,14.8829588005618,26.1451247210884,72.0861677959184
"AF0165","1","SR",356,42.5,129,131.5,260.5,53,12.25,39.6,17.5,"2",4.91573033707865,11.938202247191,36.2359550561798,36.938202247191,73.1741573033708,14.8876404494382,3.44101123595506,11.123595505618,23.1132075471698,74.7169811320755,356,4.91573033707865,11.938202247191,36.2359550561798,36.938202247191,73.1741573033708,14.8876404494382,3.44101123595506,11.123595505618,23.1132075471698,74.7169811320755
"AF0170","1","SR",356,51,149,86,235,70,3.9,64.66666667,2,"2",0.561797752808989,14.3258426966292,41.8539325842697,24.1573033707865,66.0112359550562,19.6629213483146,1.09550561797753,18.164794008427,5.57142857142857,92.3809523857143,356,0.561797752808989,14.3258426966292,41.8539325842697,24.1573033707865,66.0112359550562,19.6629213483146,1.09550561797753,18.164794008427,5.57142857142857,92.3809523857143
"AF0182","1","SR",356,31.5,177.5,77.5,255,69.5,16.46666667,50.35,2,"1",0.561797752808989,8.84831460674157,49.8595505617978,21.7696629213483,71.6292134831461,19.5224719101124,4.62546816573034,14.1432584269663,23.6930455683453,72.4460431654676,356,0.561797752808989,8.84831460674157,49.8595505617978,21.7696629213483,71.6292134831461,19.5224719101124,4.62546816573034,14.1432584269663,23.6930455683453,72.4460431654676
"AF0205","1","SR",356,NA,NA,NA,NA,NA,NA,NA,NA,"2",NA,NA,NA,NA,NA,NA,NA,NA,NA,NA,356,NA,NA,NA,NA,NA,NA,NA,NA,NA,NA
"AF0214","1","SR",356,9.5,124.5,167,291.5,55,5.716666667,49.08333333,1,"2",0.280898876404494,2.6685393258427,34.9719101123596,46.9101123595506,81.8820224719101,15.4494382022472,1.60580524353933,13.7874531825843,10.3939393945455,89.2424242363636,356,0.280898876404494,2.6685393258427,34.9719101123596,46.9101123595506,81.8820224719101,15.4494382022472,1.60580524353933,13.7874531825843,10.3939393945455,89.2424242363636
"AF0233","1","SR",356,60.5,140.5,91,231.5,64,4.533333333,57.45,0,"1",0,16.9943820224719,39.4662921348315,25.561797752809,65.0280898876404,17.9775280898876,1.27340823960674,16.1376404494382,7.0833333328125,89.765625,356,0,16.9943820224719,39.4662921348315,25.561797752809,65.0280898876404,17.9775280898876,1.27340823960674,16.1376404494382,7.0833333328125,89.765625
"AF0250","1","SR",356,24.5,104.5,137,241.5,90,8.016666667,80.53333333,1,"2",0.280898876404494,6.88202247191011,29.3539325842697,38.4831460674157,67.8370786516854,25.2808988764045,2.25187265926966,22.6217228455056,8.90740740777778,89.4814814777778,356,0.280898876404494,6.88202247191011,29.3539325842697,38.4831460674157,67.8370786516854,25.2808988764045,2.25187265926966,22.6217228455056,8.90740740777778,89.4814814777778
"AF0256","1","SR",356,15,127,113,240,101,0.116666667,98.11666667,0.5,"1",0.140449438202247,4.21348314606742,35.6741573033708,31.7415730337079,67.4157303370787,28.3707865168539,0.0327715356741573,27.5608614241573,0.115511551485149,97.1452145247525,356,0.140449438202247,4.21348314606742,35.6741573033708,31.7415730337079,67.4157303370787,28.3707865168539,0.0327715356741573,27.5608614241573,0.115511551485149,97.1452145247525
"AF0280","1","SR",356,37,104,113,217,102,14.5,86.38333333,2.5,"1",0.702247191011236,10.3932584269663,29.2134831460674,31.7415730337079,60.9550561797753,28.6516853932584,4.07303370786517,24.2649812724719,14.2156862745098,84.6895424803921,356,0.702247191011236,10.3932584269663,29.2134831460674,31.7415730337079,60.9550561797753,28.6516853932584,4.07303370786517,24.2649812724719,14.2156862745098,84.6895424803921
"AF0286","1","SR",356,40,192,45.5,237.5,78.5,3.783333333,74.45,7,"1",1.96629213483146,11.2359550561798,53.9325842696629,12.7808988764045,66.7134831460674,22.0505617977528,1.06273408230337,20.9129213483146,4.81953290828025,94.8407643312102,356,1.96629213483146,11.2359550561798,53.9325842696629,12.7808988764045,66.7134831460674,22.0505617977528,1.06273408230337,20.9129213483146,4.81953290828025,94.8407643312102
"AF0288","1","SR",356,34.5,196.5,49.5,246,75.5,0.3,74.23333333,7.5,"2",2.10674157303371,9.69101123595506,55.1966292134831,13.9044943820225,69.1011235955056,21.2078651685393,0.0842696629213483,20.8520599241573,0.397350993377483,98.3222958013245,356,2.10674157303371,9.69101123595506,55.1966292134831,13.9044943820225,69.1011235955056,21.2078651685393,0.0842696629213483,20.8520599241573,0.397350993377483,98.3222958013245
"AF0295","1","SR",356,27,189,67.5,256.5,72.5,10.76666667,59.5,23.5,"2",6.60112359550562,7.58426966292135,53.0898876404494,18.9606741573034,72.0505617977528,20.3651685393258,3.02434457022472,16.7134831460674,14.8505747172414,82.0689655172414,356,6.60112359550562,7.58426966292135,53.0898876404494,18.9606741573034,72.0505617977528,20.3651685393258,3.02434457022472,16.7134831460674,14.8505747172414,82.0689655172414
"AF0307","1","SR",356,23.5,98,106,204,128.5,14.05,110.3333333,37.5,"2",10.5337078651685,6.60112359550562,27.5280898876405,29.7752808988764,57.3033707865169,36.0955056179775,3.94662921348315,30.9925093539326,10.9338521400778,85.8625161867704,356,10.5337078651685,6.60112359550562,27.5280898876405,29.7752808988764,57.3033707865169,36.0955056179775,3.94662921348315,30.9925093539326,10.9338521400778,85.8625161867704
"AF0309","1","SR",356,34.5,126,104.5,230.5,91,19.06666667,67.35,5,"2",1.40449438202247,9.69101123595506,35.3932584269663,29.3539325842697,64.747191011236,25.561797752809,5.35580524438202,18.9185393258427,20.952380956044,74.010989010989,356,1.40449438202247,9.69101123595506,35.3932584269663,29.3539325842697,64.747191011236,25.561797752809,5.35580524438202,18.9185393258427,20.952380956044,74.010989010989
"AF0314","1","SR",356,16,67.5,163.5,231,109,13.15,94.45,9,"1",2.52808988764045,4.49438202247191,18.9606741573034,45.9269662921348,64.8876404494382,30.6179775280899,3.6938202247191,26.5308988764045,12.0642201834862,86.651376146789,356,2.52808988764045,4.49438202247191,18.9606741573034,45.9269662921348,64.8876404494382,30.6179775280899,3.6938202247191,26.5308988764045,12.0642201834862,86.651376146789
"AF0318","1","SR",356,57.5,153,67,220,78.5,5.483333333,71.35,5.5,"2",1.54494382022472,16.1516853932584,42.9775280898876,18.8202247191011,61.7977528089888,22.0505617977528,1.54026217219101,20.0421348314607,6.98513800382166,90.8917197452229,356,1.54494382022472,16.1516853932584,42.9775280898876,18.8202247191011,61.7977528089888,22.0505617977528,1.54026217219101,20.0421348314607,6.98513800382166,90.8917197452229
"AF0320","1","SR",356,52,129.5,81,210.5,93.5,15.46666667,76.85,86,"1",24.1573033707865,14.6067415730337,36.376404494382,22.752808988764,59.1292134831461,26.2640449438202,4.34456928932584,21.5870786516854,16.541889486631,82.192513368984,356,24.1573033707865,14.6067415730337,36.376404494382,22.752808988764,59.1292134831461,26.2640449438202,4.34456928932584,21.5870786516854,16.541889486631,82.192513368984
"AF0336","1","SR",356,27.5,138.5,99,237.5,91,8.016666667,81.35,14.5,"2",4.07303370786517,7.7247191011236,38.9044943820225,27.8089887640449,66.7134831460674,25.561797752809,2.25187265926966,22.8511235955056,8.80952380989011,89.3956043956044,356,4.07303370786517,7.7247191011236,38.9044943820225,27.8089887640449,66.7134831460674,25.561797752809,2.25187265926966,22.8511235955056,8.80952380989011,89.3956043956044
"AF0355","1","SR",356,15.5,130.5,105,235.5,105,9.033333333,93.56666667,2,"1",0.561797752808989,4.35393258426966,36.6573033707865,29.4943820224719,66.1516853932584,29.4943820224719,2.53745318342697,26.2827715365169,8.60317460285714,89.1111111142857,356,0.561797752808989,4.35393258426966,36.6573033707865,29.4943820224719,66.1516853932584,29.4943820224719,2.53745318342697,26.2827715365169,8.60317460285714,89.1111111142857
"AF0361","1","SR",356,36.5,151,74,225,94.5,18.23333333,75.35,14,"1",3.93258426966292,10.252808988764,42.4157303370786,20.7865168539326,63.2022471910112,26.5449438202247,5.12172284550562,21.1657303370786,19.2945326243386,79.7354497354497,356,3.93258426966292,10.252808988764,42.4157303370786,20.7865168539326,63.2022471910112,26.5449438202247,5.12172284550562,21.1657303370786,19.2945326243386,79.7354497354497
"AF0378","1","SR",356,45,106.5,114.5,221,90,2.4,83.65,21,"1",5.89887640449438,12.6404494382022,29.9157303370786,32.1629213483146,62.0786516853933,25.2808988764045,0.674157303370786,23.497191011236,2.66666666666667,92.9444444444445,356,5.89887640449438,12.6404494382022,29.9157303370786,32.1629213483146,62.0786516853933,25.2808988764045,0.674157303370786,23.497191011236,2.66666666666667,92.9444444444445
"AF0386","1","SR",356,24.5,136.5,126,262.5,69,2.55,65.11666667,5,"1",1.40449438202247,6.88202247191011,38.3426966292135,35.3932584269663,73.7359550561798,19.3820224719101,0.716292134831461,18.291198502809,3.69565217391304,94.3719806811594,356,1.40449438202247,6.88202247191011,38.3426966292135,35.3932584269663,73.7359550561798,19.3820224719101,0.716292134831461,18.291198502809,3.69565217391304,94.3719806811594
"AF0388","1","SR",356,33,118.5,102,220.5,102.5,6.983333333,88.8,3.5,"1",0.98314606741573,9.26966292134832,33.2865168539326,28.6516853932584,61.938202247191,28.7921348314607,1.96161048679775,24.9438202247191,6.8130081297561,86.6341463414634,356,0.98314606741573,9.26966292134832,33.2865168539326,28.6516853932584,61.938202247191,28.7921348314607,1.96161048679775,24.9438202247191,6.8130081297561,86.6341463414634
"AF0399","1","SR",356,29.5,156.5,66.5,223,103.5,14.96666667,85.26666667,23.5,"1",6.60112359550562,8.28651685393258,43.9606741573034,18.6797752808989,62.6404494382023,29.0730337078652,4.2041198511236,23.9513108623596,14.4605475072464,82.3832528212561,356,6.60112359550562,8.28651685393258,43.9606741573034,18.6797752808989,62.6404494382023,29.0730337078652,4.2041198511236,23.9513108623596,14.4605475072464,82.3832528212561
"AF0406","1","SR",356,35,127.5,114.5,242,79,6.333333333,70.31666667,2,"2",0.561797752808989,9.8314606741573,35.814606741573,32.1629213483146,67.9775280898876,22.1910112359551,1.77902621713483,19.7518726601124,8.01687763670886,89.0084388227848,356,0.561797752808989,9.8314606741573,35.814606741573,32.1629213483146,67.9775280898876,22.1910112359551,1.77902621713483,19.7518726601124,8.01687763670886,89.0084388227848
"AF409","1","SR",356,11.5,105.5,124.5,230,114.5,4.166666667,104.5166667,0,"2",0,3.23033707865169,29.6348314606742,34.9719101123596,64.6067415730337,32.1629213483146,1.17041198511236,29.358614241573,3.63901018951965,91.2809316157205,356,0,3.23033707865169,29.6348314606742,34.9719101123596,64.6067415730337,32.1629213483146,1.17041198511236,29.358614241573,3.63901018951965,91.2809316157205
"AF0411","1","SR",356,19,118,141.5,259.5,77.5,5.966666667,70.9,0,"2",0,5.33707865168539,33.1460674157303,39.747191011236,72.8932584269663,21.7696629213483,1.67602996264045,19.9157303370787,7.6989247316129,91.4838709677419,356,0,5.33707865168539,33.1460674157303,39.747191011236,72.8932584269663,21.7696629213483,1.67602996264045,19.9157303370787,7.6989247316129,91.4838709677419
"AF0421","1","SR",356,31.5,109,117.5,226.5,98,8.216666667,86.65,1,"2",0.280898876404494,8.84831460674157,30.6179775280899,33.0056179775281,63.623595505618,27.5280898876405,2.30805243455056,24.3398876404494,8.38435374183674,88.4183673469388,356,0.280898876404494,8.84831460674157,30.6179775280899,33.0056179775281,63.623595505618,27.5280898876405,2.30805243455056,24.3398876404494,8.38435374183674,88.4183673469388
"AF0431","1","SR",356,32,116.5,117.5,234,90,3.283333333,85.36666667,0,"2",0,8.98876404494382,32.7247191011236,33.0056179775281,65.7303370786517,25.2808988764045,0.922284644101124,23.97940075,3.64814814777778,94.8518518555556,356,0,8.98876404494382,32.7247191011236,33.0056179775281,65.7303370786517,25.2808988764045,0.922284644101124,23.97940075,3.64814814777778,94.8518518555556
"AF0438","1","SR",356,22.5,153.5,87.5,241,92.5,5.716666667,85.81666667,5,"2",1.40449438202247,6.32022471910112,43.1179775280899,24.5786516853933,67.6966292134831,25.9831460674157,1.60580524353933,24.105805244382,6.18018018054054,92.7747747783784,356,1.40449438202247,6.32022471910112,43.1179775280899,24.5786516853933,67.6966292134831,25.9831460674157,1.60580524353933,24.105805244382,6.18018018054054,92.7747747783784
"AF0465","1","SR",356,18,132,113.5,245.5,92.5,10.91666667,80.33333333,1.5,"1",0.421348314606742,5.0561797752809,37.0786516853933,31.8820224719101,68.9606741573034,25.9831460674157,3.06647940168539,22.5655430702247,11.8018018054054,86.8468468432432,356,0.421348314606742,5.0561797752809,37.0786516853933,31.8820224719101,68.9606741573034,25.9831460674157,3.06647940168539,22.5655430702247,11.8018018054054,86.8468468432432
"AF0467","1","SR",356,27.5,102,120,222,106.5,2.183333333,103.2833333,0,"1",0,7.7247191011236,28.6516853932584,33.7078651685393,62.3595505617977,29.9157303370786,0.61329588005618,29.0121722752809,2.05007824694836,96.9796556807512,356,0,7.7247191011236,28.6516853932584,33.7078651685393,62.3595505617977,29.9157303370786,0.61329588005618,29.0121722752809,2.05007824694836,96.9796556807512
"AF0468","1","SR",356,44,112.5,125,237.5,74.5,7.166666667,64.7,5,"1",1.40449438202247,12.3595505617978,31.6011235955056,35.1123595505618,66.7134831460674,20.9269662921348,2.01310861432584,18.1741573033708,9.61968680134228,86.8456375838926,356,1.40449438202247,12.3595505617978,31.6011235955056,35.1123595505618,66.7134831460674,20.9269662921348,2.01310861432584,18.1741573033708,9.61968680134228,86.8456375838926
"AF0469","1","SR",356,18,106.5,144,250.5,87.5,3.916666667,78.21666667,6.5,"1",1.82584269662921,5.0561797752809,29.9157303370786,40.4494382022472,70.3651685393258,24.5786516853933,1.10018726601124,21.9709737837079,4.47619047657143,89.3904761942857,356,1.82584269662921,5.0561797752809,29.9157303370786,40.4494382022472,70.3651685393258,24.5786516853933,1.10018726601124,21.9709737837079,4.47619047657143,89.3904761942857
"AF0490","1","SR",356,40.5,78.5,123.5,202,113.5,2.45,109.7166667,1.5,"2",0.421348314606742,11.376404494382,22.0505617977528,34.6910112359551,56.7415730337079,31.8820224719101,0.688202247191011,30.8192883988764,2.15859030837004,96.6666666960352,356,0.421348314606742,11.376404494382,22.0505617977528,34.6910112359551,56.7415730337079,31.8820224719101,0.688202247191011,30.8192883988764,2.15859030837004,96.6666666960352
"AF0496","1","SR",356,38,163,106,269,49,9.85,38.01666667,27.5,"1",7.7247191011236,10.6741573033708,45.7865168539326,29.7752808988764,75.561797752809,13.7640449438202,2.76685393258427,10.6788389522472,20.1020408163265,77.5850340204082,356,7.7247191011236,10.6741573033708,45.7865168539326,29.7752808988764,75.561797752809,13.7640449438202,2.76685393258427,10.6788389522472,20.1020408163265,77.5850340204082
"AF0165","2","SE",286.5,43,91.5,103.5,195,48.5,10.38333333,36.9,3.5,"2",1.2216404886562,15.0087260034904,31.9371727748691,36.1256544502618,68.0628272251309,16.9284467713787,3.62420011518325,12.8795811518325,21.4089347010309,76.0824742268041,356,2.10674157303371,9.8314606741573,33.9887640449438,40.3089887640449,74.2977528089888,15.8707865168539,3.41760299719101,12.2284644185393,21.5339233097345,77.0501474867257
"AF0170","2","SE",286.5,38.5,100,74,174,74,3.8,67.96666667,2,"2",0.698080279232112,13.4380453752181,34.9040139616056,25.8289703315881,60.7329842931937,25.8289703315881,1.32635253054101,23.7230948237347,5.13513513513514,91.8468468513513,356,2.24719101123596,8.98876404494382,38.4831460674157,25.1404494382022,63.623595505618,27.3876404494382,1.13295880140449,25.688202247191,4.13675213641026,93.7948717948718
"AF0182","2","SE",286.5,28,158,56,214,44.5,11.35,32.45,4.5,"1",1.57068062827225,9.77312390924956,55.1483420593368,19.5462478184991,74.694589877836,15.5322862129145,3.96160558464223,11.326352530541,25.5056179775281,72.9213483146067,356,1.12359550561798,10.252808988764,41.9943820224719,25.7022471910112,67.6966292134831,22.0505617977528,4.30711610393258,17.1488764044944,19.5329087006369,77.7707006369427
"AF0205","2","SE",286.5,53,107,73,180,53.5,1.166666667,52.01666667,42,"2",14.6596858638743,18.499127399651,37.347294938918,25.4799301919721,62.82722513089,18.673647469459,0.407213496335079,18.1559045968586,2.18068535887851,97.2274143364486,356,NA,NA,NA,NA,NA,NA,NA,NA,NA,NA
"AF0214","2","SE",286.5,20.5,79,136.5,215.5,50.5,3.15,47,3.5,"2",1.2216404886562,7.15532286212914,27.5741710296684,47.6439790575916,75.21815008726,17.6265270506108,1.09947643979058,16.4048865619546,6.23762376237624,93.0693069306931,356,0.98314606741573,5.0561797752809,21.3483146067416,60.814606741573,82.1629213483146,12.7808988764045,1.13295880140449,11.4981273398876,8.86446886373626,89.963369956044
"AF0233","2","SE",286.5,63,75,95.5,170.5,53,2.366666667,49.46666667,1,"1",0.349040139616056,21.9895287958115,26.1780104712042,33.3333333333333,59.5113438045375,18.499127399651,0.826061663874346,17.2658522408377,4.46540880566038,93.3333333396227,356,0.561797752808989,15.3089887640449,42.2752808988764,20.5056179775281,62.7808988764045,21.9101123595506,0.26685393258427,21.1610486882022,1.21794871794872,96.5811965769231
"AF0250","2","SE",286.5,29.5,82,94.5,176.5,80.5,12.6,66.5,1.5,"2",0.523560209424084,10.2966841186736,28.6212914485166,32.9842931937173,61.6055846422339,28.0977312390925,4.3979057591623,23.2111692844677,15.6521739130435,82.6086956521739,356,0.140449438202247,7.02247191011236,35.3932584269663,29.4943820224719,64.8876404494382,28.0898876404494,3.07116104775281,24.7378277162921,10.93333333,88.06666667
"AF0256","2","SE",286.5,24,105.5,83,188.5,74,1.05,71.26666667,0,"1",0,8.37696335078534,36.8237347294939,28.9703315881326,65.7940663176265,25.8289703315881,0.366492146596859,24.8749272844677,1.41891891891892,96.3063063108108,356,1.82584269662921,9.26966292134832,38.2022471910112,22.4719101123595,60.6741573033708,30.0561797752809,0.847378277247191,28.5299625561798,2.81931464205607,94.922118411215
"AF0280","2","SE",286.5,25,94.5,98,192.5,69,6.966666667,61.01666667,2,"1",0.698080279232112,8.7260034904014,32.9842931937173,34.2059336823735,67.1902268760907,24.0837696335079,2.4316463061082,21.2972658534031,10.096618357971,88.4299516956522,356,0.702247191011236,8.70786516853933,40.1685393258427,26.685393258427,66.8539325842697,24.438202247191,2.21910112359551,21.8586142331461,9.08045977011494,89.4444444482759
"AF0286","2","SE",286.5,26,171,43.5,214.5,46,3.8,41.71666667,5.5,"1",1.91972076788831,9.07504363001745,59.6858638743455,15.1832460732984,74.869109947644,16.0558464223386,1.32635253054101,14.5607911588133,8.26086956521739,90.6884058043478,356,2.80898876404494,10.5337078651685,58.2865168539326,9.41011235955056,67.6966292134831,21.7696629213483,1.02996254691011,20.5992509353933,4.73118279612903,94.6236559096774
"AF0288","2","SE",286.5,27,143.5,47.5,191,68.5,3.966666667,64.03333333,0.5,"2",0.174520069808028,9.42408376963351,50.087260034904,16.5794066317627,66.6666666666667,23.9092495636998,1.38452588726003,22.3502036055846,5.79075425839416,93.479318729927,356,0,10.814606741573,49.8595505617978,13.2022471910112,63.061797752809,26.123595505618,1.94756554297753,23.9934456938202,7.45519713225807,91.8458781397849
"AF0295","2","SE",286.5,38.5,138,45,183,65,5.166666667,58.36666667,8,"2",2.79232111692845,13.4380453752181,48.1675392670157,15.7068062827225,63.8743455497382,22.6876090750436,1.8033740547993,20.3723094834206,7.94871794923077,89.7948718,356,4.7752808988764,12.9213483146067,52.6685393258427,10.5337078651685,63.2022471910112,23.876404494382,1.97565543061798,21.4934456938202,8.27450980352941,90.0196078470588
"AF0307","2","SE",286.5,25.5,116,97.5,213.5,47.5,6.383333333,40.75,1,"2",0.349040139616056,8.90052356020942,40.4886561954625,34.0314136125654,74.5200698080279,16.5794066317627,2.22803955776614,14.2233856893543,13.4385964905263,85.7894736842105,356,0.561797752808989,6.32022471910112,35.6741573033708,35.6741573033708,71.3483146067416,22.3314606741573,2.46722846432584,19.5692883904494,11.0482180289308,87.6310272578616
"AF0309","2","SE",286.5,24.5,82.5,115.5,198,64,12.53333333,47.25,4.5,"2",1.57068062827225,8.55148342059337,28.7958115183246,40.3141361256544,69.1099476439791,22.3385689354276,4.37463641535777,16.4921465968586,19.583333328125,73.828125,356,2.24719101123596,8.70786516853933,31.7415730337079,29.9157303370786,61.6573033707865,29.6348314606742,4.77059925,23.7687265926966,16.0979462843602,80.2053712511848
"AF0314","2","SE",286.5,16.5,92,128,220,50,8.3,40.43333333,9,"1",3.1413612565445,5.75916230366492,32.1116928446771,44.6771378708551,76.7888307155323,17.4520069808028,2.89703315881326,14.1128563106457,16.6,80.86666666,356,3.23033707865169,5.0561797752809,30.4775280898876,41.7134831460674,72.1910112359551,22.752808988764,2.71067415730337,19.2649812724719,11.9135802469136,84.6707818888889
"AF0318","2","SE",286.5,54.5,148,42.5,190.5,41.5,1.716666667,39.08333333,12,"2",4.18848167539267,19.022687609075,51.6579406631763,14.8342059336824,66.4921465968586,14.4851657940663,0.599185573123909,13.6416521221641,4.13654618554217,94.1767068192771,356,2.80898876404494,16.2921348314607,43.6797752808989,18.2584269662921,61.938202247191,21.7696629213483,1.37640449438202,20.1404494382022,6.32258064516129,92.5161290322581
"AF0320","2","SE",286.5,35.5,110,66.5,176.5,74.5,4.766666667,66.41666667,1,"1",0.349040139616056,12.39092495637,38.3944153577661,23.2111692844677,61.6055846422339,26.0034904013962,1.66375799895288,23.1820826073298,6.39821029127517,89.149888147651,356,0.280898876404494,8.42696629213483,46.0674157303371,19.2415730337079,65.3089887640449,26.2640449438202,2.3876404494382,22.8136704129213,9.09090909090909,86.8627451016043
"AF0336","2","SE",286.5,30.5,124.5,83,207.5,48.5,4.616666667,43,14.5,"2",5.06108202443281,10.6457242582897,43.455497382199,28.9703315881326,72.4258289703316,16.9284467713787,1.61140197801047,15.0087260034904,9.5189003443299,88.659793814433,356,3.65168539325843,7.7247191011236,49.1573033707865,21.6292134831461,70.7865168539326,21.4887640449438,2.16760299634831,18.9606741573034,10.0871459699346,88.2352941176471
"AF0355","2","SE",286.5,20.5,93,107.5,200.5,65.5,7.733333333,56.9,1.5,"1",0.523560209424084,7.15532286212914,32.4607329842932,37.521815008726,69.9825479930192,22.8621291448517,2.69924374624782,19.8603839441536,11.8066157755725,86.8702290076336,356,0.140449438202247,6.32022471910112,34.1292134831461,35.3932584269663,69.5224719101124,24.1573033707865,1.03464419466292,14.3024344578652,4.28294573604651,59.2054263604651
"AF0361","2","SE",286.5,33,144,77,221,32.5,4.5,27.63333333,8,"1",2.79232111692845,11.5183246073298,50.261780104712,26.8760907504363,77.1378708551483,11.3438045375218,1.57068062827225,9.64514252356021,13.8461538461538,85.0256410153846,356,9.97191011235955,23.0337078651685,40.1685393258427,16.5730337078652,56.7415730337079,20.2247191011236,2.17696629213483,17.7247191011236,10.7638888888889,87.6388888888889
"AF0378","2","SE",NA,NA,NA,NA,NA,NA,NA,NA,NA,"1",NA,NA,NA,NA,NA,NA,NA,NA,NA,NA,356,10.9550561797753,24.7191011235955,33.1460674157303,26.4044943820225,59.5505617977528,15.7303370786517,1.34831460674157,13.8389513117978,8.57142857142857,87.9761904821429
"AF0386","2","SE",286.5,28,122,88.5,210.5,48,2.066666667,45.36666667,2.5,"1",0.87260034904014,9.77312390924956,42.5828970331588,30.8900523560209,73.4729493891798,16.7539267015707,0.721349621989529,15.8347876684119,4.30555555625,94.5138888958333,356,9.41011235955056,13.061797752809,43.6797752808989,28.9325842696629,72.6123595505618,14.3258426966292,0.533707865168539,13.5486891376404,3.72549019607843,94.5751633921569
"AF0388","2","SE",286.5,32,101,102,203,51.5,6.2,42.96666667,10.5,"1",3.66492146596859,11.1692844677138,35.2530541012216,35.6020942408377,70.8551483420593,17.9755671902269,2.16404886561955,14.9970913333333,12.0388349514563,83.4304207184466,356,2.94943820224719,10.9550561797753,35.1123595505618,31.8820224719101,66.9943820224719,22.0505617977528,3.22097378370787,18.2350187275281,14.6072186878981,82.6963906624204
"AF0399","2","SE",NA,NA,NA,NA,NA,NA,NA,NA,NA,"1",NA,NA,NA,NA,NA,NA,NA,NA,NA,NA,356,3.51123595505618,20.2247191011236,47.8932584269663,12.3595505617978,60.252808988764,19.5224719101124,1.56367041207865,17.7013108623596,8.00959232661871,90.6714628345324
"AF0406","2","SE",286.5,23.5,111,117,228,35,3.883333333,30.26666667,0,"2",0,8.20244328097731,38.7434554973822,40.8376963350785,79.5811518324607,12.216404886562,1.355439208726,10.5642815602094,11.0952380942857,86.4761904857143,356,2.80898876404494,8.28651685393258,39.6067415730337,27.5280898876405,67.1348314606742,24.5786516853933,3.4644194747191,20.1966292134831,14.0952380914286,82.1714285714286
"AF409","2","SE",286.5,15.5,93,99,192,79,8.116666667,69.06666667,0,"2",0,5.41012216404887,32.4607329842932,34.5549738219895,67.0157068062827,27.5741710296684,2.83304246666667,24.1070389773124,10.2742616037975,87.4261603417721,356,0.280898876404494,3.79213483146067,38.2022471910112,32.4438202247191,70.6460674157303,25.561797752809,2.6685393258427,21.7368913848315,10.4395604395604,85.036630032967
"AF0411","2","SE",286.5,17.5,92.5,117.5,210,59,2.233333333,55.61666667,0,"2",0,6.10820244328098,32.2862129144852,41.0122164048866,73.2984293193717,20.5933682373473,0.779522978359511,19.4124490994764,3.78531073389831,94.2655367288136,356,0.561797752808989,6.17977528089888,28.6516853932584,40.4494382022472,69.1011235955056,24.7191011235955,1.23127340814607,23.0664794016854,4.98106060568182,93.3143939431818
"AF0421","2","SE",286.5,36,102,101,203,47.5,4.9,40.9,3,"2",1.04712041884817,12.565445026178,35.6020942408377,35.2530541012216,70.8551483420593,16.5794066317627,1.71029668411867,14.2757417102967,10.3157894736842,86.1052631578947,356,0.280898876404494,9.26966292134832,32.4438202247191,34.1292134831461,66.5730337078652,24.1573033707865,2.35486891376405,21.1657303370786,9.74806201511628,87.6162790697674
"AF0431","2","SE",286.5,22,115,93.5,208.5,56,2.666666667,52.35,0,"2",0,7.67888307155323,40.1396160558464,32.6352530541012,72.7748691099476,19.5462478184991,0.930773705759162,18.2722513089005,4.7619047625,93.4821428571429,356,0.421348314606742,10.9550561797753,29.6348314606742,35.3932584269663,65.0280898876404,24.0168539325843,1.17509363286517,22.1254681657303,4.89278752397661,92.1247563391813
"AF0438","2","SE",286.5,18.5,90,87,177,91,10.28333333,79.8,0,"2",0,6.45724258289703,31.413612565445,30.3664921465969,61.7801047120419,31.7626527050611,3.58929610122164,27.8534031413613,11.3003662967033,87.6923076923077,356,0,6.46067415730337,40.4494382022472,26.123595505618,66.5730337078652,26.9662921348315,2.3314606741573,24.517790261236,8.64583333333333,90.9201388854167
"AF0465","2","SE",286.5,15.5,100.5,86,186.5,84.5,11.83333333,71.38333333,0,"1",0,5.41012216404887,35.0785340314136,30.0174520069808,65.0959860383944,29.4938917975567,4.13030831762653,24.9156486317627,14.0039447692308,84.4773175502959,356,0.140449438202247,7.7247191011236,38.3426966292135,24.438202247191,62.7808988764045,29.4943820224719,2.96348314606742,26.3202247191011,10.047619047619,89.2380952380952
"AF0467","2","SE",286.5,13,87.5,114.5,202,71.5,1.816666667,68.7,0,"1",0,4.53752181500873,30.5410122164049,39.9650959860384,70.5061082024433,24.956369982548,0.634089587085515,23.979057591623,2.54079254125874,96.0839160839161,356,0,8.14606741573034,31.0393258426966,38.2022471910112,69.2415730337079,22.6123595505618,0.660112359550562,21.6573033707865,2.91925465838509,95.7763975155279
"AF0468","2","SE",286.5,43,92.5,115.5,208,35.5,2.183333333,27.21666667,11,"1",3.83944153577661,15.0087260034904,32.2862129144852,40.3141361256544,72.6003490401396,12.39092495637,0.762070971378709,9.49970913438045,6.15023474084507,76.6666666760563,356,3.08988764044944,14.0449438202247,24.7191011235955,39.3258426966292,64.0449438202247,21.9101123595506,2.40636704129213,18.8342696629213,10.9829059833333,85.9615384615385
"AF0469","2","SE",286.5,16.5,126,98.5,224.5,45.5,2.183333333,42.23333333,1.5,"1",0.523560209424084,5.75916230366492,43.979057591623,34.3804537521815,78.3595113438045,15.8813263525305,0.762070971378709,14.7411285619546,4.7985347978022,92.8205128131868,356,2.3876404494382,5.89887640449438,40.7303370786517,29.0730337078652,69.8033707865169,24.2977528089888,1.01591760308989,23.1367041207865,4.18111753410405,95.2215799653179
"AF0490","2","SE",286.5,28,75,121,196,62.5,1.916666667,59.75,6,"2",2.09424083769634,9.77312390924956,26.1780104712042,42.2338568935428,68.411867364747,21.8150087260035,0.66899360104712,20.8551483420593,3.0666666672,95.6,356,2.24719101123596,9.97191011235955,39.3258426966292,30.4775280898876,69.8033707865169,20.2247191011236,0.964419475561798,18.9513108623595,4.76851851805556,93.7037037083333
"AF0496","2","SE",286.5,44,118,78,196,46.5,12.55,32.81666667,20.5,"1",7.15532286212914,15.3577661431065,41.1867364746946,27.2251308900524,68.411867364747,16.2303664921466,4.3804537521815,11.4543339162304,26.989247311828,70.5734767096774,356,0.98314606741573,11.938202247191,43.3988764044944,24.0168539325843,67.4157303370787,20.6460674157303,5.3979400758427,14.8829588005618,26.1451247210884,72.0861677959184
"AF0165","2","SR",286.5,16,91.5,142.5,234,36.5,5.3,30.4,0.5,"2",0.174520069808028,5.58464223385689,31.9371727748691,49.738219895288,81.6753926701571,12.739965095986,1.8499127399651,10.6108202443281,14.5205479452055,83.2876712328767,356,4.91573033707865,11.938202247191,36.2359550561798,36.938202247191,73.1741573033708,14.8876404494382,3.44101123595506,11.123595505618,23.1132075471698,74.7169811320755
"AF0170","2","SR",286.5,22,88,101.5,189.5,75,3.75,69.91666667,2.5,"2",0.87260034904014,7.67888307155323,30.7155322862129,35.4275741710297,66.1431064572426,26.1780104712042,1.30890052356021,24.403723095986,5,93.2222222266667,356,0.561797752808989,14.3258426966292,41.8539325842697,24.1573033707865,66.0112359550562,19.6629213483146,1.09550561797753,18.164794008427,5.57142857142857,92.3809523857143
"AF0182","2","SR",286.5,22,111,106,217,47.5,6.633333333,39.26666667,1.5,"1",0.523560209424084,7.67888307155323,38.7434554973822,36.9982547993019,75.7417102966841,16.5794066317627,2.31529959267016,13.7056428167539,13.96491228,82.6666666736842,356,0.561797752808989,8.84831460674157,49.8595505617978,21.7696629213483,71.6292134831461,19.5224719101124,4.62546816573034,14.1432584269663,23.6930455683453,72.4460431654676
"AF0205","2","SR",NA,NA,NA,NA,NA,NA,NA,NA,NA,"2",NA,NA,NA,NA,NA,NA,NA,NA,NA,NA,356,NA,NA,NA,NA,NA,NA,NA,NA,NA,NA
"AF0214","2","SR",286.5,22.5,89,137,226,38,1.4,36.11666667,3,"2",1.04712041884817,7.85340314136126,31.064572425829,47.8184991273996,78.8830715532286,13.2635253054101,0.488656195462478,12.6061663769634,3.68421052631579,95.0438596578947,356,0.280898876404494,2.6685393258427,34.9719101123596,46.9101123595506,81.8820224719101,15.4494382022472,1.60580524353933,13.7874531825843,10.3939393945455,89.2424242363636
"AF0233","2","SR",286.5,56,86,80.5,166.5,64,3.116666667,58.35,1,"1",0.349040139616056,19.5462478184991,30.0174520069808,28.0977312390925,58.1151832460733,22.3385689354276,1.08784176858639,20.3664921465969,4.8697916671875,91.171875,356,0,16.9943820224719,39.4662921348315,25.561797752809,65.0280898876404,17.9775280898876,1.27340823960674,16.1376404494382,7.0833333328125,89.765625
"AF0250","2","SR",286.5,17,94,108.5,202.5,67,5.133333333,61.4,15.5,"2",5.41012216404887,5.93368237347295,32.8097731239092,37.8708551483421,70.6806282722513,23.3856893542757,1.79173938324607,21.4310645724258,7.66169154179105,91.6417910447761,356,0.280898876404494,6.88202247191011,29.3539325842697,38.4831460674157,67.8370786516854,25.2808988764045,2.25187265926966,22.6217228455056,8.90740740777778,89.4814814777778
"AF0256","2","SR",286.5,18,94,79.5,173.5,95,2.416666667,89.06666667,0,"1",0,6.282722513089,32.8097731239092,27.7486910994764,60.5584642233857,33.1588132635253,0.843513670855148,31.0878417696335,2.54385964947368,93.7543859684211,356,0.140449438202247,4.21348314606742,35.6741573033708,31.7415730337079,67.4157303370787,28.3707865168539,0.0327715356741573,27.5608614241573,0.115511551485149,97.1452145247525
"AF0280","2","SR",286.5,39.5,79.5,77.5,157,90,6.25,81.43333333,1,"1",0.349040139616056,13.7870855148342,27.7486910994764,27.0506108202443,54.7993019197208,31.413612565445,2.18150087260035,28.423502034904,6.94444444444444,90.4814814777778,356,0.702247191011236,10.3932584269663,29.2134831460674,31.7415730337079,60.9550561797753,28.6516853932584,4.07303370786517,24.2649812724719,14.2156862745098,84.6895424803921
"AF0286","2","SR",286.5,32.5,148.5,46,194.5,59.5,1.316666667,57.6,66,"1",23.0366492146597,11.3438045375218,51.8324607329843,16.0558464223386,67.8883071553229,20.7678883071553,0.459569517277487,20.1047120418848,2.21288515462185,96.8067226890756,356,1.96629213483146,11.2359550561798,53.9325842696629,12.7808988764045,66.7134831460674,22.0505617977528,1.06273408230337,20.9129213483146,4.81953290828025,94.8407643312102
"AF0288","2","SR",286.5,32,127.5,47.5,175,79.5,5.65,73.56666667,2.5,"2",0.87260034904014,11.1692844677138,44.5026178010471,16.5794066317627,61.0820244328098,27.7486910994764,1.97207678883072,25.6777196055846,7.10691823899371,92.5366876352201,356,2.10674157303371,9.69101123595506,55.1966292134831,13.9044943820225,69.1011235955056,21.2078651685393,0.0842696629213483,20.8520599241573,0.397350993377483,98.3222958013245
"AF0295","2","SR",286.5,27.5,168,25.5,193.5,65.5,4.85,59.95,1,"2",0.349040139616056,9.59860383944154,58.6387434554974,8.90052356020942,67.5392670157068,22.8621291448517,1.69284467713787,20.9249563699825,7.40458015267176,91.5267175572519,356,6.60112359550562,7.58426966292135,53.0898876404494,18.9606741573034,72.0505617977528,20.3651685393258,3.02434457022472,16.7134831460674,14.8505747172414,82.0689655172414
"AF0307","2","SR",286.5,26,74,118,192,68.5,10.28333333,56.76666667,2.5,"2",0.87260034904014,9.07504363001745,25.8289703315881,41.1867364746946,67.0157068062827,23.9092495636998,3.58929610122164,19.8138452600349,15.0121654452555,82.8710462335766,356,10.5337078651685,6.60112359550562,27.5280898876405,29.7752808988764,57.3033707865169,36.0955056179775,3.94662921348315,30.9925093539326,10.9338521400778,85.8625161867704
"AF0309","2","SR",286.5,20,71.5,111.5,183,83.5,16.91666667,63.35,3.5,"2",1.2216404886562,6.98080279232112,24.956369982548,38.9179755671902,63.8743455497382,29.1448516579407,5.90459569633508,22.1116928446771,20.2594810419162,75.8682634730539,356,1.40449438202247,9.69101123595506,35.3932584269663,29.3539325842697,64.747191011236,25.561797752809,5.35580524438202,18.9185393258427,20.952380956044,74.010989010989
"AF0314","2","SR",286.5,12.5,82,131.5,213.5,60.5,7.783333333,51.95,4,"1",1.39616055846422,4.3630017452007,28.6212914485166,45.8987783595113,74.5200698080279,21.1169284467714,2.71669575322862,18.1326352530541,12.8650137735537,85.8677685950413,356,2.52808988764045,4.49438202247191,18.9606741573034,45.9269662921348,64.8876404494382,30.6179775280899,3.6938202247191,26.5308988764045,12.0642201834862,86.651376146789
"AF0318","2","SR",286.5,56,105,60.5,165.5,65,3.033333333,61.28333333,13.5,"2",4.71204188481675,19.5462478184991,36.6492146596859,21.1169284467714,57.7661431064572,22.6876090750436,1.05875509005236,21.3903432216405,4.66666666615385,94.2820512769231,356,1.54494382022472,16.1516853932584,42.9775280898876,18.8202247191011,61.7977528089888,22.0505617977528,1.54026217219101,20.0421348314607,6.98513800382166,90.8917197452229
"AF0320","2","SR",NA,NA,NA,NA,NA,NA,NA,NA,NA,"1",NA,NA,NA,NA,NA,NA,NA,NA,NA,NA,356,24.1573033707865,14.6067415730337,36.376404494382,22.752808988764,59.1292134831461,26.2640449438202,4.34456928932584,21.5870786516854,16.541889486631,82.192513368984
"AF0336","2","SR",286.5,12,98,87,185,89.5,7.983333333,78.41666667,15,"2",5.23560209424084,4.18848167539267,34.2059336823735,30.3664921465969,64.5724258289703,31.239092495637,2.78650378115183,27.3705642827225,8.91992551173184,87.6163873407821,356,4.07303370786517,7.7247191011236,38.9044943820225,27.8089887640449,66.7134831460674,25.561797752809,2.25187265926966,22.8511235955056,8.80952380989011,89.3956043956044
"AF0355","2","SR",286.5,13.5,85.5,105,190.5,82.5,5.65,75.38333333,1,"1",0.349040139616056,4.71204188481675,29.8429319371728,36.6492146596859,66.4921465968586,28.7958115183246,1.97207678883072,26.3118091902269,6.84848484848485,91.373737369697,356,0.561797752808989,4.35393258426966,36.6573033707865,29.4943820224719,66.1516853932584,29.4943820224719,2.53745318342697,26.2827715365169,8.60317460285714,89.1111111142857
"AF0361","2","SR",286.5,32.5,126.5,59,185.5,68.5,10.08333333,57.8,34.5,"1",12.0418848167539,11.3438045375218,44.1535776614311,20.5933682373473,64.7469458987784,23.9092495636998,3.51948807329843,20.174520069808,14.7201946423358,84.3795620437956,356,3.93258426966292,10.252808988764,42.4157303370786,20.7865168539326,63.2022471910112,26.5449438202247,5.12172284550562,21.1657303370786,19.2945326243386,79.7354497354497
"AF0378","2","SR",286.5,35.5,81,107,188,63,3.3,57.9,32,"1",11.1692844677138,12.39092495637,28.2722513089005,37.347294938918,65.6195462478185,21.9895287958115,1.15183246073298,20.2094240837696,5.23809523809524,91.9047619047619,356,5.89887640449438,12.6404494382022,29.9157303370786,32.1629213483146,62.0786516853933,25.2808988764045,0.674157303370786,23.497191011236,2.66666666666667,92.9444444444445
"AF0386","2","SR",286.5,21.5,113,89.5,202.5,62.5,3.3,58.23333333,3,"1",1.04712041884817,7.5043630017452,39.4415357766143,31.239092495637,70.6806282722513,21.8150087260035,1.15183246073298,20.3257707958115,5.28,93.173333328,356,1.40449438202247,6.88202247191011,38.3426966292135,35.3932584269663,73.7359550561798,19.3820224719101,0.716292134831461,18.291198502809,3.69565217391304,94.3719806811594
"AF0388","2","SR",286.5,28,71.5,107,178.5,80,13.53333333,62.21666667,0,"1",0,9.77312390924956,24.956369982548,37.347294938918,62.303664921466,27.9232111692845,4.72367655497382,21.7161140209424,16.9166666625,77.7708333375,356,0.98314606741573,9.26966292134832,33.2865168539326,28.6516853932584,61.938202247191,28.7921348314607,1.96161048679775,24.9438202247191,6.8130081297561,86.6341463414634
"AF0399","2","SR",286.5,43,110,48.5,158.5,85,12.8,69.96666667,3.5,"1",1.2216404886562,15.0087260034904,38.3944153577661,16.9284467713787,55.3228621291449,29.6684118673647,4.46771378708551,24.4211751029668,15.0588235294118,82.3137254941176,356,6.60112359550562,8.28651685393258,43.9606741573034,18.6797752808989,62.6404494382023,29.0730337078652,4.2041198511236,23.9513108623596,14.4605475072464,82.3832528212561
"AF0406","2","SR",286.5,15,88.5,139.5,228,43.5,2.716666667,39.73333333,0.5,"2",0.174520069808028,5.23560209424084,30.8900523560209,48.6910994764398,79.5811518324607,15.1832460732984,0.948225712739965,13.8685282129145,6.24521072873563,91.3409961609195,356,0.561797752808989,9.8314606741573,35.814606741573,32.1629213483146,67.9775280898876,22.1910112359551,1.77902621713483,19.7518726601124,8.01687763670886,89.0084388227848
"AF409","2","SR",286.5,15,85.5,106,191.5,80,7.7,68.18333333,0,"2",0,5.23560209424084,29.8429319371728,36.9982547993019,66.8411867364747,27.9232111692845,2.68760907504363,23.7987201849913,9.625,85.2291666625,356,0,3.23033707865169,29.6348314606742,34.9719101123596,64.6067415730337,32.1629213483146,1.17041198511236,29.358614241573,3.63901018951965,91.2809316157205
"AF0411","2","SR",286.5,14,80,146.5,226.5,46,1.666666667,44,0,"2",0,4.88656195462478,27.9232111692845,51.1343804537522,79.0575916230366,16.0558464223386,0.581733566143107,15.3577661431065,3.62318840652174,95.6521739130435,356,0,5.33707865168539,33.1460674157303,39.747191011236,72.8932584269663,21.7696629213483,1.67602996264045,19.9157303370787,7.6989247316129,91.4838709677419
"AF0421","2","SR",286.5,35.5,104.5,83.5,188,63,6.466666667,54.81666667,12,"2",4.18848167539267,12.39092495637,36.4746945898778,29.1448516579407,65.6195462478185,21.9895287958115,2.25712623630017,19.1332169877836,10.2645502650794,87.010582015873,356,0.280898876404494,8.84831460674157,30.6179775280899,33.0056179775281,63.623595505618,27.5280898876405,2.30805243455056,24.3398876404494,8.38435374183674,88.4183673469388
"AF0431","2","SR",286.5,23.5,92,99,191,72,3.55,65.16666667,7,"2",2.44328097731239,8.20244328097731,32.1116928446771,34.5549738219895,66.6666666666667,25.130890052356,1.239092495637,22.7457824328098,4.93055555555556,90.5092592638889,356,0,8.98876404494382,32.7247191011236,33.0056179775281,65.7303370786517,25.2808988764045,0.922284644101124,23.97940075,3.64814814777778,94.8518518555556
"AF0438","2","SR",286.5,24.5,95.5,62.5,158,104,7.85,95.11666667,1.5,"2",0.523560209424084,8.55148342059337,33.3333333333333,21.8150087260035,55.1483420593368,36.3001745200698,2.73996509598604,33.1995346143106,7.54807692307692,91.4583333365385,356,1.40449438202247,6.32022471910112,43.1179775280899,24.5786516853933,67.6966292134831,25.9831460674157,1.60580524353933,24.105805244382,6.18018018054054,92.7747747783784
"AF0465","2","SR",286.5,18,91,90,181,87.5,5.583333333,81.3,0,"1",0,6.282722513089,31.7626527050611,31.413612565445,63.1762652705061,30.5410122164049,1.9488074460733,28.3769633507853,6.38095238057143,92.9142857142857,356,0.421348314606742,5.0561797752809,37.0786516853933,31.8820224719101,68.9606741573034,25.9831460674157,3.06647940168539,22.5655430702247,11.8018018054054,86.8468468432432
"AF0467","2","SR",286.5,21.5,97,93.5,190.5,74.5,0.783333333,72.58333333,0,"1",0,7.5043630017452,33.8568935427574,32.6352530541012,66.4921465968586,26.0034904013962,0.27341477591623,25.3344967993019,1.05145413825503,97.4272930604027,356,0,7.7247191011236,28.6516853932584,33.7078651685393,62.3595505617977,29.9157303370786,0.61329588005618,29.0121722752809,2.05007824694836,96.9796556807512
"AF0468","2","SR",286.5,29.5,71,126.5,197.5,59.5,3.133333333,55.06666667,7,"1",2.44328097731239,10.2966841186736,24.78184991274,44.1535776614311,68.935427574171,20.7678883071553,1.09365910401396,19.2204770226876,5.26610644201681,92.5490196134454,356,1.40449438202247,12.3595505617978,31.6011235955056,35.1123595505618,66.7134831460674,20.9269662921348,2.01310861432584,18.1741573033708,9.61968680134228,86.8456375838926
"AF0469","2","SR",286.5,12.5,84.5,128.5,213,61,0.65,56.88333333,0,"1",0,4.3630017452007,29.4938917975567,44.8516579406632,74.3455497382199,21.2914485165794,0.226876090750436,19.8545666073298,1.0655737704918,93.2513661147541,356,1.82584269662921,5.0561797752809,29.9157303370786,40.4494382022472,70.3651685393258,24.5786516853933,1.10018726601124,21.9709737837079,4.47619047657143,89.3904761942857
"AF0490","2","SR",286.5,32.5,59,127.5,186.5,67.5,2.083333333,64.66666667,2,"2",0.698080279232112,11.3438045375218,20.5933682373473,44.5026178010471,65.0959860383944,23.5602094240838,0.727166957417103,22.5712623630017,3.08641975259259,95.8024691407407,356,0.421348314606742,11.376404494382,22.0505617977528,34.6910112359551,56.7415730337079,31.8820224719101,0.688202247191011,30.8192883988764,2.15859030837004,96.6666666960352
"AF0496","2","SR",286.5,33.5,90.5,109.5,200,53,10.98333333,40.55,16,"1",5.58464223385689,11.6928446771379,31.5881326352531,38.2198952879581,69.8080279232112,18.499127399651,3.83362419895288,14.1535776614311,20.7232704339623,76.5094339622642,356,7.7247191011236,10.6741573033708,45.7865168539326,29.7752808988764,75.561797752809,13.7640449438202,2.76685393258427,10.6788389522472,20.1020408163265,77.5850340204082
"AF0165","3","SE",262.5,23,97,98,195,44.5,10.48333333,32.35,4,"2",1.52380952380952,8.76190476190476,36.952380952381,37.3333333333333,74.2857142857143,16.952380952381,3.99365079238095,12.3238095238095,23.5580524269663,72.6966292134831,356,2.10674157303371,9.8314606741573,33.9887640449438,40.3089887640449,74.2977528089888,15.8707865168539,3.41760299719101,12.2284644185393,21.5339233097345,77.0501474867257
"AF0170","3","SE",262.5,31.5,79.5,79.5,159,72,3.116666667,66.71666667,4.5,"2",1.71428571428571,12,30.2857142857143,30.2857142857143,60.5714285714286,27.4285714285714,1.18730158742857,25.4158730171429,4.32870370416667,92.6620370416667,356,2.24719101123596,8.98876404494382,38.4831460674157,25.1404494382022,63.623595505618,27.3876404494382,1.13295880140449,25.688202247191,4.13675213641026,93.7948717948718
"AF0182","3","SE",262.5,37,124,45.5,169.5,56,9.666666667,43.55,7.5,"1",2.85714285714286,14.0952380952381,47.2380952380952,17.3333333333333,64.5714285714286,21.3333333333333,3.68253968266667,16.5904761904762,17.2619047625,77.7678571428571,356,1.12359550561798,10.252808988764,41.9943820224719,25.7022471910112,67.6966292134831,22.0505617977528,4.30711610393258,17.1488764044944,19.5329087006369,77.7707006369427
"AF0205","3","SE",262.5,56,81,61,142,64.5,1.983333333,61.75,2.5,"2",0.952380952380952,21.3333333333333,30.8571428571429,23.2380952380952,54.0952380952381,24.5714285714286,0.755555555428571,23.5238095238095,3.0749354,95.7364341085271,356,NA,NA,NA,NA,NA,NA,NA,NA,NA,NA
"AF0214","3","SE",NA,NA,NA,NA,NA,NA,NA,NA,NA,"2",NA,NA,NA,NA,NA,NA,NA,NA,NA,NA,356,0.98314606741573,5.0561797752809,21.3483146067416,60.814606741573,82.1629213483146,12.7808988764045,1.13295880140449,11.4981273398876,8.86446886373626,89.963369956044
"AF0233","3","SE",262.5,25.5,93.5,85,178.5,58.5,1.65,55.35,1.5,"1",0.571428571428571,9.71428571428571,35.6190476190476,32.3809523809524,68,22.2857142857143,0.628571428571429,21.0857142857143,2.82051282051282,94.6153846153846,356,0.561797752808989,15.3089887640449,42.2752808988764,20.5056179775281,62.7808988764045,21.9101123595506,0.26685393258427,21.1610486882022,1.21794871794872,96.5811965769231
"AF0250","3","SE",262.5,22,94.5,85,179.5,61,10.58333333,48.65,1,"2",0.380952380952381,8.38095238095238,36,32.3809523809524,68.3809523809524,23.2380952380952,4.03174603047619,18.5333333333333,17.3497267704918,79.7540983606557,356,0.140449438202247,7.02247191011236,35.3932584269663,29.4943820224719,64.8876404494382,28.0898876404494,3.07116104775281,24.7378277162921,10.93333333,88.06666667
"AF0256","3","SE",262.5,23,131,72.5,203.5,36,0.933333333,34.63333333,3,"1",1.14285714285714,8.76190476190476,49.9047619047619,27.6190476190476,77.5238095238095,13.7142857142857,0.355555555428571,13.193650792381,2.59259259166667,96.2037036944444,356,1.82584269662921,9.26966292134832,38.2022471910112,22.4719101123595,60.6741573033708,30.0561797752809,0.847378277247191,28.5299625561798,2.81931464205607,94.922118411215
"AF0280","3","SE",262.5,62,51,98.5,149.5,51,6.55,43.98333333,5.5,"1",2.0952380952381,23.6190476190476,19.4285714285714,37.5238095238095,56.952380952381,19.4285714285714,2.4952380952381,16.7555555542857,12.843137254902,86.2418300588235,356,0.702247191011236,8.70786516853933,40.1685393258427,26.685393258427,66.8539325842697,24.438202247191,2.21910112359551,21.8586142331461,9.08045977011494,89.4444444482759
"AF0286","3","SE",262.5,28,158,49.5,207.5,27,1.133333333,25.75,70.5,"1",26.8571428571429,10.6666666666667,60.1904761904762,18.8571428571429,79.0476190476191,10.2857142857143,0.431746031619048,9.80952380952381,4.19753086296296,95.3703703703704,356,2.80898876404494,10.5337078651685,58.2865168539326,9.41011235955056,67.6966292134831,21.7696629213483,1.02996254691011,20.5992509353933,4.73118279612903,94.6236559096774
"AF0288","3","SE",262.5,38.5,118,47,165,59,2.866666667,54.81666667,0.5,"2",0.19047619047619,14.6666666666667,44.952380952381,17.9047619047619,62.8571428571429,22.4761904761905,1.09206349219048,20.8825396838095,4.85875706271186,92.9096045254237,356,0,10.814606741573,49.8595505617978,13.2022471910112,63.061797752809,26.123595505618,1.94756554297753,23.9934456938202,7.45519713225807,91.8458781397849
"AF0295","3","SE",262.5,29.5,134.5,57,191.5,41.5,2.933333333,37.53333333,5.5,"2",2.0952380952381,11.2380952380952,51.2380952380952,21.7142857142857,72.952380952381,15.8095238095238,1.11746031733333,14.2984126971429,7.06827309156627,90.441767060241,356,4.7752808988764,12.9213483146067,52.6685393258427,10.5337078651685,63.2022471910112,23.876404494382,1.97565543061798,21.4934456938202,8.27450980352941,90.0196078470588
"AF0307","3","SE",262.5,30.5,101,80,181,51,8.416666667,41.98333333,1,"2",0.380952380952381,11.6190476190476,38.4761904761905,30.4761904761905,68.9523809523809,19.4285714285714,3.20634920647619,15.993650792381,16.5032679745098,82.3202614313726,356,0.561797752808989,6.32022471910112,35.6741573033708,35.6741573033708,71.3483146067416,22.3314606741573,2.46722846432584,19.5692883904494,11.0482180289308,87.6310272578616
"AF0309","3","SE",262.5,22.5,87.5,89,176.5,63.5,2.35,14.95,3.5,"2",1.33333333333333,8.57142857142857,33.3333333333333,33.9047619047619,67.2380952380952,24.1904761904762,0.895238095238095,5.69523809523809,3.7007874015748,23.5433070866142,356,2.24719101123596,8.70786516853933,31.7415730337079,29.9157303370786,61.6573033707865,29.6348314606742,4.77059925,23.7687265926966,16.0979462843602,80.2053712511848
"AF0314","3","SE",262.5,23,78,117.5,195.5,44,0.3,38.21666667,12,"1",4.57142857142857,8.76190476190476,29.7142857142857,44.7619047619048,74.4761904761905,16.7619047619048,0.114285714285714,14.55873016,0.681818181818182,86.8560606136364,356,3.23033707865169,5.0561797752809,30.4775280898876,41.7134831460674,72.1910112359551,22.752808988764,2.71067415730337,19.2649812724719,11.9135802469136,84.6707818888889
"AF0318","3","SE",262.5,48,127,55,182,32.5,2.733333333,29.46666667,5,"2",1.9047619047619,18.2857142857143,48.3809523809524,20.952380952381,69.3333333333333,12.3809523809524,1.04126984114286,11.2253968266667,8.41025640923077,90.6666666769231,356,2.80898876404494,16.2921348314607,43.6797752808989,18.2584269662921,61.938202247191,21.7696629213483,1.37640449438202,20.1404494382022,6.32258064516129,92.5161290322581
"AF0320","3","SE",262.5,43.5,119,53.5,172.5,46.5,7.833333333,38.11666667,0,"1",0,16.5714285714286,45.3333333333333,20.3809523809524,65.7142857142857,17.7142857142857,2.984126984,14.5206349219048,16.8458781354839,81.971326172043,356,0.280898876404494,8.42696629213483,46.0674157303371,19.2415730337079,65.3089887640449,26.2640449438202,2.3876404494382,22.8136704129213,9.09090909090909,86.8627451016043
"AF0336","3","SE",262.5,27.5,99.5,66.5,166,69,7.25,60.91666667,7,"2",2.66666666666667,10.4761904761905,37.9047619047619,25.3333333333333,63.2380952380952,26.2857142857143,2.76190476190476,23.206349207619,10.5072463768116,88.2850241594203,356,3.65168539325843,7.7247191011236,49.1573033707865,21.6292134831461,70.7865168539326,21.4887640449438,2.16760299634831,18.9606741573034,10.0871459699346,88.2352941176471
"AF0355","3","SE",262.5,24.5,106,60.5,166.5,71.5,10.86666667,57.28333333,0,"1",0,9.33333333333333,40.3809523809524,23.047619047619,63.4285714285714,27.2380952380952,4.13968254095238,21.8222222209524,15.1981352027972,80.1165501118881,356,0.140449438202247,6.32022471910112,34.1292134831461,35.3932584269663,69.5224719101124,24.1573033707865,1.03464419466292,14.3024344578652,4.28294573604651,59.2054263604651
"AF0361","3","SE",262.5,54.5,120.5,57,177.5,30.5,7.3,22.6,8,"1",3.04761904761905,20.7619047619048,45.9047619047619,21.7142857142857,67.6190476190476,11.6190476190476,2.78095238095238,8.60952380952381,23.9344262295082,74.0983606557377,356,9.97191011235955,23.0337078651685,40.1685393258427,16.5730337078652,56.7415730337079,20.2247191011236,2.17696629213483,17.7247191011236,10.7638888888889,87.6388888888889
"AF0378","3","SE",262.5,30.5,89.5,81.5,171,61,2.733333333,56.46666667,21.5,"1",8.19047619047619,11.6190476190476,34.0952380952381,31.047619047619,65.1428571428572,23.2380952380952,1.04126984114286,21.511111112381,4.48087431639344,92.5683060163934,356,10.9550561797753,24.7191011235955,33.1460674157303,26.4044943820225,59.5505617977528,15.7303370786517,1.34831460674157,13.8389513117978,8.57142857142857,87.9761904821429
"AF0386","3","SE",262.5,42.5,104.5,85,189.5,30.5,0.816666667,29.16666667,3.5,"1",1.33333333333333,16.1904761904762,39.8095238095238,32.3809523809524,72.1904761904762,11.6190476190476,0.311111111238095,11.111111112381,2.6775956295082,95.6284153114754,356,9.41011235955056,13.061797752809,43.6797752808989,28.9325842696629,72.6123595505618,14.3258426966292,0.533707865168539,13.5486891376404,3.72549019607843,94.5751633921569
"AF0388","3","SE",262.5,25,101.5,81.5,183,54.5,8.016666667,44.91666667,26,"1",9.90476190476191,9.52380952380952,38.6666666666667,31.047619047619,69.7142857142857,20.7619047619048,3.05396825409524,17.111111112381,14.7094801229358,82.415902146789,356,2.94943820224719,10.9550561797753,35.1123595505618,31.8820224719101,66.9943820224719,22.0505617977528,3.22097378370787,18.2350187275281,14.6072186878981,82.6963906624204
"AF0399","3","SE",262.5,27,101,64,165,70.5,8.883333333,57.43333333,18,"1",6.85714285714286,10.2857142857143,38.4761904761905,24.3809523809524,62.8571428571429,26.8571428571429,3.384126984,21.8793650780952,12.600472812766,81.465721035461,356,3.51123595505618,20.2247191011236,47.8932584269663,12.3595505617978,60.252808988764,19.5224719101124,1.56367041207865,17.7013108623596,8.00959232661871,90.6714628345324
"AF0406","3","SE",262.5,23.5,106,110.5,216.5,22.5,3.733333333,18.28333333,1.5,"2",0.571428571428571,8.95238095238095,40.3809523809524,42.0952380952381,82.4761904761905,8.57142857142857,1.42222222209524,6.96507936380952,16.5925925911111,81.2592592444445,356,2.80898876404494,8.28651685393258,39.6067415730337,27.5280898876405,67.1348314606742,24.5786516853933,3.4644194747191,20.1966292134831,14.0952380914286,82.1714285714286
"AF409","3","SE",262.5,13.5,87,109.5,196.5,52.5,6.083333333,45.11666667,2,"2",0.761904761904762,5.14285714285714,33.1428571428571,41.7142857142857,74.8571428571429,20,2.31746031733333,17.1873015885714,11.5873015866667,85.9365079428571,356,0.280898876404494,3.79213483146067,38.2022471910112,32.4438202247191,70.6460674157303,25.561797752809,2.6685393258427,21.7368913848315,10.4395604395604,85.036630032967
"AF0411","3","SE",262.5,27,81,112.5,193.5,42,2.983333333,38.13333333,0,"2",0,10.2857142857143,30.8571428571429,42.8571428571429,73.7142857142857,16,1.13650793638095,14.5269841257143,7.10317460238095,90.7936507857143,356,0.561797752808989,6.17977528089888,28.6516853932584,40.4494382022472,69.1011235955056,24.7191011235955,1.23127340814607,23.0664794016854,4.98106060568182,93.3143939431818
"AF0421","3","SE",262.5,53,77,91.5,168.5,41,6.633333333,33.03333333,142,"2",54.0952380952381,20.1904761904762,29.3333333333333,34.8571428571429,64.1904761904762,15.6190476190476,2.52698412685714,12.5841269828571,16.1788617878049,80.5691056829268,356,0.280898876404494,9.26966292134832,32.4438202247191,34.1292134831461,66.5730337078652,24.1573033707865,2.35486891376405,21.1657303370786,9.74806201511628,87.6162790697674
"AF0431","3","SE",262.5,32.5,107.5,84,191.5,38.5,2.783333333,35.23333333,0,"2",0,12.3809523809524,40.9523809523809,32,72.952380952381,14.6666666666667,1.06031746019048,13.4222222209524,7.22943722857143,91.5151515064935,356,0.421348314606742,10.9550561797753,29.6348314606742,35.3932584269663,65.0280898876404,24.0168539325843,1.17509363286517,22.1254681657303,4.89278752397661,92.1247563391813
"AF0438","3","SE",262.5,26.5,80.5,55.5,136,100,10.98333333,82.26666667,56,"2",21.3333333333333,10.0952380952381,30.6666666666667,21.1428571428571,51.8095238095238,38.0952380952381,4.18412698285714,31.3396825409524,10.98333333,82.26666667,356,0,6.46067415730337,40.4494382022472,26.123595505618,66.5730337078652,26.9662921348315,2.3314606741573,24.517790261236,8.64583333333333,90.9201388854167
"AF0465","3","SE",262.5,17.5,119,66.5,185.5,59.5,5.816666667,52.03333333,1,"1",0.380952380952381,6.66666666666667,45.3333333333333,25.3333333333333,70.6666666666667,22.6666666666667,2.215873016,19.8222222209524,9.77591036470588,87.4509803865546,356,0.140449438202247,7.7247191011236,38.3426966292135,24.438202247191,62.7808988764045,29.4943820224719,2.96348314606742,26.3202247191011,10.047619047619,89.2380952380952
"AF0467","3","SE",262.5,21,98.5,106.5,205,36.5,0.683333333,34.51666667,5.5,"1",2.0952380952381,8,37.5238095238095,40.5714285714286,78.0952380952381,13.9047619047619,0.260317460190476,13.1492063504762,1.87214611780822,94.5662100547945,356,0,8.14606741573034,31.0393258426966,38.2022471910112,69.2415730337079,22.6123595505618,0.660112359550562,21.6573033707865,2.91925465838509,95.7763975155279
"AF0468","3","SE",262.5,31,72.5,117.5,190,41.5,3.95,36.1,10.5,"1",4,11.8095238095238,27.6190476190476,44.7619047619048,72.3809523809524,15.8095238095238,1.5047619047619,13.752380952381,9.51807228915663,86.9879518072289,356,3.08988764044944,14.0449438202247,24.7191011235955,39.3258426966292,64.0449438202247,21.9101123595506,2.40636704129213,18.8342696629213,10.9829059833333,85.9615384615385
"AF0469","3","SE",262.5,39,108.5,76.5,185,38.5,2.366666667,35.73333333,10.5,"1",4,14.8571428571429,41.3333333333333,29.1428571428571,70.4761904761905,14.6666666666667,0.901587301714286,13.6126984114286,6.14718614805195,92.8138528051948,356,2.3876404494382,5.89887640449438,40.7303370786517,29.0730337078652,69.8033707865169,24.2977528089888,1.01591760308989,23.1367041207865,4.18111753410405,95.2215799653179
"AF0490","3","SE",262.5,35.5,111.5,73,184.5,42.5,1.133333333,40.41666667,5.5,"2",2.0952380952381,13.5238095238095,42.4761904761905,27.8095238095238,70.2857142857143,16.1904761904762,0.431746031619048,15.3968253980952,2.66666666588235,95.0980392235294,356,2.24719101123596,9.97191011235955,39.3258426966292,30.4775280898876,69.8033707865169,20.2247191011236,0.964419475561798,18.9513108623595,4.76851851805556,93.7037037083333
"AF0496","3","SE",262.5,29.5,128.5,82,210.5,22.5,4.2,18.01666667,6.5,"1",2.47619047619048,11.2380952380952,48.952380952381,31.2380952380952,80.1904761904762,8.57142857142857,1.6,6.8634920647619,18.6666666666667,80.0740740888889,356,0.98314606741573,11.938202247191,43.3988764044944,24.0168539325843,67.4157303370787,20.6460674157303,5.3979400758427,14.8829588005618,26.1451247210884,72.0861677959184
"AF0165","3","SR",262.5,9,61,150.5,211.5,42,9.516666667,31.51666667,2,"2",0.761904761904762,3.42857142857143,23.2380952380952,57.3333333333333,80.5714285714286,16,3.62539682552381,12.006349207619,22.6587301595238,75.0396825476191,356,4.91573033707865,11.938202247191,36.2359550561798,36.938202247191,73.1741573033708,14.8876404494382,3.44101123595506,11.123595505618,23.1132075471698,74.7169811320755
"AF0170","3","SR",262.5,20,96,73,169,73.5,2.933333333,69.08333333,1,"2",0.380952380952381,7.61904761904762,36.5714285714286,27.8095238095238,64.3809523809524,28,1.11746031733333,26.3174603161905,3.99092970476191,93.9909297006803,356,0.561797752808989,14.3258426966292,41.8539325842697,24.1573033707865,66.0112359550562,19.6629213483146,1.09550561797753,18.164794008427,5.57142857142857,92.3809523857143
"AF0182","3","SR",262.5,25.5,89,75,164,73,13.15,56.43333333,5.5,"1",2.0952380952381,9.71428571428571,33.9047619047619,28.5714285714286,62.4761904761905,27.8095238095238,5.00952380952381,21.4984126971429,18.013698630137,77.3059360684932,356,0.561797752808989,8.84831460674157,49.8595505617978,21.7696629213483,71.6292134831461,19.5224719101124,4.62546816573034,14.1432584269663,23.6930455683453,72.4460431654676
"AF0205","3","SR",NA,NA,NA,NA,NA,NA,NA,NA,NA,"2",NA,NA,NA,NA,NA,NA,NA,NA,NA,NA,356,NA,NA,NA,NA,NA,NA,NA,NA,NA,NA
"AF0214","3","SR",262.5,11,90,121.5,211.5,40,2.533333333,37.03333333,1,"2",0.380952380952381,4.19047619047619,34.2857142857143,46.2857142857143,80.5714285714286,15.2380952380952,0.965079364952381,14.1079365066667,6.3333333325,92.583333325,356,0.280898876404494,2.6685393258427,34.9719101123596,46.9101123595506,81.8820224719101,15.4494382022472,1.60580524353933,13.7874531825843,10.3939393945455,89.2424242363636
"AF0233","3","SR",262.5,33,96.5,81,177.5,52,0.55,50.63333333,0,"1",0,12.5714285714286,36.7619047619048,30.8571428571429,67.6190476190476,19.8095238095238,0.20952380952381,19.288888887619,1.05769230769231,97.3717948653846,356,0,16.9943820224719,39.4662921348315,25.561797752809,65.0280898876404,17.9775280898876,1.27340823960674,16.1376404494382,7.0833333328125,89.765625
"AF0250","3","SR",262.5,11,58.5,111.5,170,81.5,4.366666667,76.03333333,43,"2",16.3809523809524,4.19047619047619,22.2857142857143,42.4761904761905,64.7619047619048,31.047619047619,1.66349206361905,28.9650793638095,5.35787321104294,93.2924335337423,356,0.280898876404494,6.88202247191011,29.3539325842697,38.4831460674157,67.8370786516854,25.2808988764045,2.25187265926966,22.6217228455056,8.90740740777778,89.4814814777778
"AF0256","3","SR",262.5,15,67.5,94.5,162,85.5,1.25,81.76666667,0,"1",0,5.71428571428571,25.7142857142857,36,61.7142857142857,32.5714285714286,0.476190476190476,31.1492063504762,1.46198830409357,95.6335282690059,356,0.140449438202247,4.21348314606742,35.6741573033708,31.7415730337079,67.4157303370787,28.3707865168539,0.0327715356741573,27.5608614241573,0.115511551485149,97.1452145247525
"AF0280","3","SR",262.5,36,77,63,140,86.5,10.88333333,74.08333333,40,"1",15.2380952380952,13.7142857142857,29.3333333333333,24,53.3333333333333,32.9523809523809,4.1460317447619,28.2222222209524,12.5818882427746,85.6454720578035,356,0.702247191011236,10.3932584269663,29.2134831460674,31.7415730337079,60.9550561797753,28.6516853932584,4.07303370786517,24.2649812724719,14.2156862745098,84.6895424803921
"AF0286","3","SR",262.5,19.5,143.5,45.5,189,54,1.933333333,51.85,54,"1",20.5714285714286,7.42857142857143,54.6666666666667,17.3333333333333,72,20.5714285714286,0.736507936380952,19.752380952381,3.58024691296296,96.0185185185185,356,1.96629213483146,11.2359550561798,53.9325842696629,12.7808988764045,66.7134831460674,22.0505617977528,1.06273408230337,20.9129213483146,4.81953290828025,94.8407643312102
"AF0288","3","SR",262.5,25.5,123.5,59,182.5,54.5,1.216666667,52.95,0.5,"2",0.19047619047619,9.71428571428571,47.0476190476191,22.4761904761905,69.5238095238095,20.7619047619048,0.463492063619048,20.1714285714286,2.23241590275229,97.1559633027523,356,2.10674157303371,9.69101123595506,55.1966292134831,13.9044943820225,69.1011235955056,21.2078651685393,0.0842696629213483,20.8520599241573,0.397350993377483,98.3222958013245
"AF0295","3","SR",NA,NA,NA,NA,NA,NA,NA,NA,NA,"2",NA,NA,NA,NA,NA,NA,NA,NA,NA,NA,356,6.60112359550562,7.58426966292135,53.0898876404494,18.9606741573034,72.0505617977528,20.3651685393258,3.02434457022472,16.7134831460674,14.8505747172414,82.0689655172414
"AF0307","3","SR",262.5,25.5,63.5,110,173.5,63.5,10.88333333,52.13333333,19.5,"2",7.42857142857143,9.71428571428571,24.1904761904762,41.9047619047619,66.0952380952381,24.1904761904762,4.1460317447619,19.8603174590476,17.1391076062992,82.0997375275591,356,10.5337078651685,6.60112359550562,27.5280898876405,29.7752808988764,57.3033707865169,36.0955056179775,3.94662921348315,30.9925093539326,10.9338521400778,85.8625161867704
"AF0309","3","SR",262.5,12,74,110,184,66.5,14.53333333,49.06666667,2.5,"2",0.952380952380952,4.57142857142857,28.1904761904762,41.9047619047619,70.0952380952381,25.3333333333333,5.5365079352381,18.6920634933333,21.8546365864662,73.7844611578947,356,1.40449438202247,9.69101123595506,35.3932584269663,29.3539325842697,64.747191011236,25.561797752809,5.35580524438202,18.9185393258427,20.952380956044,74.010989010989
"AF0314","3","SR",262.5,5.5,55.5,145,200.5,56.5,5.133333333,47.81666667,1,"1",0.380952380952381,2.0952380952381,21.1428571428571,55.2380952380952,76.3809523809524,21.5238095238095,1.95555555542857,18.2158730171429,9.08554572212389,84.6312684424779,356,2.52808988764045,4.49438202247191,18.9606741573034,45.9269662921348,64.8876404494382,30.6179775280899,3.6938202247191,26.5308988764045,12.0642201834862,86.651376146789
"AF0318","3","SR",262.5,39.5,110.5,49,159.5,63.5,4.6,57.9,3.5,"2",1.33333333333333,15.047619047619,42.0952380952381,18.6666666666667,60.7619047619048,24.1904761904762,1.75238095238095,22.0571428571429,7.24409448818898,91.1811023622047,356,1.54494382022472,16.1516853932584,42.9775280898876,18.8202247191011,61.7977528089888,22.0505617977528,1.54026217219101,20.0421348314607,6.98513800382166,90.8917197452229
"AF0320","3","SR",262.5,18,83,83.5,166.5,78,6.783333333,69.83333333,0,"1",0,6.85714285714286,31.6190476190476,31.8095238095238,63.4285714285714,29.7142857142857,2.584126984,26.6031746019048,8.69658119615385,89.529914525641,356,24.1573033707865,14.6067415730337,36.376404494382,22.752808988764,59.1292134831461,26.2640449438202,4.34456928932584,21.5870786516854,16.541889486631,82.192513368984
"AF0336","3","SR",262.5,20.5,92.5,108.5,201,41,2.183333333,37.96666667,2.5,"2",0.952380952380952,7.80952380952381,35.2380952380952,41.3333333333333,76.5714285714286,15.6190476190476,0.831746031619048,14.4634920647619,5.32520325121951,92.6016260243902,356,4.07303370786517,7.7247191011236,38.9044943820225,27.8089887640449,66.7134831460674,25.561797752809,2.25187265926966,22.8511235955056,8.80952380989011,89.3956043956044
"AF0355","3","SR",262.5,13,74.5,110.5,185,64.5,6,57.36666667,0,"1",0,4.95238095238095,28.3809523809524,42.0952380952381,70.4761904761905,24.5714285714286,2.28571428571429,21.8539682552381,9.30232558139535,88.9405684806202,356,0.561797752808989,4.35393258426966,36.6573033707865,29.4943820224719,66.1516853932584,29.4943820224719,2.53745318342697,26.2827715365169,8.60317460285714,89.1111111142857
"AF0361","3","SR",262.5,29,100,78,178,55.5,6.05,49.06666667,8.5,"1",3.23809523809524,11.047619047619,38.0952380952381,29.7142857142857,67.8095238095238,21.1428571428571,2.3047619047619,18.6920634933333,10.9009009009009,88.4084084144144,356,3.93258426966292,10.252808988764,42.4157303370786,20.7865168539326,63.2022471910112,26.5449438202247,5.12172284550562,21.1657303370786,19.2945326243386,79.7354497354497
"AF0378","3","SR",262.5,30,36,118,154,78.5,1.633333333,74.48333333,12.5,"1",4.76190476190476,11.4285714285714,13.7142857142857,44.952380952381,58.6666666666667,29.9047619047619,0.622222222095238,28.3746031733333,2.08067940509554,94.8832271719745,356,5.89887640449438,12.6404494382022,29.9157303370786,32.1629213483146,62.0786516853933,25.2808988764045,0.674157303370786,23.497191011236,2.66666666666667,92.9444444444445
"AF0386","3","SR",262.5,26,100.5,84.5,185,51.5,2.116666667,49.16666667,2,"1",0.761904761904762,9.90476190476191,38.2857142857143,32.1904761904762,70.4761904761905,19.6190476190476,0.80634920647619,18.7301587314286,4.1100323631068,95.4692556699029,356,1.40449438202247,6.88202247191011,38.3426966292135,35.3932584269663,73.7359550561798,19.3820224719101,0.716292134831461,18.291198502809,3.69565217391304,94.3719806811594
"AF0388","3","SR",262.5,17.5,79,102,181,64,9.483333333,53.13333333,2,"1",0.761904761904762,6.66666666666667,30.0952380952381,38.8571428571429,68.9523809523809,24.3809523809524,3.61269841257143,20.24126984,14.8177083328125,83.020833328125,356,0.98314606741573,9.26966292134832,33.2865168539326,28.6516853932584,61.938202247191,28.7921348314607,1.96161048679775,24.9438202247191,6.8130081297561,86.6341463414634
"AF0399","3","SR",262.5,27.5,119.5,56,175.5,59.5,5.016666667,53.68333333,5,"1",1.9047619047619,10.4761904761905,45.5238095238095,21.3333333333333,66.8571428571429,22.6666666666667,1.9111111112381,20.4507936495238,8.43137254957983,90.2240896302521,356,6.60112359550562,8.28651685393258,43.9606741573034,18.6797752808989,62.6404494382023,29.0730337078652,4.2041198511236,23.9513108623596,14.4605475072464,82.3832528212561
"AF0406","3","SR",262.5,24,78,119,197,41.5,3.416666667,36.81666667,0,"2",0,9.14285714285714,29.7142857142857,45.3333333333333,75.0476190476191,15.8095238095238,1.30158730171429,14.0253968266667,8.23293172771084,88.7148594457831,356,0.561797752808989,9.8314606741573,35.814606741573,32.1629213483146,67.9775280898876,22.1910112359551,1.77902621713483,19.7518726601124,8.01687763670886,89.0084388227848
"AF409","3","SR",262.5,5,64,117.5,181.5,76,6.116666667,67.68333333,0,"2",0,1.9047619047619,24.3809523809524,44.7619047619048,69.1428571428571,28.952380952381,2.33015873028571,25.7841269828571,8.04824561447368,89.0570175394737,356,0,3.23033707865169,29.6348314606742,34.9719101123596,64.6067415730337,32.1629213483146,1.17041198511236,29.358614241573,3.63901018951965,91.2809316157205
"AF0411","3","SR",262.5,15.5,90,95.5,185.5,61.5,2.483333333,58.36666667,0,"2",0,5.90476190476191,34.2857142857143,36.3809523809524,70.6666666666667,23.4285714285714,0.946031745904762,22.2349206361905,4.03794037886179,94.9051490569106,356,0,5.33707865168539,33.1460674157303,39.747191011236,72.8932584269663,21.7696629213483,1.67602996264045,19.9157303370787,7.6989247316129,91.4838709677419
"AF0421","3","SR",262.5,22,60,98.5,158.5,82,8.933333333,70.9,1.5,"2",0.571428571428571,8.38095238095238,22.8571428571429,37.5238095238095,60.3809523809524,31.2380952380952,3.40317460304762,27.0095238095238,10.8943089426829,86.4634146341463,356,0.280898876404494,8.84831460674157,30.6179775280899,33.0056179775281,63.623595505618,27.5280898876405,2.30805243455056,24.3398876404494,8.38435374183674,88.4183673469388
"AF0431","3","SR",262.5,16,90.5,93.5,184,62.5,2.4,59.45,0,"2",0,6.09523809523809,34.4761904761905,35.6190476190476,70.0952380952381,23.8095238095238,0.914285714285714,22.647619047619,3.84,95.12,356,0,8.98876404494382,32.7247191011236,33.0056179775281,65.7303370786517,25.2808988764045,0.922284644101124,23.97940075,3.64814814777778,94.8518518555556
"AF0438","3","SR",262.5,13.5,88.5,91.5,180,69,6.416666667,62.3,1.5,"2",0.571428571428571,5.14285714285714,33.7142857142857,34.8571428571429,68.5714285714286,26.2857142857143,2.44444444457143,23.7333333333333,9.29951690869565,90.2898550724638,356,1.40449438202247,6.32022471910112,43.1179775280899,24.5786516853933,67.6966292134831,25.9831460674157,1.60580524353933,24.105805244382,6.18018018054054,92.7747747783784
"AF0465","3","SR",262.5,19,120,72.5,192.5,51,5.733333333,44.85,1,"1",0.380952380952381,7.23809523809524,45.7142857142857,27.6190476190476,73.3333333333333,19.4285714285714,2.184126984,17.0857142857143,11.2418300647059,87.9411764705882,356,0.421348314606742,5.0561797752809,37.0786516853933,31.8820224719101,68.9606741573034,25.9831460674157,3.06647940168539,22.5655430702247,11.8018018054054,86.8468468432432
"AF0467","3","SR",262.5,17.5,89,117.5,206.5,38.5,0.433333333,37.2,0,"1",0,6.66666666666667,33.9047619047619,44.7619047619048,78.6666666666667,14.6666666666667,0.165079364952381,14.1714285714286,1.12554112467532,96.6233766233766,356,0,7.7247191011236,28.6516853932584,33.7078651685393,62.3595505617977,29.9157303370786,0.61329588005618,29.0121722752809,2.05007824694836,96.9796556807512
"AF0468","3","SR",262.5,35,64.5,135,199.5,28,1.1,26.08333333,7.5,"1",2.85714285714286,13.3333333333333,24.5714285714286,51.4285714285714,76,10.6666666666667,0.419047619047619,9.9365079352381,3.92857142857143,93.1547618928571,356,1.40449438202247,12.3595505617978,31.6011235955056,35.1123595505618,66.7134831460674,20.9269662921348,2.01310861432584,18.1741573033708,9.61968680134228,86.8456375838926
"AF0469","3","SR",262.5,14,85,118.5,203.5,45,2.933333333,41.85,0,"1",0,5.33333333333333,32.3809523809524,45.1428571428571,77.5238095238095,17.1428571428571,1.11746031733333,15.9428571428571,6.51851851777778,93,356,1.82584269662921,5.0561797752809,29.9157303370786,40.4494382022472,70.3651685393258,24.5786516853933,1.10018726601124,21.9709737837079,4.47619047657143,89.3904761942857
"AF0490","3","SR",262.5,34,49,114,163,65.5,0.666666667,64.25,0,"2",0,12.952380952381,18.6666666666667,43.4285714285714,62.0952380952381,24.952380952381,0.253968254095238,24.4761904761905,1.01781170534351,98.0916030534351,356,0.421348314606742,11.376404494382,22.0505617977528,34.6910112359551,56.7415730337079,31.8820224719101,0.688202247191011,30.8192883988764,2.15859030837004,96.6666666960352
"AF0496","3","SR",262.5,17.5,74,121.5,195.5,49.5,4.466666667,43.53333333,0,"1",0,6.66666666666667,28.1904761904762,46.2857142857143,74.4761904761905,18.8571428571429,1.70158730171429,16.5841269828571,9.02356902424242,87.9461279393939,356,7.7247191011236,10.6741573033708,45.7865168539326,29.7752808988764,75.561797752809,13.7640449438202,2.76685393258427,10.6788389522472,20.1020408163265,77.5850340204082
"AF0165","4","SE",320.5,52.5,120,104,224,44,16.48333333,26.03333333,7,"2",2.18408736349454,16.380655226209,37.4414976599064,32.4492979719189,69.8907956318253,13.7285491419657,5.14300571918877,8.12272490795632,37.4621212045455,59.1666666590909,356,2.10674157303371,9.8314606741573,33.9887640449438,40.3089887640449,74.2977528089888,15.8707865168539,3.41760299719101,12.2284644185393,21.5339233097345,77.0501474867257
"AF0170","4","SE",320.5,45,119,64.5,183.5,92,6.666666667,82.78333333,13,"2",4.05616224648986,14.0405616224649,37.1294851794072,20.1248049921997,57.2542901716069,28.7051482059282,2.08008320343214,25.8294331762871,7.24637681195652,89.9818840543478,356,2.24719101123596,8.98876404494382,38.4831460674157,25.1404494382022,63.623595505618,27.3876404494382,1.13295880140449,25.688202247191,4.13675213641026,93.7948717948718
"AF0182","4","SE",320.5,48,153,66,219,53.5,15.48333333,36.65,3.5,"1",1.09204368174727,14.9765990639626,47.7379095163807,20.5928237129485,68.3307332293292,16.6926677067083,4.83099323868955,11.4352574102964,28.9408099626168,68.5046728971963,356,1.12359550561798,10.252808988764,41.9943820224719,25.7022471910112,67.6966292134831,22.0505617977528,4.30711610393258,17.1488764044944,19.5329087006369,77.7707006369427
"AF0205","4","SE",320.5,66,132.5,76,208.5,46,0.366666667,45.51666667,60,"2",18.7207488299532,20.5928237129485,41.3416536661466,23.7129485179407,65.0546021840874,14.3525741029641,0.114404576287051,14.2017680717629,0.79710145,98.9492753695652,356,NA,NA,NA,NA,NA,NA,NA,NA,NA,NA
"AF0214","4","SE",320.5,23.5,139,108,247,50,2.933333333,46.51666667,6.5,"2",2.02808112324493,7.33229329173167,43.3697347893916,33.6973478939158,77.0670826833073,15.600624024961,0.915236609360375,14.5137805522621,5.866666666,93.03333334,356,0.98314606741573,5.0561797752809,21.3483146067416,60.814606741573,82.1629213483146,12.7808988764045,1.13295880140449,11.4981273398876,8.86446886373626,89.963369956044
"AF0233","4","SE",320.5,71,82,95.5,177.5,72,1.6,68.61666667,2.5,"1",0.78003120124805,22.1528861154446,25.585023400936,29.7971918876755,55.3822152886115,22.4648985959438,0.499219968798752,21.4092563712949,2.22222222222222,95.3009259305556,356,0.561797752808989,15.3089887640449,42.2752808988764,20.5056179775281,62.7808988764045,21.9101123595506,0.26685393258427,21.1610486882022,1.21794871794872,96.5811965769231
"AF0250","4","SE",320.5,27,125,99,224,69.5,5.716666667,50.9,2.5,"2",0.78003120124805,8.42433697347894,39.0015600624025,30.8892355694228,69.8907956318253,21.6848673946958,1.78367134695788,15.8814352574103,8.2254196647482,73.2374100719424,356,0.140449438202247,7.02247191011236,35.3932584269663,29.4943820224719,64.8876404494382,28.0898876404494,3.07116104775281,24.7378277162921,10.93333333,88.06666667
"AF0256","4","SE",320.5,33.5,119.5,87.5,207,80,1.416666667,77.01666667,2.5,"1",0.78003120124805,10.4524180967239,37.2854914196568,27.3010920436817,64.5865834633385,24.9609984399376,0.442017680811232,24.0301612074883,1.77083333375,96.2708333375,356,1.82584269662921,9.26966292134832,38.2022471910112,22.4719101123595,60.6741573033708,30.0561797752809,0.847378277247191,28.5299625561798,2.81931464205607,94.922118411215
"AF0280","4","SE",320.5,44,105.5,94,199.5,77,6.766666667,69.06666667,8.5,"1",2.65210608424337,13.7285491419657,32.9173166926677,29.3291731669267,62.2464898595944,24.0249609984399,2.11128445148206,21.5496619875195,8.78787878831169,89.6969697012987,356,0.702247191011236,8.70786516853933,40.1685393258427,26.685393258427,66.8539325842697,24.438202247191,2.21910112359551,21.8586142331461,9.08045977011494,89.4444444482759
"AF0286","4","SE",320.5,33.5,158,51,209,78,5.133333333,70.7,157,"1",48.9859594383775,10.4524180967239,49.2979719188768,15.9126365054602,65.210608424337,24.3369734789392,1.60166406645866,22.0592823712949,6.58119658076923,90.6410256410256,356,2.80898876404494,10.5337078651685,58.2865168539326,9.41011235955056,67.6966292134831,21.7696629213483,1.02996254691011,20.5992509353933,4.73118279612903,94.6236559096774
"AF0288","4","SE",320.5,44.5,168.5,32.5,201,75,5.616666667,69.08333333,0,"2",0,13.8845553822153,52.5741029641186,10.1404056162246,62.7145085803432,23.4009360374415,1.75247009890796,21.5548621934477,7.48888888933333,92.1111111066667,356,0,10.814606741573,49.8595505617978,13.2022471910112,63.061797752809,26.123595505618,1.94756554297753,23.9934456938202,7.45519713225807,91.8458781397849
"AF0295","4","SE",320.5,50,150.5,52.5,203,67.5,8.433333333,55.18333333,9,"2",2.80811232449298,15.600624024961,46.9578783151326,16.380655226209,63.3385335413417,21.0608424336973,2.63130525210608,17.2178887145086,12.49382716,81.7530864148148,356,4.7752808988764,12.9213483146067,52.6685393258427,10.5337078651685,63.2022471910112,23.876404494382,1.97565543061798,21.4934456938202,8.27450980352941,90.0196078470588
"AF0307","4","SE",320.5,29.5,105,80,185,106,10.26666667,94.46666667,4,"2",1.24804992199688,9.20436817472699,32.7613104524181,24.9609984399376,57.7223088923557,33.0733229329173,3.20332813416537,29.4747789921997,9.68553459433962,89.1194968584906,356,0.561797752808989,6.32022471910112,35.6741573033708,35.6741573033708,71.3483146067416,22.3314606741573,2.46722846432584,19.5692883904494,11.0482180289308,87.6310272578616
"AF0309","4","SE",320.5,30.5,151,73,224,66,9.116666667,51.45,5,"2",1.5600624024961,9.51638065522621,47.1138845553822,22.7769110764431,69.8907956318253,20.5928237129485,2.84451378065523,16.0530421216849,13.8131313136364,77.9545454545455,356,2.24719101123596,8.70786516853933,31.7415730337079,29.9157303370786,61.6573033707865,29.6348314606742,4.77059925,23.7687265926966,16.0979462843602,80.2053712511848
"AF0314","4","SE",320.5,31,75,115,190,99.5,15.45,82.48333333,27,"1",8.42433697347894,9.67238689547582,23.4009360374415,35.8814352574103,59.2823712948518,31.0452418096724,4.82059282371295,25.7358294321373,15.5276381909548,82.897822442211,356,3.23033707865169,5.0561797752809,30.4775280898876,41.7134831460674,72.1910112359551,22.752808988764,2.71067415730337,19.2649812724719,11.9135802469136,84.6707818888889
"AF0318","4","SE",320.5,75.5,101.5,65,166.5,78.5,6.95,70.55,3.5,"2",1.09204368174727,23.5569422776911,31.6692667706708,20.2808112324493,51.9500780031201,24.4929797191888,2.16848673946958,22.01248049922,8.85350318471338,89.8726114649681,356,2.80898876404494,16.2921348314607,43.6797752808989,18.2584269662921,61.938202247191,21.7696629213483,1.37640449438202,20.1404494382022,6.32258064516129,92.5161290322581
"AF0320","4","SE",320.5,37.5,125.5,60.5,186,97,9.966666667,85.61666667,12.5,"1",3.90015600624025,11.7004680187207,39.1575663026521,18.8767550702028,58.0343213728549,30.2652106084243,3.10972438907956,26.7134685397816,10.2749140896907,88.264604814433,356,0.280898876404494,8.42696629213483,46.0674157303371,19.2415730337079,65.3089887640449,26.2640449438202,2.3876404494382,22.8136704129213,9.09090909090909,86.8627451016043
"AF0336","4","SE",320.5,56.5,137.5,67,204.5,59.5,6.583333333,51.71666667,19.5,"2",6.08424336973479,17.6287051482059,42.9017160686427,20.9048361934477,63.8065522620905,18.5647425897036,2.05408216318253,16.136245450858,11.0644257697479,86.918767512605,356,3.65168539325843,7.7247191011236,49.1573033707865,21.6292134831461,70.7865168539326,21.4887640449438,2.16760299634831,18.9606741573034,10.0871459699346,88.2352941176471
"AF0355","4","SE",320.5,22,99,92.5,191.5,107,10.76666667,95.03333333,0.5,"1",0.15600624024961,6.86427457098284,30.8892355694228,28.8611544461778,59.7503900156006,33.3853354134165,3.35933437441498,29.6515860624025,10.0623052990654,88.8161993738318,356,0.140449438202247,6.32022471910112,34.1292134831461,35.3932584269663,69.5224719101124,24.1573033707865,1.03464419466292,14.3024344578652,4.28294573604651,59.2054263604651
"AF0361","4","SE",320.5,42.5,158.5,62,220.5,57.5,9.616666667,47.45,11.5,"1",3.58814352574103,13.2605304212168,49.4539781591264,19.3447737909516,68.798751950078,17.9407176287052,3.00052002090484,14.804992199688,16.7246376817391,82.5217391304348,356,9.97191011235955,23.0337078651685,40.1685393258427,16.5730337078652,56.7415730337079,20.2247191011236,2.17696629213483,17.7247191011236,10.7638888888889,87.6388888888889
"AF0378","4","SE",320.5,39.5,156,78.5,234.5,46.5,1.7,43.45,18,"1",5.61622464898596,12.3244929797192,48.6739469578783,24.4929797191888,73.1669266770671,14.5085803432137,0.530421216848674,13.5569422776911,3.65591397849462,93.4408602150538,356,10.9550561797753,24.7191011235955,33.1460674157303,26.4044943820225,59.5505617977528,15.7303370786517,1.34831460674157,13.8389513117978,8.57142857142857,87.9761904821429
"AF0386","4","SE",NA,NA,NA,NA,NA,NA,NA,NA,NA,"1",NA,NA,NA,NA,NA,NA,NA,NA,NA,NA,356,9.41011235955056,13.061797752809,43.6797752808989,28.9325842696629,72.6123595505618,14.3258426966292,0.533707865168539,13.5486891376404,3.72549019607843,94.5751633921569
"AF0388","4","SE",NA,NA,NA,NA,NA,NA,NA,NA,NA,"1",NA,NA,NA,NA,NA,NA,NA,NA,NA,NA,356,2.94943820224719,10.9550561797753,35.1123595505618,31.8820224719101,66.9943820224719,22.0505617977528,3.22097378370787,18.2350187275281,14.6072186878981,82.6963906624204
"AF0399","4","SE",320.5,36,168,49.5,217.5,67,8.966666667,57.16666667,5,"1",1.5600624024961,11.2324492979719,52.418096723869,15.4446177847114,67.8627145085804,20.9048361934477,2.79771190858034,17.8367134695788,13.3830845776119,85.3233830895522,356,3.51123595505618,20.2247191011236,47.8932584269663,12.3595505617978,60.252808988764,19.5224719101124,1.56367041207865,17.7013108623596,8.00959232661871,90.6714628345324
"AF0406","4","SE",320.5,24.5,140,121,261,35,4.066666667,29.53333333,0,"2",0,7.64430577223089,43.6817472698908,37.7535101404056,81.4352574102964,10.9204368174727,1.26885075413417,9.21476858970359,11.61904762,84.3809523714286,356,2.80898876404494,8.28651685393258,39.6067415730337,27.5280898876405,67.1348314606742,24.5786516853933,3.4644194747191,20.1966292134831,14.0952380914286,82.1714285714286
"AF409","4","SE",320.5,21,140,98,238,61.5,12.96666667,46.81666667,11,"2",3.43213728549142,6.55226209048362,43.6817472698908,30.5772230889236,74.2589703588144,19.188767550702,4.04576183151326,14.6073842964119,21.0840108455285,76.1246612520325,356,0.280898876404494,3.79213483146067,38.2022471910112,32.4438202247191,70.6460674157303,25.561797752809,2.6685393258427,21.7368913848315,10.4395604395604,85.036630032967
"AF0411","4","SE",320.5,34.5,109,103.5,212.5,73.5,3.7,68.7,0,"2",0,10.7644305772231,34.009360374415,32.2932917316693,66.3026521060843,22.9329173166927,1.15444617784711,21.4352574102964,5.03401360544218,93.469387755102,356,0.561797752808989,6.17977528089888,28.6516853932584,40.4494382022472,69.1011235955056,24.7191011235955,1.23127340814607,23.0664794016854,4.98106060568182,93.3143939431818
"AF0421","4","SE",320.5,60,114,88,202,58.5,9.816666667,47.01666667,7.5,"2",2.34009360374415,18.7207488299532,35.5694227769111,27.4570982839314,63.0265210608424,18.2527301092044,3.06292251700468,14.6697867925117,16.7806267811966,80.3703703760684,356,0.280898876404494,9.26966292134832,32.4438202247191,34.1292134831461,66.5730337078652,24.1573033707865,2.35486891376405,21.1657303370786,9.74806201511628,87.6162790697674
"AF0431","4","SE",320.5,26,132.5,90.5,223,71.5,8.683333333,61.71666667,0,"2",0,8.11232449297972,41.3416536661466,28.2371294851794,69.578783151326,22.3088923556942,2.70930837223089,19.2563702558502,12.1445221440559,86.3170163216783,356,0.421348314606742,10.9550561797753,29.6348314606742,35.3932584269663,65.0280898876404,24.0168539325843,1.17509363286517,22.1254681657303,4.89278752397661,92.1247563391813
"AF0438","4","SE",320.5,29.5,116.5,95,211.5,79.5,8.233333333,69.83333333,1,"2",0.31201248049922,9.20436817472699,36.3494539781591,29.6411856474259,65.990639625585,24.804992199688,2.56890275600624,21.7888715538222,10.3563941295597,87.8406708553459,356,0,6.46067415730337,40.4494382022472,26.123595505618,66.5730337078652,26.9662921348315,2.3314606741573,24.517790261236,8.64583333333333,90.9201388854167
"AF0465","4","SE",320.5,21.5,148.5,80.5,229,70,8.933333333,59.93333333,0,"1",0,6.70826833073323,46.3338533541342,25.1170046801872,71.4508580343214,21.8408736349454,2.78731149235569,18.6999479968799,12.7619047614286,85.6190476142857,356,0.140449438202247,7.7247191011236,38.3426966292135,24.438202247191,62.7808988764045,29.4943820224719,2.96348314606742,26.3202247191011,10.047619047619,89.2380952380952
"AF0467","4","SE",320.5,22,100.5,136,236.5,62,3.45,57.96666667,0,"1",0,6.86427457098284,31.3572542901716,42.4336973478939,73.7909516380655,19.3447737909516,1.07644305772231,18.0863234539782,5.56451612903226,93.4946236612903,356,0,8.14606741573034,31.0393258426966,38.2022471910112,69.2415730337079,22.6123595505618,0.660112359550562,21.6573033707865,2.91925465838509,95.7763975155279
"AF0468","4","SE",320.5,44.5,87,129,216,60,10.16666667,47.03333333,10.5,"1",3.27613104524181,13.8845553822153,27.1450858034321,40.2496099843994,67.3946957878315,18.7207488299532,3.17212688611544,14.6749869984399,16.94444445,78.3888888833333,356,3.08988764044944,14.0449438202247,24.7191011235955,39.3258426966292,64.0449438202247,21.9101123595506,2.40636704129213,18.8342696629213,10.9829059833333,85.9615384615385
"AF0469","4","SE",320.5,37.5,119.5,92,211.5,71.5,5,66.23333333,5.5,"1",1.71606864274571,11.7004680187207,37.2854914196568,28.7051482059282,65.990639625585,22.3088923556942,1.5600624024961,20.665626624025,6.99300699300699,92.6340326293706,356,2.3876404494382,5.89887640449438,40.7303370786517,29.0730337078652,69.8033707865169,24.2977528089888,1.01591760308989,23.1367041207865,4.18111753410405,95.2215799653179
"AF0490","4","SE",320.5,43.5,128.5,92,220.5,56.5,3.766666667,51.83333333,5.5,"2",1.71606864274571,13.5725429017161,40.0936037441498,28.7051482059282,68.798751950078,17.6287051482059,1.1752470099844,16.1726469048362,6.66666666725664,91.7404129734513,356,2.24719101123596,9.97191011235955,39.3258426966292,30.4775280898876,69.8033707865169,20.2247191011236,0.964419475561798,18.9513108623595,4.76851851805556,93.7037037083333
"AF0496","4","SE",320.5,48,154.5,82,236.5,36,7.083333333,28.38333333,43.5,"1",13.5725429017161,14.9765990639626,48.2059282371295,25.585023400936,73.7909516380655,11.2324492979719,2.21008840343214,8.85595423712948,19.675925925,78.8425925833333,356,0.98314606741573,11.938202247191,43.3988764044944,24.0168539325843,67.4157303370787,20.6460674157303,5.3979400758427,14.8829588005618,26.1451247210884,72.0861677959184
"AF0165","4","SR",320.5,19.5,80.5,145.5,226,75,15.81666667,57.71666667,3.5,"2",1.09204368174727,6.08424336973479,25.1170046801872,45.3978159126365,70.5148205928237,23.4009360374415,4.93499740093604,18.0083203338534,21.0888888933333,76.95555556,356,4.91573033707865,11.938202247191,36.2359550561798,36.938202247191,73.1741573033708,14.8876404494382,3.44101123595506,11.123595505618,23.1132075471698,74.7169811320755
"AF0170","4","SR",320.5,24.5,133,85,218,78,0.233333333,71.41666667,2.5,"2",0.78003120124805,7.64430577223089,41.4976599063963,26.5210608424337,68.0187207488299,24.3369734789392,0.0728029120124805,22.2828913166927,0.299145298717949,91.5598290641026,356,0.561797752808989,14.3258426966292,41.8539325842697,24.1573033707865,66.0112359550562,19.6629213483146,1.09550561797753,18.164794008427,5.57142857142857,92.3809523857143
"AF0182","4","SR",320.5,34,120.5,100,220.5,66,10.01666667,53.55,6.5,"1",2.02808112324493,10.6084243369735,37.597503900156,31.201248049922,68.798751950078,20.5928237129485,3.12532501404056,16.7082683307332,15.1767676818182,81.1363636363636,356,0.561797752808989,8.84831460674157,49.8595505617978,21.7696629213483,71.6292134831461,19.5224719101124,4.62546816573034,14.1432584269663,23.6930455683453,72.4460431654676
"AF0205","4","SR",NA,NA,NA,NA,NA,NA,NA,NA,NA,"2",NA,NA,NA,NA,NA,NA,NA,NA,NA,NA,356,NA,NA,NA,NA,NA,NA,NA,NA,NA,NA
"AF0214","4","SR",320.5,15,77.5,165.5,243,62.5,5.683333333,56.28333333,1,"2",0.31201248049922,4.6801872074883,24.1809672386895,51.6380655226209,75.8190327613105,19.5007800312012,1.77327093073323,17.5611024430577,9.0933333328,90.053333328,356,0.280898876404494,2.6685393258427,34.9719101123596,46.9101123595506,81.8820224719101,15.4494382022472,1.60580524353933,13.7874531825843,10.3939393945455,89.2424242363636
"AF0233","4","SR",320.5,45,81.5,124.5,206,69.5,1.8,65.95,0.5,"1",0.15600624024961,14.0405616224649,25.4290171606864,38.8455538221529,64.2745709828393,21.6848673946958,0.561622464898596,20.5772230889236,2.58992805755396,94.8920863309353,356,0,16.9943820224719,39.4662921348315,25.561797752809,65.0280898876404,17.9775280898876,1.27340823960674,16.1376404494382,7.0833333328125,89.765625
"AF0250","4","SR",320.5,24.5,83,129,212,84,7.266666667,75.86666667,2,"2",0.62402496099844,7.64430577223089,25.8970358814353,40.2496099843994,66.1466458658346,26.2090483619345,2.26729069173167,23.6713468549142,8.65079365119048,90.3174603214286,356,0.280898876404494,6.88202247191011,29.3539325842697,38.4831460674157,67.8370786516854,25.2808988764045,2.25187265926966,22.6217228455056,8.90740740777778,89.4814814777778
"AF0256","4","SR",320.5,17,123,84,207,96.5,2.6,90.36666667,8.5,"1",2.65210608424337,5.30421216848674,38.3775351014041,26.2090483619345,64.5865834633385,30.1092043681747,0.811232449297972,28.1955278221529,2.69430051813472,93.6442141658031,356,0.140449438202247,4.21348314606742,35.6741573033708,31.7415730337079,67.4157303370787,28.3707865168539,0.0327715356741573,27.5608614241573,0.115511551485149,97.1452145247525
"AF0280","4","SR",320.5,26,124.5,98,222.5,72,9.966666667,60.68333333,1,"1",0.31201248049922,8.11232449297972,38.8455538221529,30.5772230889236,69.4227769110764,22.4648985959438,3.10972438907956,18.9339573572543,13.8425925930556,84.2824074027778,356,0.702247191011236,10.3932584269663,29.2134831460674,31.7415730337079,60.9550561797753,28.6516853932584,4.07303370786517,24.2649812724719,14.2156862745098,84.6895424803921
"AF0286","4","SR",320.5,23,163,67,230,67.5,1.65,64.9,4,"1",1.24804992199688,7.17628705148206,50.8580343213729,20.9048361934477,71.7628705148206,21.0608424336973,0.514820592823713,20.2496099843994,2.44444444444444,96.1481481481482,356,1.96629213483146,11.2359550561798,53.9325842696629,12.7808988764045,66.7134831460674,22.0505617977528,1.06273408230337,20.9129213483146,4.81953290828025,94.8407643312102
"AF0288","4","SR",320.5,26.5,167,49.5,216.5,77.5,5.1,71.83333333,1,"2",0.31201248049922,8.26833073322933,52.1060842433697,15.4446177847114,67.5507020280811,24.1809672386895,1.59126365054602,22.4128965148206,6.58064516129032,92.6881720387097,356,2.10674157303371,9.69101123595506,55.1966292134831,13.9044943820225,69.1011235955056,21.2078651685393,0.0842696629213483,20.8520599241573,0.397350993377483,98.3222958013245
"AF0295","4","SR",320.5,35.5,186.5,26.5,213,72,3.266666667,67.53333333,3,"2",0.93603744149766,11.0764430577223,58.1903276131045,8.26833073322933,66.4586583463338,22.4648985959438,1.01924076973479,21.071242848674,4.5370370375,93.7962962916667,356,6.60112359550562,7.58426966292135,53.0898876404494,18.9606741573034,72.0505617977528,20.3651685393258,3.02434457022472,16.7134831460674,14.8505747172414,82.0689655172414
"AF0307","4","SR",320.5,23,83,119.5,202.5,95,13.48333333,78.28333333,3,"2",0.93603744149766,7.17628705148206,25.8970358814353,37.2854914196568,63.182527301092,29.6411856474259,4.20696827769111,24.4253770140406,14.1929824526316,82.4035087684211,356,10.5337078651685,6.60112359550562,27.5280898876405,29.7752808988764,57.3033707865169,36.0955056179775,3.94662921348315,30.9925093539326,10.9338521400778,85.8625161867704
"AF0309","4","SR",320.5,19.5,77,108,185,116,22.51666667,88.56666667,27,"2",8.42433697347894,6.08424336973479,24.0249609984399,33.6973478939158,57.7223088923557,36.1934477379095,7.02548102028081,27.6339053572543,19.4109195431034,76.3505747155173,356,1.40449438202247,9.69101123595506,35.3932584269663,29.3539325842697,64.747191011236,25.561797752809,5.35580524438202,18.9185393258427,20.952380956044,74.010989010989
"AF0314","4","SR",320.5,11,94,161,255,54.5,6.583333333,47.46666667,8,"1",2.49609984399376,3.43213728549142,29.3291731669267,50.2340093603744,79.5631825273011,17.0046801872075,2.05408216318253,14.8101924087364,12.0795107027523,87.0948012293578,356,2.52808988764045,4.49438202247191,18.9606741573034,45.9269662921348,64.8876404494382,30.6179775280899,3.6938202247191,26.5308988764045,12.0642201834862,86.651376146789
"AF0318","4","SR",320.5,38.5,151.5,55.5,207,75,5.966666667,67.66666667,2,"2",0.62402496099844,12.01248049922,47.2698907956318,17.3166926677067,64.5865834633385,23.4009360374415,1.86167446708268,21.1128445148206,7.955555556,90.2222222266667,356,1.54494382022472,16.1516853932584,42.9775280898876,18.8202247191011,61.7977528089888,22.0505617977528,1.54026217219101,20.0421348314607,6.98513800382166,90.8917197452229
"AF0320","4","SR",320.5,38.5,125,76,201,81,10.23333333,69.71666667,9.5,"1",2.96411856474259,12.01248049922,39.0015600624025,23.7129485179407,62.7145085803432,25.2730109204368,3.19292771606864,21.752470099844,12.6337448518519,86.0699588518519,356,24.1573033707865,14.6067415730337,36.376404494382,22.752808988764,59.1292134831461,26.2640449438202,4.34456928932584,21.5870786516854,16.541889486631,82.192513368984
"AF0336","4","SR",320.5,20,107.5,105.5,213,87.5,8.216666667,77.03333333,3.5,"2",1.09204368174727,6.2402496099844,33.5413416536661,32.9173166926677,66.4586583463338,27.3010920436817,2.56370254820593,24.0353614134165,9.39047619085714,88.0380952342857,356,4.07303370786517,7.7247191011236,38.9044943820225,27.8089887640449,66.7134831460674,25.561797752809,2.25187265926966,22.8511235955056,8.80952380989011,89.3956043956044
"AF0355","4","SR",320.5,14,126,120.5,246.5,60,4.216666667,53.58333333,1,"1",0.31201248049922,4.36817472698908,39.3135725429017,37.597503900156,76.9110764430577,18.7207488299532,1.31565262620905,16.7186687457098,7.02777777833333,89.30555555,356,0.561797752808989,4.35393258426966,36.6573033707865,29.4943820224719,66.1516853932584,29.4943820224719,2.53745318342697,26.2827715365169,8.60317460285714,89.1111111142857
"AF0361","4","SR",320.5,39,105,86,191,90.5,8.116666667,81.38333333,27.5,"1",8.58034321372855,12.1684867394696,32.7613104524181,26.8330733229329,59.594383775351,28.2371294851794,2.53250130015601,25.3926157035881,8.96869244972376,89.9263351712707,356,3.93258426966292,10.252808988764,42.4157303370786,20.7865168539326,63.2022471910112,26.5449438202247,5.12172284550562,21.1657303370786,19.2945326243386,79.7354497354497
"AF0378","4","SR",320.5,22,98,102,200,98.5,1.783333333,95.6,2,"1",0.62402496099844,6.86427457098284,30.5772230889236,31.8252730109204,62.402496099844,30.7332293291732,0.556422256786271,29.8283931357254,1.81049069340102,97.0558375634518,356,5.89887640449438,12.6404494382022,29.9157303370786,32.1629213483146,62.0786516853933,25.2808988764045,0.674157303370786,23.497191011236,2.66666666666667,92.9444444444445
"AF0386","4","SR",NA,NA,NA,NA,NA,NA,NA,NA,NA,"1",NA,NA,NA,NA,NA,NA,NA,NA,NA,NA,356,1.40449438202247,6.88202247191011,38.3426966292135,35.3932584269663,73.7359550561798,19.3820224719101,0.716292134831461,18.291198502809,3.69565217391304,94.3719806811594
"AF0388","4","SR",320.5,29.5,83.5,113,196.5,94.5,10.53333333,80.85,7,"1",2.18408736349454,9.20436817472699,26.0530421216849,35.2574102964119,61.3104524180967,29.4851794071763,3.28653146021841,25.2262090483619,11.1463844761905,85.5555555555556,356,0.98314606741573,9.26966292134832,33.2865168539326,28.6516853932584,61.938202247191,28.7921348314607,1.96161048679775,24.9438202247191,6.8130081297561,86.6341463414634
"AF0399","4","SR",320.5,29,128,67,195,96.5,10,85.93333333,2.5,"1",0.78003120124805,9.04836193447738,39.9375975039002,20.9048361934477,60.8424336973479,30.1092043681747,3.1201248049922,26.8122724898596,10.3626943005181,89.0500863523316,356,6.60112359550562,8.28651685393258,43.9606741573034,18.6797752808989,62.6404494382023,29.0730337078652,4.2041198511236,23.9513108623596,14.4605475072464,82.3832528212561
"AF0406","4","SR",320.5,21.5,123,108.5,231.5,67.5,5.966666667,60.26666667,2.5,"2",0.78003120124805,6.70826833073323,38.3775351014041,33.8533541341654,72.2308892355694,21.0608424336973,1.86167446708268,18.8039521591264,8.83950617333333,89.2839506222222,356,0.561797752808989,9.8314606741573,35.814606741573,32.1629213483146,67.9775280898876,22.1910112359551,1.77902621713483,19.7518726601124,8.01687763670886,89.0084388227848
"AF409","4","SR",320.5,17,117,103.5,220.5,83,7.616666667,74.38333333,0,"2",0,5.30421216848674,36.5054602184087,32.2932917316693,68.798751950078,25.8970358814353,2.3764950599064,23.2085283400936,9.17670682771084,89.6184738915663,356,0,3.23033707865169,29.6348314606742,34.9719101123596,64.6067415730337,32.1629213483146,1.17041198511236,29.358614241573,3.63901018951965,91.2809316157205
"AF0411","4","SR",320.5,14,117,118.5,235.5,71,3.3,66.3,3.5,"2",1.09204368174727,4.36817472698908,36.5054602184087,36.9734789391576,73.4789391575663,22.1528861154446,1.02964118564743,20.6864274570983,4.64788732394366,93.3802816901408,356,0,5.33707865168539,33.1460674157303,39.747191011236,72.8932584269663,21.7696629213483,1.67602996264045,19.9157303370787,7.6989247316129,91.4838709677419
"AF0421","4","SR",320.5,34,83,118,201,85.5,6.35,76.75,0.5,"2",0.15600624024961,10.6084243369735,25.8970358814353,36.817472698908,62.7145085803432,26.6770670826833,1.98127925117005,23.9469578783151,7.42690058479532,89.766081871345,356,0.280898876404494,8.84831460674157,30.6179775280899,33.0056179775281,63.623595505618,27.5280898876405,2.30805243455056,24.3398876404494,8.38435374183674,88.4183673469388
"AF0431","4","SR",320.5,13,87,115.5,202.5,105,8.1,96.38333333,0,"2",0,4.05616224648986,27.1450858034321,36.0374414976599,63.182527301092,32.7613104524181,2.52730109204368,30.0728029110764,7.71428571428571,91.7936507904762,356,0,8.98876404494382,32.7247191011236,33.0056179775281,65.7303370786517,25.2808988764045,0.922284644101124,23.97940075,3.64814814777778,94.8518518555556
"AF0438","4","SR",320.5,16.5,124.5,101,225.5,78.5,5.416666667,71.56666667,0,"2",0,5.14820592823713,38.8455538221529,31.5132605304212,70.3588143525741,24.4929797191888,1.69006760280811,22.3296931887676,6.90021231464968,91.1677282420382,356,1.40449438202247,6.32022471910112,43.1179775280899,24.5786516853933,67.6966292134831,25.9831460674157,1.60580524353933,24.105805244382,6.18018018054054,92.7747747783784
"AF0465","4","SR",320.5,22,124.5,74,198.5,100,10.43333333,88.68333333,0,"1",0,6.86427457098284,38.8455538221529,23.0889235569423,61.9344773790952,31.201248049922,3.25533021216849,27.6703068112324,10.43333333,88.68333333,356,0.421348314606742,5.0561797752809,37.0786516853933,31.8820224719101,68.9606741573034,25.9831460674157,3.06647940168539,22.5655430702247,11.8018018054054,86.8468468432432
"AF0467","4","SR",320.5,21,121.5,100.5,222,77.5,0.083333333,43.68333333,0,"1",0,6.55226209048362,37.9095163806552,31.3572542901716,69.2667706708268,24.1809672386895,0.0260010399375975,13.6297451887676,0.107526881290323,56.3655913935484,356,0,7.7247191011236,28.6516853932584,33.7078651685393,62.3595505617977,29.9157303370786,0.61329588005618,29.0121722752809,2.05007824694836,96.9796556807512
"AF0468","4","SR",320.5,45,52.5,162.5,215,60.5,1.7,57.21666667,11,"1",3.43213728549142,14.0405616224649,16.380655226209,50.7020280811232,67.0826833073323,18.8767550702028,0.530421216848674,17.8523140936037,2.8099173553719,94.5730027603306,356,1.40449438202247,12.3595505617978,31.6011235955056,35.1123595505618,66.7134831460674,20.9269662921348,2.01310861432584,18.1741573033708,9.61968680134228,86.8456375838926
"AF0469","4","SR",320.5,34.5,120.5,101.5,222,64,1.866666667,61.83333333,0,"1",0,10.7644305772231,37.597503900156,31.6692667706708,69.2667706708268,19.9687987519501,0.582423297035881,19.2927717098284,2.9166666671875,96.614583328125,356,1.82584269662921,5.0561797752809,29.9157303370786,40.4494382022472,70.3651685393258,24.5786516853933,1.10018726601124,21.9709737837079,4.47619047657143,89.3904761942857
"AF0490","4","SR",320.5,24.5,64.5,136.5,201,95,1.45,93.03333333,1.5,"2",0.46801872074883,7.64430577223089,20.1248049921997,42.5897035881435,62.7145085803432,29.6411856474259,0.452418096723869,29.0275611014041,1.52631578947368,97.9298245578947,356,0.421348314606742,11.376404494382,22.0505617977528,34.6910112359551,56.7415730337079,31.8820224719101,0.688202247191011,30.8192883988764,2.15859030837004,96.6666666960352
"AF0496","4","SR",320.5,33.5,105.5,126,231.5,55.5,4.166666667,50.05,13,"1",4.05616224648986,10.4524180967239,32.9173166926677,39.3135725429017,72.2308892355694,17.3166926677067,1.30005200218409,15.616224648986,7.50750750810811,90.1801801801802,356,7.7247191011236,10.6741573033708,45.7865168539326,29.7752808988764,75.561797752809,13.7640449438202,2.76685393258427,10.6788389522472,20.1020408163265,77.5850340204082
"AF0165","5","SE",337.5,44.5,140.5,105,245.5,47.5,8.3,38.4,2.5,"2",0.740740740740741,13.1851851851852,41.6296296296296,31.1111111111111,72.7407407407407,14.0740740740741,2.45925925925926,11.3777777777778,17.4736842105263,80.8421052631579,356,2.10674157303371,9.8314606741573,33.9887640449438,40.3089887640449,74.2977528089888,15.8707865168539,3.41760299719101,12.2284644185393,21.5339233097345,77.0501474867257
"AF0170","5","SE",337.5,57,143.5,71.5,215,65.5,3,60.28333333,11.5,"2",3.40740740740741,16.8888888888889,42.5185185185185,21.1851851851852,63.7037037037037,19.4074074074074,0.888888888888889,17.8617283940741,4.58015267175572,92.0356234045802,356,2.24719101123596,8.98876404494382,38.4831460674157,25.1404494382022,63.623595505618,27.3876404494382,1.13295880140449,25.688202247191,4.13675213641026,93.7948717948718
"AF0182","5","SE",337.5,38.5,162.5,63,225.5,73.5,12.96666667,58.66666667,4.5,"1",1.33333333333333,11.4074074074074,48.1481481481481,18.6666666666667,66.8148148148148,21.7777777777778,3.84197530962963,17.3827160503704,17.6417233605442,79.8185941088435,356,1.12359550561798,10.252808988764,41.9943820224719,25.7022471910112,67.6966292134831,22.0505617977528,4.30711610393258,17.1488764044944,19.5329087006369,77.7707006369427
"AF0205","5","SE",337.5,41.5,119.5,80.5,200,96,4.55,90.38333333,60.5,"2",17.9259259259259,12.2962962962963,35.4074074074074,23.8518518518519,59.2592592592593,28.4444444444444,1.34814814814815,26.7802469125926,4.73958333333333,94.1493055520833,356,NA,NA,NA,NA,NA,NA,NA,NA,NA,NA
"AF0214","5","SE",337.5,17,132,147,279,41.5,4.966666667,36.31666667,4.5,"2",1.33333333333333,5.03703703703704,39.1111111111111,43.5555555555556,82.6666666666667,12.2962962962963,1.47160493837037,10.7604938281481,11.967871486747,87.5100401686747,356,0.98314606741573,5.0561797752809,21.3483146067416,60.814606741573,82.1629213483146,12.7808988764045,1.13295880140449,11.4981273398876,8.86446886373626,89.963369956044
"AF0233","5","SE",337.5,61,136,71,207,69.5,4.133333333,63.83333333,1,"1",0.296296296296296,18.0740740740741,40.2962962962963,21.037037037037,61.3333333333333,20.5925925925926,1.22469135792593,18.9135802459259,5.9472422057554,91.8465227769784,356,0.561797752808989,15.3089887640449,42.2752808988764,20.5056179775281,62.7808988764045,21.9101123595506,0.26685393258427,21.1610486882022,1.21794871794872,96.5811965769231
"AF0250","5","SE",337.5,30.5,128,101.5,229.5,77.5,10.41666667,65.78333333,3.5,"2",1.03703703703704,9.03703703703704,37.9259259259259,30.0740740740741,68,22.962962962963,3.08641975407407,19.4913580237037,13.4408602193548,84.8817204258065,356,0.140449438202247,7.02247191011236,35.3932584269663,29.4943820224719,64.8876404494382,28.0898876404494,3.07116104775281,24.7378277162921,10.93333333,88.06666667
"AF0256","5","SE",337.5,33.5,135,104,239,65,0.633333333,62.6,1.5,"1",0.444444444444444,9.92592592592593,40,30.8148148148148,70.8148148148148,19.2592592592593,0.187654320888889,18.5481481481482,0.974358973846154,96.3076923076923,356,1.82584269662921,9.26966292134832,38.2022471910112,22.4719101123595,60.6741573033708,30.0561797752809,0.847378277247191,28.5299625561798,2.81931464205607,94.922118411215
"AF0280","5","SE",337.5,60,132.5,83,215.5,62,5.716666667,55.08333333,8,"1",2.37037037037037,17.7777777777778,39.2592592592593,24.5925925925926,63.8518518518518,18.3703703703704,1.69382716059259,16.3209876533333,9.22043010806452,88.844086016129,356,0.702247191011236,8.70786516853933,40.1685393258427,26.685393258427,66.8539325842697,24.438202247191,2.21910112359551,21.8586142331461,9.08045977011494,89.4444444482759
"AF0286","5","SE",337.5,30,192.5,42,234.5,73,5.85,66.11666667,6,"1",1.77777777777778,8.88888888888889,57.037037037037,12.4444444444444,69.4814814814815,21.6296296296296,1.73333333333333,19.5901234577778,8.01369863013699,90.570776260274,356,2.80898876404494,10.5337078651685,58.2865168539326,9.41011235955056,67.6966292134831,21.7696629213483,1.02996254691011,20.5992509353933,4.73118279612903,94.6236559096774
"AF0288","5","SE",337.5,44,197,34.5,231.5,62,5.7,55.48333333,1.5,"2",0.444444444444444,13.037037037037,58.3703703703704,10.2222222222222,68.5925925925926,18.3703703703704,1.68888888888889,16.4395061718519,9.19354838709677,89.4892473064516,356,0,10.814606741573,49.8595505617978,13.2022471910112,63.061797752809,26.123595505618,1.94756554297753,23.9934456938202,7.45519713225807,91.8458781397849
"AF0295","5","SE",337.5,55.5,175.5,16.5,192,90,12.36666667,73,79.5,"2",23.5555555555556,16.4444444444444,52,4.88888888888889,56.8888888888889,26.6666666666667,3.66419753185185,21.6296296296296,13.7407407444444,81.1111111111111,356,4.7752808988764,12.9213483146067,52.6685393258427,10.5337078651685,63.2022471910112,23.876404494382,1.97565543061798,21.4934456938202,8.27450980352941,90.0196078470588
"AF0307","5","SE",337.5,29.5,99,113.5,212.5,95.5,14.13333333,80.23333333,2.5,"2",0.740740740740741,8.74074074074074,29.3333333333333,33.6296296296296,62.962962962963,28.2962962962963,4.18765432,23.7728395051852,14.7993019162304,84.0139616020942,356,0.561797752808989,6.32022471910112,35.6741573033708,35.6741573033708,71.3483146067416,22.3314606741573,2.46722846432584,19.5692883904494,11.0482180289308,87.6310272578616
"AF0309","5","SE",337.5,38.5,115,106.5,221.5,77.5,15.3,55.91666667,9.5,"2",2.81481481481481,11.4074074074074,34.0740740740741,31.5555555555556,65.6296296296296,22.962962962963,4.53333333333333,16.5679012355556,19.741935483871,72.1505376387097,356,2.24719101123596,8.70786516853933,31.7415730337079,29.9157303370786,61.6573033707865,29.6348314606742,4.77059925,23.7687265926966,16.0979462843602,80.2053712511848
"AF0314","5","SE",337.5,40,109.5,137,246.5,51,11.28333333,38.55,15,"1",4.44444444444444,11.8518518518519,32.4444444444444,40.5925925925926,73.037037037037,15.1111111111111,3.34320987555556,11.4222222222222,22.124183,75.5882352941177,356,3.23033707865169,5.0561797752809,30.4775280898876,41.7134831460674,72.1910112359551,22.752808988764,2.71067415730337,19.2649812724719,11.9135802469136,84.6707818888889
"AF0318","5","SE",NA,NA,NA,NA,NA,NA,NA,NA,NA,"2",NA,NA,NA,NA,NA,NA,NA,NA,NA,NA,356,2.80898876404494,16.2921348314607,43.6797752808989,18.2584269662921,61.938202247191,21.7696629213483,1.37640449438202,20.1404494382022,6.32258064516129,92.5161290322581
"AF0320","5","SE",337.5,40,123.5,80,203.5,94,10.41666667,82.23333333,8,"1",2.37037037037037,11.8518518518519,36.5925925925926,23.7037037037037,60.2962962962963,27.8518518518519,3.08641975407407,24.3654320977778,11.081560287234,87.4822695,356,0.280898876404494,8.42696629213483,46.0674157303371,19.2415730337079,65.3089887640449,26.2640449438202,2.3876404494382,22.8136704129213,9.09090909090909,86.8627451016043
"AF0336","5","SE",337.5,49.5,156.5,69,225.5,62.5,7.266666667,54.25,13,"2",3.85185185185185,14.6666666666667,46.3703703703704,20.4444444444444,66.8148148148148,18.5185185185185,2.15308641985185,16.0740740740741,11.6266666672,86.8,356,3.65168539325843,7.7247191011236,49.1573033707865,21.6292134831461,70.7865168539326,21.4887640449438,2.16760299634831,18.9606741573034,10.0871459699346,88.2352941176471
"AF0355","5","SE",337.5,23.5,148.5,95.5,244,70,6.216666667,62.28333333,0,"1",0,6.96296296296296,44,28.2962962962963,72.2962962962963,20.7407407407407,1.84197530874074,18.4543209866667,8.88095238142857,88.9761904714286,356,0.140449438202247,6.32022471910112,34.1292134831461,35.3932584269663,69.5224719101124,24.1573033707865,1.03464419466292,14.3024344578652,4.28294573604651,59.2054263604651
"AF0361","5","SE",337.5,36.5,174.5,64,238.5,62.5,13.98333333,47.28333333,11,"1",3.25925925925926,10.8148148148148,51.7037037037037,18.962962962963,70.6666666666667,18.5185185185185,4.14320987555556,14.0098765422222,22.373333328,75.653333328,356,9.97191011235955,23.0337078651685,40.1685393258427,16.5730337078652,56.7415730337079,20.2247191011236,2.17696629213483,17.7247191011236,10.7638888888889,87.6388888888889
"AF0378","5","SE",337.5,51,122,85,207,79.5,2.3,72.51666667,158,"1",46.8148148148148,15.1111111111111,36.1481481481481,25.1851851851852,61.3333333333333,23.5555555555556,0.681481481481481,21.4864197540741,2.89308176100629,91.215932918239,356,10.9550561797753,24.7191011235955,33.1460674157303,26.4044943820225,59.5505617977528,15.7303370786517,1.34831460674157,13.8389513117978,8.57142857142857,87.9761904821429
"AF0386","5","SE",337.5,74,140.5,83,223.5,40,1.8,37.71666667,0,"1",0,21.9259259259259,41.6296296296296,24.5925925925926,66.2222222222222,11.8518518518519,0.533333333333333,11.175308642963,4.5,94.291666675,356,9.41011235955056,13.061797752809,43.6797752808989,28.9325842696629,72.6123595505618,14.3258426966292,0.533707865168539,13.5486891376404,3.72549019607843,94.5751633921569
"AF0388","5","SE",337.5,33.5,132,92,224,80,9.516666667,66.38333333,3.5,"1",1.03703703703704,9.92592592592593,39.1111111111111,27.2592592592593,66.3703703703704,23.7037037037037,2.81975308651852,19.6691358014815,11.89583333375,82.9791666625,356,2.94943820224719,10.9550561797753,35.1123595505618,31.8820224719101,66.9943820224719,22.0505617977528,3.22097378370787,18.2350187275281,14.6072186878981,82.6963906624204
"AF0399","5","SE",337.5,35.5,183,53.5,236.5,65.5,12.76666667,51.56666667,5.5,"1",1.62962962962963,10.5185185185185,54.2222222222222,15.8518518518519,70.0740740740741,19.4074074074074,3.78271605037037,15.2790123466667,19.4910941526718,78.7277353740458,356,3.51123595505618,20.2247191011236,47.8932584269663,12.3595505617978,60.252808988764,19.5224719101124,1.56367041207865,17.7013108623596,8.00959232661871,90.6714628345324
"AF0406","5","SE",337.5,26,141.5,87,228.5,83,8.333333333,72.3,14,"2",4.14814814814815,7.7037037037037,41.9259259259259,25.7777777777778,67.7037037037037,24.5925925925926,2.46913580237037,21.4222222222222,10.0401606421687,87.1084337349398,356,2.80898876404494,8.28651685393258,39.6067415730337,27.5280898876405,67.1348314606742,24.5786516853933,3.4644194747191,20.1966292134831,14.0952380914286,82.1714285714286
"AF409","5","SE",NA,NA,NA,NA,NA,NA,NA,NA,NA,"2",NA,NA,NA,NA,NA,NA,NA,NA,NA,NA,356,0.280898876404494,3.79213483146067,38.2022471910112,32.4438202247191,70.6460674157303,25.561797752809,2.6685393258427,21.7368913848315,10.4395604395604,85.036630032967
"AF0411","5","SE",337.5,41,100.5,120.5,221,75.5,3.2,70.36666667,0.5,"2",0.148148148148148,12.1481481481481,29.7777777777778,35.7037037037037,65.4814814814815,22.3703703703704,0.948148148148148,20.849382717037,4.23841059602649,93.2008830066225,356,0.561797752808989,6.17977528089888,28.6516853932584,40.4494382022472,69.1011235955056,24.7191011235955,1.23127340814607,23.0664794016854,4.98106060568182,93.3143939431818
"AF0421","5","SE",337.5,59,138,87,225,53.5,6.683333333,44.83333333,14,"2",4.14814814814815,17.4814814814815,40.8888888888889,25.7777777777778,66.6666666666667,15.8518518518519,1.98024691348148,13.2839506162963,12.4922118373832,83.800623046729,356,0.280898876404494,9.26966292134832,32.4438202247191,34.1292134831461,66.5730337078652,24.1573033707865,2.35486891376405,21.1657303370786,9.74806201511628,87.6162790697674
"AF0431","5","SE",337.5,28,128,86.5,214.5,95,11.28333333,81.78333333,0,"2",0,8.2962962962963,37.9259259259259,25.6296296296296,63.5555555555556,28.1481481481481,3.34320987555556,24.2320987644444,11.8771929789474,86.0877192947368,356,0.421348314606742,10.9550561797753,29.6348314606742,35.3932584269663,65.0280898876404,24.0168539325843,1.17509363286517,22.1254681657303,4.89278752397661,92.1247563391813
"AF0438","5","SE",337.5,28,115.5,92.5,208,101.5,12.35,87.73333333,9,"2",2.66666666666667,8.2962962962963,34.2222222222222,27.4074074074074,61.6296296296296,30.0740740740741,3.65925925925926,25.9950617274074,12.1674876847291,86.4367816059113,356,0,6.46067415730337,40.4494382022472,26.123595505618,66.5730337078652,26.9662921348315,2.3314606741573,24.517790261236,8.64583333333333,90.9201388854167
"AF0465","5","SE",337.5,24,175,79.5,254.5,59,8.033333333,50.08333333,0,"1",0,7.11111111111111,51.8518518518518,23.5555555555556,75.4074074074074,17.4814814814815,2.38024691348148,14.8395061718519,13.6158192084746,84.8870056440678,356,0.140449438202247,7.7247191011236,38.3426966292135,24.438202247191,62.7808988764045,29.4943820224719,2.96348314606742,26.3202247191011,10.047619047619,89.2380952380952
"AF0467","5","SE",NA,NA,NA,NA,NA,NA,NA,NA,NA,"1",NA,NA,NA,NA,NA,NA,NA,NA,NA,NA,356,0,8.14606741573034,31.0393258426966,38.2022471910112,69.2415730337079,22.6123595505618,0.660112359550562,21.6573033707865,2.91925465838509,95.7763975155279
"AF0468","5","SE",337.5,61.5,98.5,129,227.5,48.5,5.45,40.01666667,70,"1",20.7407407407407,18.2222222222222,29.1851851851852,38.2222222222222,67.4074074074074,14.3703703703704,1.61481481481481,11.8567901244444,11.2371134020619,82.5085910721649,356,3.08988764044944,14.0449438202247,24.7191011235955,39.3258426966292,64.0449438202247,21.9101123595506,2.40636704129213,18.8342696629213,10.9829059833333,85.9615384615385
"AF0469","5","SE",NA,NA,NA,NA,NA,NA,NA,NA,NA,"1",NA,NA,NA,NA,NA,NA,NA,NA,NA,NA,356,2.3876404494382,5.89887640449438,40.7303370786517,29.0730337078652,69.8033707865169,24.2977528089888,1.01591760308989,23.1367041207865,4.18111753410405,95.2215799653179
"AF0490","5","SE",337.5,48,137.5,108,245.5,44,3.8,39.51666667,19,"2",5.62962962962963,14.2222222222222,40.7407407407407,32,72.7407407407407,13.037037037037,1.12592592592593,11.7086419762963,8.63636363636364,89.8106060681818,356,2.24719101123596,9.97191011235955,39.3258426966292,30.4775280898876,69.8033707865169,20.2247191011236,0.964419475561798,18.9513108623595,4.76851851805556,93.7037037083333
"AF0496","5","SE",337.5,38.5,178,79.5,257.5,41.5,9.75,30.85,4,"1",1.18518518518519,11.4074074074074,52.7407407407407,23.5555555555556,76.2962962962963,12.2962962962963,2.88888888888889,9.14074074074074,23.4939759036145,74.3373493975904,356,0.98314606741573,11.938202247191,43.3988764044944,24.0168539325843,67.4157303370787,20.6460674157303,5.3979400758427,14.8829588005618,26.1451247210884,72.0861677959184
"AF0165","5","SR",337.5,21,72,141,213,103.5,16.11666667,84.85,1.5,"2",0.444444444444444,6.22222222222222,21.3333333333333,41.7777777777778,63.1111111111111,30.6666666666667,4.77530864296296,25.1407407407407,15.5716586183575,81.9806763285024,356,4.91573033707865,11.938202247191,36.2359550561798,36.938202247191,73.1741573033708,14.8876404494382,3.44101123595506,11.123595505618,23.1132075471698,74.7169811320755
"AF0170","5","SR",337.5,26,92.5,94.5,187,124.5,6.766666667,114.7333333,0.5,"2",0.148148148148148,7.7037037037037,27.4074074074074,28,55.4074074074074,36.8888888888889,2.0049382717037,33.9950617185185,5.43507362811245,92.1552877911647,356,0.561797752808989,14.3258426966292,41.8539325842697,24.1573033707865,66.0112359550562,19.6629213483146,1.09550561797753,18.164794008427,5.57142857142857,92.3809523857143
"AF0182","5","SR",337.5,24.5,132,104,236,77,18.31666667,56.01666667,4.5,"1",1.33333333333333,7.25925925925926,39.1111111111111,30.8148148148148,69.9259259259259,22.8148148148148,5.42716049481482,16.5975308651852,23.7878787922078,72.7489177532468,356,0.561797752808989,8.84831460674157,49.8595505617978,21.7696629213483,71.6292134831461,19.5224719101124,4.62546816573034,14.1432584269663,23.6930455683453,72.4460431654676
"AF0205","5","SR",NA,NA,NA,NA,NA,NA,NA,NA,NA,"2",NA,NA,NA,NA,NA,NA,NA,NA,NA,NA,356,NA,NA,NA,NA,NA,NA,NA,NA,NA,NA
"AF0214","5","SR",337.5,18,92.5,155.5,248,71.5,4.8,66.6,1.5,"2",0.444444444444444,5.33333333333333,27.4074074074074,46.0740740740741,73.4814814814815,21.1851851851852,1.42222222222222,19.7333333333333,6.71328671328671,93.1468531468531,356,0.280898876404494,2.6685393258427,34.9719101123596,46.9101123595506,81.8820224719101,15.4494382022472,1.60580524353933,13.7874531825843,10.3939393945455,89.2424242363636
"AF0233","5","SR",337.5,46.5,118.5,93.5,212,79,2.916666667,74.2,0,"1",0,13.7777777777778,35.1111111111111,27.7037037037037,62.8148148148148,23.4074074074074,0.864197530962963,21.9851851851852,3.69198312278481,93.9240506329114,356,0,16.9943820224719,39.4662921348315,25.561797752809,65.0280898876404,17.9775280898876,1.27340823960674,16.1376404494382,7.0833333328125,89.765625
"AF0250","5","SR",337.5,17,67,140,207,113.5,9.3,103.4666667,0.5,"2",0.148148148148148,5.03703703703704,19.8518518518519,41.4814814814815,61.3333333333333,33.6296296296296,2.75555555555556,30.6567901333333,8.19383259911894,91.1600587665198,356,0.280898876404494,6.88202247191011,29.3539325842697,38.4831460674157,67.8370786516854,25.2808988764045,2.25187265926966,22.6217228455056,8.90740740777778,89.4814814777778
"AF0256","5","SR",337.5,13.5,72.5,126.5,199,125,2.033333333,119.8,9,"1",2.66666666666667,4,21.4814814814815,37.4814814814815,58.962962962963,37.037037037037,0.602469135703704,35.4962962962963,1.6266666664,95.84,356,0.140449438202247,4.21348314606742,35.6741573033708,31.7415730337079,67.4157303370787,28.3707865168539,0.0327715356741573,27.5608614241573,0.115511551485149,97.1452145247525
"AF0280","5","SR",337.5,40,101,117,218,79.5,7.75,69.65,1,"1",0.296296296296296,11.8518518518519,29.9259259259259,34.6666666666667,64.5925925925926,23.5555555555556,2.2962962962963,20.637037037037,9.74842767295597,87.6100628930818,356,0.702247191011236,10.3932584269663,29.2134831460674,31.7415730337079,60.9550561797753,28.6516853932584,4.07303370786517,24.2649812724719,14.2156862745098,84.6895424803921
"AF0286","5","SR",337.5,32.5,155.5,72,227.5,77.5,2.683333333,74.13333333,7,"1",2.07407407407407,9.62962962962963,46.0740740740741,21.3333333333333,67.4074074074074,22.962962962963,0.795061728296296,21.9654320977778,3.46236559096774,95.6559139741936,356,1.96629213483146,11.2359550561798,53.9325842696629,12.7808988764045,66.7134831460674,22.0505617977528,1.06273408230337,20.9129213483146,4.81953290828025,94.8407643312102
"AF0288","5","SR",337.5,36,146.5,58.5,205,96.5,5.533333333,90.33333333,1,"2",0.296296296296296,10.6666666666667,43.4074074074074,17.3333333333333,60.7407407407407,28.5925925925926,1.63950617274074,26.7654320977778,5.73402417927461,93.6096718445596,356,2.10674157303371,9.69101123595506,55.1966292134831,13.9044943820225,69.1011235955056,21.2078651685393,0.0842696629213483,20.8520599241573,0.397350993377483,98.3222958013245
"AF0295","5","SR",337.5,36.5,120.5,61,181.5,119.5,5.566666667,111.8166667,3,"2",0.888888888888889,10.8148148148148,35.7037037037037,18.0740740740741,53.7777777777778,35.4074074074074,1.64938271614815,33.1308642074074,4.65829846610879,93.5704323849372,356,6.60112359550562,7.58426966292135,53.0898876404494,18.9606741573034,72.0505617977528,20.3651685393258,3.02434457022472,16.7134831460674,14.8505747172414,82.0689655172414
"AF0307","5","SR",337.5,22,64.5,134.5,199,116.5,11.2,102.9333333,0.5,"2",0.148148148148148,6.51851851851852,19.1111111111111,39.8518518518518,58.962962962963,34.5185185185185,3.31851851851852,30.4987654222222,9.6137339055794,88.3547925321888,356,10.5337078651685,6.60112359550562,27.5280898876405,29.7752808988764,57.3033707865169,36.0955056179775,3.94662921348315,30.9925093539326,10.9338521400778,85.8625161867704
"AF0309","5","SR",337.5,24,76.5,136.5,213,100.5,10.71666667,85.18333333,7,"2",2.07407407407407,7.11111111111111,22.6666666666667,40.4444444444444,63.1111111111111,29.7777777777778,3.17530864296296,25.2395061718519,10.663349920398,84.7595356517413,356,1.40449438202247,9.69101123595506,35.3932584269663,29.3539325842697,64.747191011236,25.561797752809,5.35580524438202,18.9185393258427,20.952380956044,74.010989010989
"AF0314","5","SR",337.5,15,106.5,124,230.5,92,7.366666667,77.78333333,7,"1",2.07407407407407,4.44444444444444,31.5555555555556,36.7407407407407,68.2962962962963,27.2592592592593,2.18271604948148,23.0469135792593,8.00724637717391,84.5471014456522,356,2.52808988764045,4.49438202247191,18.9606741573034,45.9269662921348,64.8876404494382,30.6179775280899,3.6938202247191,26.5308988764045,12.0642201834862,86.651376146789
"AF0318","5","SR",337.5,59.5,143.5,56.5,200,78,5.5,71.01666667,12,"2",3.55555555555556,17.6296296296296,42.5185185185185,16.7407407407407,59.2592592592593,23.1111111111111,1.62962962962963,21.0419753096296,7.05128205128205,91.0470085512821,356,1.54494382022472,16.1516853932584,42.9775280898876,18.8202247191011,61.7977528089888,22.0505617977528,1.54026217219101,20.0421348314607,6.98513800382166,90.8917197452229
"AF0320","5","SR",337.5,21.5,130.5,105.5,236,80,7.55,70.03333333,0,"1",0,6.37037037037037,38.6666666666667,31.2592592592593,69.9259259259259,23.7037037037037,2.23703703703704,20.750617282963,9.4375,87.5416666625,356,24.1573033707865,14.6067415730337,36.376404494382,22.752808988764,59.1292134831461,26.2640449438202,4.34456928932584,21.5870786516854,16.541889486631,82.192513368984
"AF0336","5","SR",337.5,33,98.5,98.5,197,107.5,14.18333333,91.51666667,8.5,"2",2.51851851851852,9.77777777777778,29.1851851851852,29.1851851851852,58.3703703703704,31.8518518518519,4.20246913481481,27.1160493837037,13.1937984465116,85.1317829488372,356,4.07303370786517,7.7247191011236,38.9044943820225,27.8089887640449,66.7134831460674,25.561797752809,2.25187265926966,22.8511235955056,8.80952380989011,89.3956043956044
"AF0355","5","SR",337.5,16,89.5,140,229.5,92,7.683333333,83.06666667,0.5,"1",0.148148148148148,4.74074074074074,26.5185185185185,41.4814814814815,68,27.2592592592593,2.27654320977778,24.61234568,8.351449275,90.289855076087,356,0.561797752808989,4.35393258426966,36.6573033707865,29.4943820224719,66.1516853932584,29.4943820224719,2.53745318342697,26.2827715365169,8.60317460285714,89.1111111142857
"AF0361","5","SR",337.5,22,140,93.5,233.5,82,8.583333333,72.18333333,4,"1",1.18518518518519,6.51851851851852,41.4814814814815,27.7037037037037,69.1851851851852,24.2962962962963,2.54320987644444,21.38765432,10.4674796743902,88.0284552804878,356,3.93258426966292,10.252808988764,42.4157303370786,20.7865168539326,63.2022471910112,26.5449438202247,5.12172284550562,21.1657303370786,19.2945326243386,79.7354497354497
"AF0378","5","SR",337.5,22,125,98,223,92.5,4.816666667,84.03333333,11,"1",3.25925925925926,6.51851851851852,37.037037037037,29.037037037037,66.0740740740741,27.4074074074074,1.42716049392593,24.8987654311111,5.20720720756757,90.8468468432432,356,5.89887640449438,12.6404494382022,29.9157303370786,32.1629213483146,62.0786516853933,25.2808988764045,0.674157303370786,23.497191011236,2.66666666666667,92.9444444444445
"AF0386","5","SR",337.5,35,87.5,93.5,181,121.5,9.283333333,109.3,0,"1",0,10.3703703703704,25.9259259259259,27.7037037037037,53.6296296296296,36,2.75061728385185,32.3851851851852,7.64060356625514,89.9588477366255,356,1.40449438202247,6.88202247191011,38.3426966292135,35.3932584269663,73.7359550561798,19.3820224719101,0.716292134831461,18.291198502809,3.69565217391304,94.3719806811594
"AF0388","5","SR",337.5,35,87.5,93.5,181,121.5,8.583333333,108.4,0,"1",0,10.3703703703704,25.9259259259259,27.7037037037037,53.6296296296296,36,2.54320987644444,32.1185185185185,7.06447187901235,89.2181069958848,356,0.98314606741573,9.26966292134832,33.2865168539326,28.6516853932584,61.938202247191,28.7921348314607,1.96161048679775,24.9438202247191,6.8130081297561,86.6341463414634
"AF0399","5","SR",337.5,38,144.5,51,195.5,104,10.46666667,91.71666667,5,"1",1.48148148148148,11.2592592592593,42.8148148148148,15.1111111111111,57.9259259259259,30.8148148148148,3.10123456888889,27.175308642963,10.0641025673077,88.1891025673077,356,6.60112359550562,8.28651685393258,43.9606741573034,18.6797752808989,62.6404494382023,29.0730337078652,4.2041198511236,23.9513108623596,14.4605475072464,82.3832528212561
"AF0406","5","SR",337.5,33.5,107.5,120.5,228,76,4.2,69.26666667,1,"2",0.296296296296296,9.92592592592593,31.8518518518519,35.7037037037037,67.5555555555556,22.5185185185185,1.24444444444444,20.5234567911111,5.52631578947368,91.140350881579,356,0.561797752808989,9.8314606741573,35.814606741573,32.1629213483146,67.9775280898876,22.1910112359551,1.77902621713483,19.7518726601124,8.01687763670886,89.0084388227848
"AF409","5","SR",337.5,14.5,105,133,238,85,6.866666667,76.73333333,0,"2",0,4.2962962962963,31.1111111111111,39.4074074074074,70.5185185185185,25.1851851851852,2.03456790133333,22.7358024681481,8.07843137294118,90.2745098,356,0,3.23033707865169,29.6348314606742,34.9719101123596,64.6067415730337,32.1629213483146,1.17041198511236,29.358614241573,3.63901018951965,91.2809316157205
"AF0411","5","SR",337.5,18,124.5,116,240.5,79,2.016666667,76.13333333,0,"2",0,5.33333333333333,36.8888888888889,34.3703703703704,71.2592592592593,23.4074074074074,0.597530864296296,22.5580246903704,2.5527426164557,96.3713080126582,356,0,5.33707865168539,33.1460674157303,39.747191011236,72.8932584269663,21.7696629213483,1.67602996264045,19.9157303370787,7.6989247316129,91.4838709677419
"AF0421","5","SR",337.5,20.5,107,133,240,77,5.666666667,69.28333333,1.5,"2",0.444444444444444,6.07407407407407,31.7037037037037,39.4074074074074,71.1111111111111,22.8148148148148,1.67901234577778,20.5283950607407,7.35930735974026,89.978354974026,356,0.280898876404494,8.84831460674157,30.6179775280899,33.0056179775281,63.623595505618,27.5280898876405,2.30805243455056,24.3398876404494,8.38435374183674,88.4183673469388
"AF0431","5","SR",337.5,21.5,115,103,218,98,13.53333333,83.26666667,0,"2",0,6.37037037037037,34.0740740740741,30.5185185185185,64.5925925925926,29.037037037037,4.00987654222222,24.6716049392593,13.8095238061224,84.9659863979592,356,0,8.98876404494382,32.7247191011236,33.0056179775281,65.7303370786517,25.2808988764045,0.922284644101124,23.97940075,3.64814814777778,94.8518518555556
"AF0438","5","SR",337.5,21.5,118.5,93,211.5,104.5,9.583333333,94.06666667,0,"2",0,6.37037037037037,35.1111111111111,27.5555555555556,62.6666666666667,30.962962962963,2.83950617274074,27.8716049392593,9.17065390717703,90.0159489665072,356,1.40449438202247,6.32022471910112,43.1179775280899,24.5786516853933,67.6966292134831,25.9831460674157,1.60580524353933,24.105805244382,6.18018018054054,92.7747747783784
"AF0465","5","SR",337.5,27,132,82,214,96.5,7.45,88.41666667,0,"1",0,8,39.1111111111111,24.2962962962963,63.4074074074074,28.5925925925926,2.20740740740741,26.1975308651852,7.72020725388601,91.6234887772021,356,0.421348314606742,5.0561797752809,37.0786516853933,31.8820224719101,68.9606741573034,25.9831460674157,3.06647940168539,22.5655430702247,11.8018018054054,86.8468468432432
"AF0467","5","SR",337.5,23.5,94.5,142,236.5,77.5,1.5,74.16666667,0,"1",0,6.96296296296296,28,42.0740740740741,70.0740740740741,22.962962962963,0.444444444444444,21.975308642963,1.93548387096774,95.6989247354839,356,0,7.7247191011236,28.6516853932584,33.7078651685393,62.3595505617977,29.9157303370786,0.61329588005618,29.0121722752809,2.05007824694836,96.9796556807512
"AF0468","5","SR",337.5,31.5,83,153.5,236.5,69.5,5.75,62.21666667,5.5,"1",1.62962962962963,9.33333333333333,24.5925925925926,45.4814814814815,70.0740740740741,20.5925925925926,1.7037037037037,18.4345679022222,8.27338129496403,89.5203836978417,356,1.40449438202247,12.3595505617978,31.6011235955056,35.1123595505618,66.7134831460674,20.9269662921348,2.01310861432584,18.1741573033708,9.61968680134228,86.8456375838926
"AF0469","5","SR",337.5,24,120.5,129.5,250,63.5,4.933333333,58.08333333,3.5,"1",1.03703703703704,7.11111111111111,35.7037037037037,38.3703703703704,74.0740740740741,18.8148148148148,1.46172839496296,17.2098765422222,7.76902887086614,91.4698162677165,356,1.82584269662921,5.0561797752809,29.9157303370786,40.4494382022472,70.3651685393258,24.5786516853933,1.10018726601124,21.9709737837079,4.47619047657143,89.3904761942857
"AF0490","5","SR",337.5,28.5,98,117.5,215.5,93.5,1.5,90.48333333,2.5,"2",0.740740740740741,8.44444444444444,29.037037037037,34.8148148148148,63.8518518518518,27.7037037037037,0.444444444444444,26.8098765422222,1.60427807486631,96.7736185347594,356,0.421348314606742,11.376404494382,22.0505617977528,34.6910112359551,56.7415730337079,31.8820224719101,0.688202247191011,30.8192883988764,2.15859030837004,96.6666666960352
"AF0496","5","SR",337.5,31,96,95.5,191.5,115,16.41666667,96,5.5,"1",1.62962962962963,9.18518518518519,28.4444444444444,28.2962962962963,56.7407407407407,34.0740740740741,4.86419753185185,28.4444444444444,14.2753623217391,83.4782608695652,356,7.7247191011236,10.6741573033708,45.7865168539326,29.7752808988764,75.561797752809,13.7640449438202,2.76685393258427,10.6788389522472,20.1020408163265,77.5850340204082
"AF0165","6","SE",293,33.5,97.5,111,208.5,51,11.4,37.95,7.5,"2",2.55972696245734,11.4334470989761,33.2764505119454,37.8839590443686,71.160409556314,17.4061433447099,3.89078498293515,12.9522184300341,22.3529411764706,74.4117647058823,356,2.10674157303371,9.8314606741573,33.9887640449438,40.3089887640449,74.2977528089888,15.8707865168539,3.41760299719101,12.2284644185393,21.5339233097345,77.0501474867257
"AF0170","6","SE",293,43.5,108,60,168,81.5,1.85,76.71666667,7,"2",2.38907849829352,14.8464163822526,36.8600682593857,20.4778156996587,57.3378839590444,27.8156996587031,0.631399317406143,26.1831626860068,2.26993865030675,94.1308793496932,356,2.24719101123596,8.98876404494382,38.4831460674157,25.1404494382022,63.623595505618,27.3876404494382,1.13295880140449,25.688202247191,4.13675213641026,93.7948717948718
"AF0182","6","SE",293,44.5,133.5,71,204.5,44,11.21666667,32.01666667,2,"1",0.68259385665529,15.1877133105802,45.5631399317406,24.2320819112628,69.7952218430034,15.0170648464164,3.82821388054608,10.9271899897611,25.49242425,72.7651515227273,356,1.12359550561798,10.252808988764,41.9943820224719,25.7022471910112,67.6966292134831,22.0505617977528,4.30711610393258,17.1488764044944,19.5329087006369,77.7707006369427
"AF0205","6","SE",293,30,135,75,210,53,4.45,47.93333333,51.5,"2",17.5767918088737,10.2389078498294,46.0750853242321,25.5972696245734,71.6723549488055,18.0887372013652,1.51877133105802,16.3594994300341,8.39622641509434,90.4402515660377,356,NA,NA,NA,NA,NA,NA,NA,NA,NA,NA
"AF0214","6","SE",293,23,106,114,220,50,3.533333333,45.83333333,1.5,"2",0.511945392491468,7.84982935153584,36.1774744027304,38.9078498293515,75.0853242320819,17.0648464163823,1.20591581331058,15.6427758805461,7.066666666,91.66666666,356,0.98314606741573,5.0561797752809,21.3483146067416,60.814606741573,82.1629213483146,12.7808988764045,1.13295880140449,11.4981273398876,8.86446886373626,89.963369956044
"AF0233","6","SE",293,67,88,76,164,62,4.883333333,55.43333333,2,"1",0.68259385665529,22.8668941979522,30.0341296928328,25.938566552901,55.9726962457338,21.160409556314,1.6666666665529,18.9192263924915,7.87634408548387,89.4086021451613,356,0.561797752808989,15.3089887640449,42.2752808988764,20.5056179775281,62.7808988764045,21.9101123595506,0.26685393258427,21.1610486882022,1.21794871794872,96.5811965769231
"AF0250","6","SE",293,26.5,87,97.5,184.5,82,7.633333333,72.26666667,1.5,"2",0.511945392491468,9.04436860068259,29.6928327645051,33.2764505119454,62.9692832764505,27.9863481228669,2.60523321945392,24.6643913549488,9.30894308902439,88.1300813048781,356,0.140449438202247,7.02247191011236,35.3932584269663,29.4943820224719,64.8876404494382,28.0898876404494,3.07116104775281,24.7378277162921,10.93333333,88.06666667
"AF0256","6","SE",293,21.5,105.5,72.5,178,93.5,2.616666667,89.85,4,"1",1.36518771331058,7.33788395904437,36.0068259385666,24.7440273037543,60.7508532423208,31.9112627986348,0.893060295904437,30.6655290102389,2.79857397540107,96.096256684492,356,1.82584269662921,9.26966292134832,38.2022471910112,22.4719101123595,60.6741573033708,30.0561797752809,0.847378277247191,28.5299625561798,2.81931464205607,94.922118411215
"AF0280","6","SE",293,50,94.5,75.5,170,73,9.116666667,61.5,8,"1",2.73037542662116,17.0648464163823,32.2525597269625,25.7679180887372,58.0204778156997,24.9146757679181,3.11149033003413,20.9897610921502,12.4885844753425,84.2465753424658,356,0.702247191011236,8.70786516853933,40.1685393258427,26.685393258427,66.8539325842697,24.438202247191,2.21910112359551,21.8586142331461,9.08045977011494,89.4444444482759
"AF0286","6","SE",293,24.5,139.5,56.5,196,72.5,5.7,65.86666667,164.5,"1",56.1433447098976,8.3617747440273,47.6109215017065,19.2832764505119,66.8941979522184,24.7440273037543,1.94539249146758,22.4800910136519,7.86206896551724,90.8505747172414,356,2.80898876404494,10.5337078651685,58.2865168539326,9.41011235955056,67.6966292134831,21.7696629213483,1.02996254691011,20.5992509353933,4.73118279612903,94.6236559096774
"AF0288","6","SE",293,36,157,40,197,60,4.583333333,54.95,4,"2",1.36518771331058,12.2866894197952,53.5836177474403,13.6518771331058,67.2354948805461,20.4778156996587,1.56427758805461,18.7542662116041,7.63888888833333,91.5833333333333,356,0,10.814606741573,49.8595505617978,13.2022471910112,63.061797752809,26.123595505618,1.94756554297753,23.9934456938202,7.45519713225807,91.8458781397849
"AF0295","6","SE",293,43,144.5,54.5,199,51,7.3,42.11666667,10.5,"2",3.58361774744027,14.6757679180887,49.3174061433447,18.6006825938567,67.9180887372014,17.4061433447099,2.49146757679181,14.3742889658703,14.3137254901961,82.5816993529412,356,4.7752808988764,12.9213483146067,52.6685393258427,10.5337078651685,63.2022471910112,23.876404494382,1.97565543061798,21.4934456938202,8.27450980352941,90.0196078470588
"AF0307","6","SE",293,33,86,101,187,73,8.4,63.1,33.5,"2",11.4334470989761,11.2627986348123,29.3515358361775,34.4709897610922,63.8225255972696,24.9146757679181,2.86689419795222,21.5358361774744,11.5068493150685,86.4383561643836,356,0.561797752808989,6.32022471910112,35.6741573033708,35.6741573033708,71.3483146067416,22.3314606741573,2.46722846432584,19.5692883904494,11.0482180289308,87.6310272578616
"AF0309","6","SE",293,23,113,79.5,192.5,77.5,8.4,65.51666667,4.5,"2",1.5358361774744,7.84982935153584,38.5665529010239,27.1331058020478,65.6996587030717,26.4505119453925,2.86689419795222,22.3606370887372,10.8387096774194,84.5376344129032,356,2.24719101123596,8.70786516853933,31.7415730337079,29.9157303370786,61.6573033707865,29.6348314606742,4.77059925,23.7687265926966,16.0979462843602,80.2053712511848
"AF0314","6","SE",293,29.5,101,88.5,189.5,74,12.18333333,60.45,12.5,"1",4.26621160409556,10.0682593856655,34.4709897610922,30.2047781569966,64.6757679180887,25.2559726962457,4.15813424232082,20.6313993174061,16.4639639594595,81.6891891891892,356,3.23033707865169,5.0561797752809,30.4775280898876,41.7134831460674,72.1910112359551,22.752808988764,2.71067415730337,19.2649812724719,11.9135802469136,84.6707818888889
"AF0318","6","SE",293,34.5,157.5,44.5,202,56.5,7.266666667,48.13333333,22,"2",7.50853242320819,11.7747440273038,53.7542662116041,15.1877133105802,68.9419795221843,19.2832764505119,2.48009101262799,16.4277588156997,12.8613569327434,85.1917404070796,356,2.80898876404494,16.2921348314607,43.6797752808989,18.2584269662921,61.938202247191,21.7696629213483,1.37640449438202,20.1404494382022,6.32258064516129,92.5161290322581
"AF0320","6","SE",293,34,103.5,58.5,162,97,12.73333333,82.76666667,0,"1",0,11.6040955631399,35.3242320819113,19.9658703071672,55.2901023890785,33.1058020477816,4.34584755290102,28.2480091023891,13.1271477628866,85.3264604845361,356,0.280898876404494,8.42696629213483,46.0674157303371,19.2415730337079,65.3089887640449,26.2640449438202,2.3876404494382,22.8136704129213,9.09090909090909,86.8627451016043
"AF0336","6","SE",293,46.5,130.5,69,199.5,47,10.53333333,35.96666667,16,"2",5.46075085324232,15.8703071672355,44.5392491467577,23.5494880546075,68.0887372013652,16.0409556313993,3.5949943105802,12.2753128566553,22.4113475106383,76.5248227021277,356,3.65168539325843,7.7247191011236,49.1573033707865,21.6292134831461,70.7865168539326,21.4887640449438,2.16760299634831,18.9606741573034,10.0871459699346,88.2352941176471
"AF0355","6","SE",293,19.5,84,94,178,95.5,9.733333333,84.01666667,0.5,"1",0.170648464163823,6.65529010238908,28.6689419795222,32.0819112627986,60.7508532423208,32.5938566552901,3.32195676894198,28.6746302627986,10.1919720764398,87.9755671937173,356,0.140449438202247,6.32022471910112,34.1292134831461,35.3932584269663,69.5224719101124,24.1573033707865,1.03464419466292,14.3024344578652,4.28294573604651,59.2054263604651
"AF0361","6","SE",293,59,105,58.5,163.5,70.5,10.01666667,59.76666667,154.5,"1",52.7303754266212,20.1365187713311,35.8361774744027,19.9658703071672,55.80204778157,24.061433447099,3.4186575665529,20.3981797508532,14.2080378297872,84.7754137163121,356,9.97191011235955,23.0337078651685,40.1685393258427,16.5730337078652,56.7415730337079,20.2247191011236,2.17696629213483,17.7247191011236,10.7638888888889,87.6388888888889
"AF0378","6","SE",NA,NA,NA,NA,NA,NA,NA,NA,NA,"1",NA,NA,NA,NA,NA,NA,NA,NA,NA,NA,356,10.9550561797753,24.7191011235955,33.1460674157303,26.4044943820225,59.5505617977528,15.7303370786517,1.34831460674157,13.8389513117978,8.57142857142857,87.9761904821429
"AF0386","6","SE",293,47.5,105,70.5,175.5,70,3.266666667,65.98333333,17.5,"1",5.97269624573379,16.2116040955631,35.8361774744027,24.061433447099,59.8976109215017,23.8907849829352,1.11490329931741,22.5199089863481,4.66666666714286,94.2619047571428,356,9.41011235955056,13.061797752809,43.6797752808989,28.9325842696629,72.6123595505618,14.3258426966292,0.533707865168539,13.5486891376404,3.72549019607843,94.5751633921569
"AF0388","6","SE",293,32.5,113.5,79.5,193,67.5,8.033333333,56.38333333,5,"1",1.70648464163823,11.0921501706485,38.7372013651877,27.1331058020478,65.8703071672355,23.037542662116,2.74175199078498,19.2434584744027,11.9012345674074,83.5308641925926,356,2.94943820224719,10.9550561797753,35.1123595505618,31.8820224719101,66.9943820224719,22.0505617977528,3.22097378370787,18.2350187275281,14.6072186878981,82.6963906624204
"AF0399","6","SE",293,36,128,55,183,74,10.28333333,62,12.5,"1",4.26621160409556,12.2866894197952,43.6860068259386,18.7713310580205,62.457337883959,25.2559726962457,3.50967007849829,21.160409556314,13.8963963918919,83.7837837837838,356,3.51123595505618,20.2247191011236,47.8932584269663,12.3595505617978,60.252808988764,19.5224719101124,1.56367041207865,17.7013108623596,8.00959232661871,90.6714628345324
"AF0406","6","SE",293,22,65.5,120,185.5,85.5,9.216666667,73.78333333,0.5,"2",0.170648464163823,7.50853242320819,22.3549488054608,40.9556313993174,63.3105802047782,29.1808873720137,3.14562002286689,25.1820250273038,10.7797270959064,86.2962962923977,356,2.80898876404494,8.28651685393258,39.6067415730337,27.5280898876405,67.1348314606742,24.5786516853933,3.4644194747191,20.1966292134831,14.0952380914286,82.1714285714286
"AF409","6","SE",NA,NA,NA,NA,NA,NA,NA,NA,NA,"2",NA,NA,NA,NA,NA,NA,NA,NA,NA,NA,356,0.280898876404494,3.79213483146067,38.2022471910112,32.4438202247191,70.6460674157303,25.561797752809,2.6685393258427,21.7368913848315,10.4395604395604,85.036630032967
"AF0411","6","SE",293,32,95,117.5,212.5,48.5,2.466666667,44.76666667,0,"2",0,10.9215017064846,32.4232081911263,40.1023890784983,72.5255972696246,16.5529010238908,0.84186575665529,15.2787258259386,5.08591065360825,92.3024055051546,356,0.561797752808989,6.17977528089888,28.6516853932584,40.4494382022472,69.1011235955056,24.7191011235955,1.23127340814607,23.0664794016854,4.98106060568182,93.3143939431818
"AF0421","6","SE",293,41,107.5,85.5,193,59,0.9,55.56666667,4,"2",1.36518771331058,13.9931740614334,36.6894197952218,29.1808873720137,65.8703071672355,20.1365187713311,0.307167235494881,18.9647326518771,1.52542372881356,94.1807909661017,356,0.280898876404494,9.26966292134832,32.4438202247191,34.1292134831461,66.5730337078652,24.1573033707865,2.35486891376405,21.1657303370786,9.74806201511628,87.6162790697674
"AF0431","6","SE",293,30,114.5,80.5,195,68,9.816666667,57.55,0,"2",0,10.2389078498294,39.0784982935154,27.4744027303754,66.5529010238908,23.2081911262799,3.35039817986348,19.641638225256,14.4362745102941,84.6323529411765,356,0.421348314606742,10.9550561797753,29.6348314606742,35.3932584269663,65.0280898876404,24.0168539325843,1.17509363286517,22.1254681657303,4.89278752397661,92.1247563391813
"AF0438","6","SE",293,30.5,101,84,185,77.5,8,68.23333333,114.5,"2",39.0784982935154,10.4095563139932,34.4709897610922,28.6689419795222,63.1399317406143,26.4505119453925,2.73037542662116,23.2878270750853,10.3225806451613,88.0430107483871,356,0,6.46067415730337,40.4494382022472,26.123595505618,66.5730337078652,26.9662921348315,2.3314606741573,24.517790261236,8.64583333333333,90.9201388854167
"AF0465","6","SE",293,33.5,134,76.5,210.5,49,6.566666667,42.1,3.5,"1",1.19453924914676,11.4334470989761,45.7337883959044,26.1092150170648,71.8430034129693,16.7235494880546,2.24118316279863,14.3686006825939,13.401360544898,85.9183673469388,356,0.140449438202247,7.7247191011236,38.3426966292135,24.438202247191,62.7808988764045,29.4943820224719,2.96348314606742,26.3202247191011,10.047619047619,89.2380952380952
"AF0467","6","SE",293,31.5,93,118,211,50.5,0.7,48.83333333,0,"1",0,10.7508532423208,31.740614334471,40.2730375426621,72.0136518771331,17.2354948805461,0.238907849829352,16.666666665529,1.38613861386139,96.699669960396,356,0,8.14606741573034,31.0393258426966,38.2022471910112,69.2415730337079,22.6123595505618,0.660112359550562,21.6573033707865,2.91925465838509,95.7763975155279
"AF0468","6","SE",293,44.5,83,122,205,43.5,5.666666667,35.55,11.5,"1",3.92491467576792,15.1877133105802,28.3276450511945,41.6382252559727,69.9658703071672,14.8464163822526,1.93401592730375,12.1331058020478,13.0268199241379,81.7241379310345,356,3.08988764044944,14.0449438202247,24.7191011235955,39.3258426966292,64.0449438202247,21.9101123595506,2.40636704129213,18.8342696629213,10.9829059833333,85.9615384615385
"AF0469","6","SE",293,36,150.5,71,221.5,35.5,2.533333333,32.73333333,26.5,"1",9.04436860068259,12.2866894197952,51.3651877133106,24.2320819112628,75.5972696245734,12.1160409556314,0.864618884982935,11.1717861194539,7.13615023380282,92.2065727605634,356,2.3876404494382,5.89887640449438,40.7303370786517,29.0730337078652,69.8033707865169,24.2977528089888,1.01591760308989,23.1367041207865,4.18111753410405,95.2215799653179
"AF0490","6","SE",293,54,107,81.5,188.5,50.5,3,47.13333333,15,"2",5.11945392491468,18.4300341296928,36.518771331058,27.8156996587031,64.3344709897611,17.2354948805461,1.02389078498294,16.086461887372,5.94059405940594,93.3333333267327,356,2.24719101123596,9.97191011235955,39.3258426966292,30.4775280898876,69.8033707865169,20.2247191011236,0.964419475561798,18.9513108623595,4.76851851805556,93.7037037083333
"AF0496","6","SE",NA,NA,NA,NA,NA,NA,NA,NA,NA,"1",NA,NA,NA,NA,NA,NA,NA,NA,NA,NA,356,0.98314606741573,11.938202247191,43.3988764044944,24.0168539325843,67.4157303370787,20.6460674157303,5.3979400758427,14.8829588005618,26.1451247210884,72.0861677959184
"AF0165","6","SR",293,15,58,149,207,71,15.18333333,53.91666667,0.5,"2",0.170648464163823,5.11945392491468,19.7952218430034,50.8532423208191,70.6484641638225,24.2320819112628,5.18202502730375,18.4015927201365,21.3849765211268,75.9389671408451,356,4.91573033707865,11.938202247191,36.2359550561798,36.938202247191,73.1741573033708,14.8876404494382,3.44101123595506,11.123595505618,23.1132075471698,74.7169811320755
"AF0170","6","SR",293,29.5,83,95.5,178.5,85,4.15,78.91666667,6,"2",2.04778156996587,10.0682593856655,28.3276450511945,32.5938566552901,60.9215017064846,29.0102389078498,1.41638225255973,26.9340159283276,4.88235294117647,92.8431372588235,356,0.561797752808989,14.3258426966292,41.8539325842697,24.1573033707865,66.0112359550562,19.6629213483146,1.09550561797753,18.164794008427,5.57142857142857,92.3809523857143
"AF0182","6","SR",293,23.5,91.5,108.5,200,69.5,15.4,52.61666667,6,"1",2.04778156996587,8.02047781569966,31.2286689419795,37.0307167235495,68.259385665529,23.7201365187713,5.25597269624573,17.9579067133106,22.158273381295,75.707434057554,356,0.561797752808989,8.84831460674157,49.8595505617978,21.7696629213483,71.6292134831461,19.5224719101124,4.62546816573034,14.1432584269663,23.6930455683453,72.4460431654676
"AF0205","6","SR",NA,NA,NA,NA,NA,NA,NA,NA,NA,"2",NA,NA,NA,NA,NA,NA,NA,NA,NA,NA,356,NA,NA,NA,NA,NA,NA,NA,NA,NA,NA
"AF0214","6","SR",293,12.5,70,172.5,242.5,38,2.816666667,35.03333333,0.5,"2",0.170648464163823,4.26621160409556,23.8907849829352,58.8737201365188,82.7645051194539,12.9692832764505,0.961319681569966,11.9567690546075,7.41228070263158,92.1929824473684,356,0.280898876404494,2.6685393258427,34.9719101123596,46.9101123595506,81.8820224719101,15.4494382022472,1.60580524353933,13.7874531825843,10.3939393945455,89.2424242363636
"AF0233","6","SR",293,44.5,115.5,78,193.5,55,0.9,51.95,0.5,"1",0.170648464163823,15.1877133105802,39.419795221843,26.6211604095563,66.0409556313993,18.7713310580205,0.307167235494881,17.7303754266212,1.63636363636364,94.4545454545455,356,0,16.9943820224719,39.4662921348315,25.561797752809,65.0280898876404,17.9775280898876,1.27340823960674,16.1376404494382,7.0833333328125,89.765625
"AF0250","6","SR",293,15,73,138,211,67,0.233333333,64.63333333,1,"2",0.341296928327645,5.11945392491468,24.9146757679181,47.098976109215,72.0136518771331,22.8668941979522,0.0796359498293515,22.0591581331058,0.348258705970149,96.4676616865672,356,0.280898876404494,6.88202247191011,29.3539325842697,38.4831460674157,67.8370786516854,25.2808988764045,2.25187265926966,22.6217228455056,8.90740740777778,89.4814814777778
"AF0256","6","SR",293,12,94,106,200,81,1.133333333,78.35,1,"1",0.341296928327645,4.09556313993174,32.0819112627986,36.1774744027304,68.259385665529,27.6450511945392,0.386803185324232,26.740614334471,1.39917695432099,96.7283950617284,356,0.140449438202247,4.21348314606742,35.6741573033708,31.7415730337079,67.4157303370787,28.3707865168539,0.0327715356741573,27.5608614241573,0.115511551485149,97.1452145247525
"AF0280","6","SR",293,32.5,89.5,96,185.5,75,5.816666667,67.7,0.5,"1",0.170648464163823,11.0921501706485,30.5460750853242,32.7645051194539,63.3105802047782,25.5972696245734,1.9852104665529,23.1058020477816,7.755555556,90.2666666666667,356,0.702247191011236,10.3932584269663,29.2134831460674,31.7415730337079,60.9550561797753,28.6516853932584,4.07303370786517,24.2649812724719,14.2156862745098,84.6895424803921
"AF0286","6","SR",293,22,143.5,62.5,206,65,2.266666667,62.16666667,3,"1",1.02389078498294,7.50853242320819,48.9761092150171,21.3310580204778,70.3071672354949,22.1843003412969,0.773606370989761,21.2172923788396,3.48717948769231,95.6410256461538,356,1.96629213483146,11.2359550561798,53.9325842696629,12.7808988764045,66.7134831460674,22.0505617977528,1.06273408230337,20.9129213483146,4.81953290828025,94.8407643312102
"AF0288","6","SR",293,29.5,146.5,42.5,189,74.5,3.466666667,70.51666667,1,"2",0.341296928327645,10.0682593856655,50,14.5051194539249,64.5051194539249,25.4266211604096,1.18316268498294,24.0671217303754,4.65324384832215,94.653243852349,356,2.10674157303371,9.69101123595506,55.1966292134831,13.9044943820225,69.1011235955056,21.2078651685393,0.0842696629213483,20.8520599241573,0.397350993377483,98.3222958013245
"AF0295","6","SR",293,22.5,129.5,59,188.5,82,4.666666667,75.96666667,2,"2",0.68259385665529,7.67918088737201,44.19795221843,20.1365187713311,64.3344709897611,27.9863481228669,1.59271899897611,25.9271899897611,5.69105691097561,92.6422764268293,356,6.60112359550562,7.58426966292135,53.0898876404494,18.9606741573034,72.0505617977528,20.3651685393258,3.02434457022472,16.7134831460674,14.8505747172414,82.0689655172414
"AF0307","6","SR",293,20,39.5,112.5,152,121,10.31666667,109.0333333,1.5,"2",0.511945392491468,6.8259385665529,13.481228668942,38.3959044368601,51.877133105802,41.296928327645,3.52104664505119,37.2127417406143,8.52617080165289,90.1101928099174,356,10.5337078651685,6.60112359550562,27.5280898876405,29.7752808988764,57.3033707865169,36.0955056179775,3.94662921348315,30.9925093539326,10.9338521400778,85.8625161867704
"AF0309","6","SR",293,19,91,111.5,202.5,71.5,11.98333333,55.35,1.5,"2",0.511945392491468,6.48464163822526,31.0580204778157,38.0546075085324,69.1126279863481,24.4027303754266,4.08987485665529,18.8907849829352,16.7599067552448,77.4125874125874,356,1.40449438202247,9.69101123595506,35.3932584269663,29.3539325842697,64.747191011236,25.561797752809,5.35580524438202,18.9185393258427,20.952380956044,74.010989010989
"AF0314","6","SR",293,13,70.5,135.5,206,74,8.666666667,64.75,6.5,"1",2.21843003412969,4.43686006825939,24.061433447099,46.2457337883959,70.3071672354949,25.2559726962457,2.95790671228669,22.098976109215,11.7117117121622,87.5,356,2.52808988764045,4.49438202247191,18.9606741573034,45.9269662921348,64.8876404494382,30.6179775280899,3.6938202247191,26.5308988764045,12.0642201834862,86.651376146789
"AF0318","6","SR",293,47,115.5,64.5,180,66,5.65,59.41666667,9,"2",3.07167235494881,16.0409556313993,39.419795221843,22.0136518771331,61.4334470989761,22.5255972696246,1.92832764505119,20.2787258259386,8.56060606060606,90.025252530303,356,1.54494382022472,16.1516853932584,42.9775280898876,18.8202247191011,61.7977528089888,22.0505617977528,1.54026217219101,20.0421348314607,6.98513800382166,90.8917197452229
"AF0320","6","SR",293,19.5,117,74.5,191.5,82,8,73.33333333,0,"1",0,6.65529010238908,39.9317406143345,25.4266211604096,65.358361774744,27.9863481228669,2.73037542662116,25.0284414095563,9.75609756097561,89.4308943048781,356,24.1573033707865,14.6067415730337,36.376404494382,22.752808988764,59.1292134831461,26.2640449438202,4.34456928932584,21.5870786516854,16.541889486631,82.192513368984
"AF0336","6","SR",293,27.5,94,100,194,71.5,5.833333333,63.98333333,2,"2",0.68259385665529,9.38566552901024,32.0819112627986,34.1296928327645,66.2116040955631,24.4027303754266,1.99089874846416,21.8373151296928,8.15850815804196,89.4871794825175,356,4.07303370786517,7.7247191011236,38.9044943820225,27.8089887640449,66.7134831460674,25.561797752809,2.25187265926966,22.8511235955056,8.80952380989011,89.3956043956044
"AF0355","6","SR",293,29,103,96,199,65,3.366666667,61.01666667,12.5,"1",4.26621160409556,9.89761092150171,35.1535836177474,32.7645051194539,67.9180887372014,22.1843003412969,1.14903299215017,20.8248009112628,5.17948718,93.8717948769231,356,0.561797752808989,4.35393258426966,36.6573033707865,29.4943820224719,66.1516853932584,29.4943820224719,2.53745318342697,26.2827715365169,8.60317460285714,89.1111111142857
"AF0361","6","SR",293,35.5,114.5,56,170.5,87,10.56666667,75.7,11.5,"1",3.92491467576792,12.1160409556314,39.0784982935154,19.1126279863481,58.1911262798635,29.6928327645051,3.60637087713311,25.8361774744027,12.1455938735632,87.0114942528736,356,3.93258426966292,10.252808988764,42.4157303370786,20.7865168539326,63.2022471910112,26.5449438202247,5.12172284550562,21.1657303370786,19.2945326243386,79.7354497354497
"AF0378","6","SR",293,17.5,115,99.5,214.5,61,3.883333333,54.28333333,7,"1",2.38907849829352,5.97269624573379,39.2491467576792,33.9590443686007,73.2081911262799,20.8191126279863,1.32536973822526,18.5267349249147,6.36612021803279,88.9890710327869,356,5.89887640449438,12.6404494382022,29.9157303370786,32.1629213483146,62.0786516853933,25.2808988764045,0.674157303370786,23.497191011236,2.66666666666667,92.9444444444445
"AF0386","6","SR",293,26.5,91.5,101,192.5,74,5.383333333,67.56666667,2,"1",0.68259385665529,9.04436860068259,31.2286689419795,34.4709897610922,65.6996587030717,25.2559726962457,1.83731513071672,23.0602957918089,7.27477477432432,91.3063063108108,356,1.40449438202247,6.88202247191011,38.3426966292135,35.3932584269663,73.7359550561798,19.3820224719101,0.716292134831461,18.291198502809,3.69565217391304,94.3719806811594
"AF0388","6","SR",293,25,112,83,195,73,9.983333333,59.63333333,0.5,"1",0.170648464163823,8.53242320819113,38.2252559726962,28.3276450511945,66.5529010238908,24.9146757679181,3.40728100102389,20.3526734914676,13.6757990863014,81.6894977123288,356,0.98314606741573,9.26966292134832,33.2865168539326,28.6516853932584,61.938202247191,28.7921348314607,1.96161048679775,24.9438202247191,6.8130081297561,86.6341463414634
"AF0399","6","SR",293,40,112.5,58.5,171,82,10.35,71.18333333,19,"1",6.48464163822526,13.6518771331058,38.3959044368601,19.9658703071672,58.3617747440273,27.9863481228669,3.53242320819113,24.2946530136519,12.6219512195122,86.8089430853659,356,6.60112359550562,8.28651685393258,43.9606741573034,18.6797752808989,62.6404494382023,29.0730337078652,4.2041198511236,23.9513108623596,14.4605475072464,82.3832528212561
"AF0406","6","SR",293,13.5,74.5,120,194.5,85,5.966666667,77.28333333,0,"2",0,4.60750853242321,25.4266211604096,40.9556313993174,66.382252559727,29.0102389078498,2.03640500580205,26.3765642764505,7.01960784352941,90.9215686235294,356,0.561797752808989,9.8314606741573,35.814606741573,32.1629213483146,67.9775280898876,22.1910112359551,1.77902621713483,19.7518726601124,8.01687763670886,89.0084388227848
"AF409","6","SR",293,11.5,97,119.5,216.5,65,5.633333333,57,1,"2",0.341296928327645,3.92491467576792,33.1058020477816,40.7849829351536,73.8907849829352,22.1843003412969,1.92263936279863,19.4539249146758,8.66666666615385,87.6923076923077,356,0,3.23033707865169,29.6348314606742,34.9719101123596,64.6067415730337,32.1629213483146,1.17041198511236,29.358614241573,3.63901018951965,91.2809316157205
"AF0411","6","SR",293,15,75.5,131,206.5,71.5,3.216666667,66.56666667,0,"2",0,5.11945392491468,25.7679180887372,44.7098976109215,70.4778156996587,24.4027303754266,1.09783845290102,22.7189988634812,4.4988344993007,93.1002331048951,356,0,5.33707865168539,33.1460674157303,39.747191011236,72.8932584269663,21.7696629213483,1.67602996264045,19.9157303370787,7.6989247316129,91.4838709677419
"AF0421","6","SR",293,27,64.5,120,184.5,81.5,4.683333333,74.25,1,"2",0.341296928327645,9.21501706484642,22.0136518771331,40.9556313993174,62.9692832764505,27.8156996587031,1.59840728088737,25.3412969283276,5.74642126748466,91.1042944785276,356,0.280898876404494,8.84831460674157,30.6179775280899,33.0056179775281,63.623595505618,27.5280898876405,2.30805243455056,24.3398876404494,8.38435374183674,88.4183673469388
"AF0431","6","SR",293,16,87,111.5,198.5,78.5,4.233333333,73.33333333,0,"2",0,5.46075085324232,29.6928327645051,38.0546075085324,67.7474402730375,26.7918088737201,1.44482366313993,25.0284414095563,5.39278131592357,93.4182590191083,356,0,8.98876404494382,32.7247191011236,33.0056179775281,65.7303370786517,25.2808988764045,0.922284644101124,23.97940075,3.64814814777778,94.8518518555556
"AF0438","6","SR",293,22.5,117,65.5,182.5,88,7.066666667,80.31666667,3.5,"2",1.19453924914676,7.67918088737201,39.9317406143345,22.3549488054608,62.2866894197952,30.0341296928328,2.41183162696246,27.4118316279863,8.03030303068182,91.2689393977273,356,1.40449438202247,6.32022471910112,43.1179775280899,24.5786516853933,67.6966292134831,25.9831460674157,1.60580524353933,24.105805244382,6.18018018054054,92.7747747783784
"AF0465","6","SR",293,21,92.5,94.5,187,85,2.933333333,78.01666667,0,"1",0,7.16723549488055,31.5699658703072,32.2525597269625,63.8225255972696,29.0102389078498,1.00113765631399,26.6268486928328,3.45098039176471,91.7843137294118,356,0.421348314606742,5.0561797752809,37.0786516853933,31.8820224719101,68.9606741573034,25.9831460674157,3.06647940168539,22.5655430702247,11.8018018054054,86.8468468432432
"AF0467","6","SR",293,31.5,102,112,214,47.5,0.383333333,46.33333333,0,"1",0,10.7508532423208,34.8122866894198,38.2252559726962,73.037542662116,16.2116040955631,0.130830489078498,15.8134243447099,0.807017543157895,97.5438596421053,356,0,7.7247191011236,28.6516853932584,33.7078651685393,62.3595505617977,29.9157303370786,0.61329588005618,29.0121722752809,2.05007824694836,96.9796556807512
"AF0468","6","SR",293,32,66,148.5,214.5,46.5,3.133333333,42.15,6,"1",2.04778156996587,10.9215017064846,22.5255972696246,50.6825938566553,73.2081911262799,15.8703071672355,1.06939704197952,14.3856655290102,6.73835125376344,90.6451612903226,356,1.40449438202247,12.3595505617978,31.6011235955056,35.1123595505618,66.7134831460674,20.9269662921348,2.01310861432584,18.1741573033708,9.61968680134228,86.8456375838926
"AF0469","6","SR",293,47.5,73.5,128.5,202,43.5,1.866666667,41.61666667,0,"1",0,16.2116040955631,25.0853242320819,43.8566552901024,68.9419795221843,14.8464163822526,0.637087599658703,14.2036405017065,4.29118774022989,95.670498091954,356,1.82584269662921,5.0561797752809,29.9157303370786,40.4494382022472,70.3651685393258,24.5786516853933,1.10018726601124,21.9709737837079,4.47619047657143,89.3904761942857
"AF0490","6","SR",293,22.5,71.5,113.5,185,85.5,0.716666667,83.73333333,3,"2",1.02389078498294,7.67918088737201,24.4027303754266,38.7372013651877,63.1399317406143,29.1808873720137,0.244596132081911,28.5779294641638,0.838206628070175,97.9337231929824,356,0.421348314606742,11.376404494382,22.0505617977528,34.6910112359551,56.7415730337079,31.8820224719101,0.688202247191011,30.8192883988764,2.15859030837004,96.6666666960352
"AF0496","6","SR",293,28.5,87.5,90.5,178,86.5,11.73333333,72.6,3,"1",1.02389078498294,9.72696245733788,29.8634812286689,30.8873720136519,60.7508532423208,29.5221843003413,4.00455062457338,24.778156996587,13.5645472023121,83.9306358381503,356,7.7247191011236,10.6741573033708,45.7865168539326,29.7752808988764,75.561797752809,13.7640449438202,2.76685393258427,10.6788389522472,20.1020408163265,77.5850340204082
"AF0165","7","SE",NA,NA,NA,NA,NA,NA,NA,NA,NA,"2",NA,NA,NA,NA,NA,NA,NA,NA,NA,NA,356,2.10674157303371,9.8314606741573,33.9887640449438,40.3089887640449,74.2977528089888,15.8707865168539,3.41760299719101,12.2284644185393,21.5339233097345,77.0501474867257
"AF0170","7","SE",326,41.5,133,72.5,205.5,79,5.25,72,3,"2",0.920245398773006,12.7300613496932,40.7975460122699,22.239263803681,63.0368098159509,24.2331288343558,1.61042944785276,22.0858895705521,6.64556962025316,91.1392405063291,356,2.24719101123596,8.98876404494382,38.4831460674157,25.1404494382022,63.623595505618,27.3876404494382,1.13295880140449,25.688202247191,4.13675213641026,93.7948717948718
"AF0182","7","SE",326,34,168,67.5,235.5,56.5,11.05,43.58333333,1,"1",0.306748466257669,10.4294478527607,51.5337423312883,20.7055214723926,72.239263803681,17.3312883435583,3.38957055214724,13.3691206533742,19.5575221238938,77.1386430619469,356,1.12359550561798,10.252808988764,41.9943820224719,25.7022471910112,67.6966292134831,22.0505617977528,4.30711610393258,17.1488764044944,19.5329087006369,77.7707006369427
"AF0205","7","SE",326,52.5,147.5,60.5,208,65.5,1.1,64.03333333,16.5,"2",5.06134969325153,16.1042944785276,45.2453987730061,18.558282208589,63.8036809815951,20.0920245398773,0.337423312883436,19.6421267883436,1.6793893129771,97.7608142442748,356,NA,NA,NA,NA,NA,NA,NA,NA,NA,NA
"AF0214","7","SE",326,30,144.5,111,255.5,40.5,4.783333333,35.28333333,6,"2",1.84049079754601,9.20245398773006,44.3251533742331,34.0490797546012,78.3742331288344,12.4233128834356,1.46728016349693,10.8231083834356,11.8106995876543,87.1193415555556,356,0.98314606741573,5.0561797752809,21.3483146067416,60.814606741573,82.1629213483146,12.7808988764045,1.13295880140449,11.4981273398876,8.86446886373626,89.963369956044
"AF0233","7","SE",326,68.5,133,74,207,50.5,2.316666667,47.23333333,12.5,"1",3.83435582822086,21.0122699386503,40.7975460122699,22.6993865030675,63.4969325153374,15.4907975460123,0.710633946932515,14.4887525552147,4.58745874653465,93.5313531287129,356,0.561797752808989,15.3089887640449,42.2752808988764,20.5056179775281,62.7808988764045,21.9101123595506,0.26685393258427,21.1610486882022,1.21794871794872,96.5811965769231
"AF0250","7","SE",326,24.5,108.5,109.5,218,83.5,15.31666667,67.23333333,4.5,"2",1.38036809815951,7.51533742331288,33.2822085889571,33.5889570552147,66.8711656441718,25.6134969325153,4.69836400920245,20.6237218803681,18.3433133772455,80.5189620718563,356,0.140449438202247,7.02247191011236,35.3932584269663,29.4943820224719,64.8876404494382,28.0898876404494,3.07116104775281,24.7378277162921,10.93333333,88.06666667
"AF0256","7","SE",326,34.5,116.5,96.5,213,78.5,4.1,72.28333333,3.5,"1",1.07361963190184,10.5828220858896,35.7361963190184,29.601226993865,65.3374233128834,24.079754601227,1.25766871165644,22.1728016349693,5.22292993630573,92.0806794012739,356,1.82584269662921,9.26966292134832,38.2022471910112,22.4719101123595,60.6741573033708,30.0561797752809,0.847378277247191,28.5299625561798,2.81931464205607,94.922118411215
"AF0280","7","SE",326,64.5,120,82.5,202.5,59,8.066666667,49.98333333,11,"1",3.37423312883436,19.7852760736196,36.8098159509202,25.3067484662577,62.1165644171779,18.0981595092025,2.47443762791411,15.3323108374233,13.6723163847458,84.7175141186441,356,0.702247191011236,8.70786516853933,40.1685393258427,26.685393258427,66.8539325842697,24.438202247191,2.21910112359551,21.8586142331461,9.08045977011494,89.4444444482759
"AF0286","7","SE",326,50,175.5,31.5,207,69,3.333333333,65.18333333,175.5,"1",53.8343558282209,15.3374233128834,53.8343558282209,9.66257668711656,63.4969325153374,21.1656441717791,1.02249488742331,19.9948875245399,4.83091787391304,94.4685990289855,356,2.80898876404494,10.5337078651685,58.2865168539326,9.41011235955056,67.6966292134831,21.7696629213483,1.02996254691011,20.5992509353933,4.73118279612903,94.6236559096774
"AF0288","7","SE",326,42.5,166.5,47,213.5,70,4.033333333,65.63333333,1,"2",0.306748466257669,13.0368098159509,51.0736196319018,14.4171779141104,65.4907975460123,21.4723926380368,1.23721881380368,20.1329243343558,5.76190476142857,93.7619047571429,356,0,10.814606741573,49.8595505617978,13.2022471910112,63.061797752809,26.123595505618,1.94756554297753,23.9934456938202,7.45519713225807,91.8458781397849
"AF0295","7","SE",326,59.5,168.5,36.5,205,61.5,9.116666667,50.81666667,3.5,"2",1.07361963190184,18.2515337423313,51.6871165644172,11.1963190184049,62.8834355828221,18.8650306748466,2.79652351748466,15.5879345613497,14.8238482390244,82.6287262926829,356,4.7752808988764,12.9213483146067,52.6685393258427,10.5337078651685,63.2022471910112,23.876404494382,1.97565543061798,21.4934456938202,8.27450980352941,90.0196078470588
"AF0307","7","SE",326,30.5,114,99.5,213.5,82,10.93333333,70.15,2.5,"2",0.766871165644172,9.3558282208589,34.9693251533742,30.521472392638,65.4907975460123,25.1533742331288,3.35378323006135,21.5184049079755,13.3333333292683,85.5487804878049,356,0.561797752808989,6.32022471910112,35.6741573033708,35.6741573033708,71.3483146067416,22.3314606741573,2.46722846432584,19.5692883904494,11.0482180289308,87.6310272578616
"AF0309","7","SE",326,29.5,140,90,230,66.5,16.05,48.28333333,12.5,"2",3.83435582822086,9.04907975460123,42.9447852760736,27.6073619631902,70.5521472392638,20.398773006135,4.92331288343558,14.8108384447853,24.1353383458647,72.6065162857143,356,2.24719101123596,8.70786516853933,31.7415730337079,29.9157303370786,61.6573033707865,29.6348314606742,4.77059925,23.7687265926966,16.0979462843602,80.2053712511848
"AF0314","7","SE",326,25.5,102.5,128.5,231,69.5,14.08333333,54.93333333,65,"1",19.9386503067485,7.82208588957055,31.441717791411,39.4171779141104,70.8588957055215,21.319018404908,4.32004089877301,16.8507157453988,20.2637889640288,79.040767381295,356,3.23033707865169,5.0561797752809,30.4775280898876,41.7134831460674,72.1910112359551,22.752808988764,2.71067415730337,19.2649812724719,11.9135802469136,84.6707818888889
"AF0318","7","SE",326,81.5,132,53,185,59.5,9.016666667,49.8,15.5,"2",4.75460122699387,25,40.4907975460123,16.2576687116564,56.7484662576687,18.2515337423313,2.7658486708589,15.2760736196319,15.1540616252101,83.6974789915966,356,2.80898876404494,16.2921348314607,43.6797752808989,18.2584269662921,61.938202247191,21.7696629213483,1.37640449438202,20.1404494382022,6.32258064516129,92.5161290322581
"AF0320","7","SE",326,44.5,116,77.5,193.5,88,12.86666667,72.66666667,122,"1",37.4233128834356,13.6503067484663,35.5828220858896,23.7730061349693,59.3558282208589,26.9938650306748,3.94683026687117,22.2903885490798,14.621212125,82.5757575795455,356,0.280898876404494,8.42696629213483,46.0674157303371,19.2415730337079,65.3089887640449,26.2640449438202,2.3876404494382,22.8136704129213,9.09090909090909,86.8627451016043
"AF0336","7","SE",326,44,127,76,203,79,5,71.73333333,7.5,"2",2.30061349693252,13.4969325153374,38.9570552147239,23.3128834355828,62.2699386503067,24.2331288343558,1.53374233128834,22.0040899785276,6.32911392405063,90.8016877594937,356,3.65168539325843,7.7247191011236,49.1573033707865,21.6292134831461,70.7865168539326,21.4887640449438,2.16760299634831,18.9606741573034,10.0871459699346,88.2352941176471
"AF0355","7","SE",326,20.5,130,85.5,215.5,90,12.4,76.31666667,1,"1",0.306748466257669,6.28834355828221,39.8773006134969,26.2269938650307,66.1042944785276,27.6073619631902,3.80368098159509,23.4100204509202,13.7777777777778,84.7962963,356,0.140449438202247,6.32022471910112,34.1292134831461,35.3932584269663,69.5224719101124,24.1573033707865,1.03464419466292,14.3024344578652,4.28294573604651,59.2054263604651
"AF0361","7","SE",326,48.5,124,80.5,204.5,73,10.65,61.41666667,8.5,"1",2.60736196319018,14.8773006134969,38.0368098159509,24.6932515337423,62.7300613496933,22.3926380368098,3.26687116564417,18.839468303681,14.5890410958904,84.1324200958904,356,9.97191011235955,23.0337078651685,40.1685393258427,16.5730337078652,56.7415730337079,20.2247191011236,2.17696629213483,17.7247191011236,10.7638888888889,87.6388888888889
"AF0378","7","SE",326,43.5,113.5,86,199.5,83,6.483333333,74.85,43,"1",13.1901840490798,13.3435582822086,34.8159509202454,26.3803680981595,61.1963190184049,25.4601226993865,1.98875255613497,22.9601226993865,7.81124497951807,90.1807228915663,356,10.9550561797753,24.7191011235955,33.1460674157303,26.4044943820225,59.5505617977528,15.7303370786517,1.34831460674157,13.8389513117978,8.57142857142857,87.9761904821429
"AF0386","7","SE",326,68,105.5,80.5,186,72,3.883333333,67.48333333,25.5,"1",7.82208588957055,20.8588957055215,32.361963190184,24.6932515337423,57.0552147239264,22.0858895705521,1.19120654386503,20.7004089969325,5.39351851805556,93.7268518472222,356,9.41011235955056,13.061797752809,43.6797752808989,28.9325842696629,72.6123595505618,14.3258426966292,0.533707865168539,13.5486891376404,3.72549019607843,94.5751633921569
"AF0388","7","SE",326,37.5,121.5,81,202.5,86,14.86666667,66.63333333,107.5,"1",32.9754601226994,11.5030674846626,37.2699386503067,24.8466257668712,62.1165644171779,26.3803680981595,4.5603271993865,20.4396728006135,17.2868217093023,77.4806201511628,356,2.94943820224719,10.9550561797753,35.1123595505618,31.8820224719101,66.9943820224719,22.0505617977528,3.22097378370787,18.2350187275281,14.6072186878981,82.6963906624204
"AF0399","7","SE",326,48,151.5,60,211.5,66.5,10.21666667,53.28333333,2.5,"1",0.766871165644172,14.7239263803681,46.4723926380368,18.4049079754601,64.8773006134969,20.398773006135,3.13394683128834,16.3445807760736,15.3634085263158,80.1253132781955,356,3.51123595505618,20.2247191011236,47.8932584269663,12.3595505617978,60.252808988764,19.5224719101124,1.56367041207865,17.7013108623596,8.00959232661871,90.6714628345324
"AF0406","7","SE",NA,NA,NA,NA,NA,NA,NA,NA,NA,"2",NA,NA,NA,NA,NA,NA,NA,NA,NA,NA,356,2.80898876404494,8.28651685393258,39.6067415730337,27.5280898876405,67.1348314606742,24.5786516853933,3.4644194747191,20.1966292134831,14.0952380914286,82.1714285714286
"AF409","7","SE",NA,NA,NA,NA,NA,NA,NA,NA,NA,"2",NA,NA,NA,NA,NA,NA,NA,NA,NA,NA,356,0.280898876404494,3.79213483146067,38.2022471910112,32.4438202247191,70.6460674157303,25.561797752809,2.6685393258427,21.7368913848315,10.4395604395604,85.036630032967
"AF0411","7","SE",326,18,120,104.5,224.5,83.5,6.866666667,75.36666667,0,"2",0,5.52147239263804,36.8098159509202,32.0552147239264,68.8650306748466,25.6134969325153,2.10633946840491,23.1186094079755,8.22355289461078,90.2594810419162,356,0.561797752808989,6.17977528089888,28.6516853932584,40.4494382022472,69.1011235955056,24.7191011235955,1.23127340814607,23.0664794016854,4.98106060568182,93.3143939431818
"AF0421","7","SE",326,44.5,157,69.5,226.5,55,8.85,44.71666667,10.5,"2",3.22085889570552,13.6503067484663,48.159509202454,21.319018404908,69.478527607362,16.8711656441718,2.71472392638037,13.7167689171779,16.0909090909091,81.3030303090909,356,0.280898876404494,9.26966292134832,32.4438202247191,34.1292134831461,66.5730337078652,24.1573033707865,2.35486891376405,21.1657303370786,9.74806201511628,87.6162790697674
"AF0431","7","SE",326,42.5,127.5,76,203.5,80,8.35,69.45,3.5,"2",1.07361963190184,13.0368098159509,39.1104294478528,23.3128834355828,62.4233128834356,24.5398773006135,2.56134969325153,21.3036809815951,10.4375,86.8125,356,0.421348314606742,10.9550561797753,29.6348314606742,35.3932584269663,65.0280898876404,24.0168539325843,1.17509363286517,22.1254681657303,4.89278752397661,92.1247563391813
"AF0438","7","SE",NA,NA,NA,NA,NA,NA,NA,NA,NA,"2",NA,NA,NA,NA,NA,NA,NA,NA,NA,NA,356,0,6.46067415730337,40.4494382022472,26.123595505618,66.5730337078652,26.9662921348315,2.3314606741573,24.517790261236,8.64583333333333,90.9201388854167
"AF0465","7","SE",326,23,171,77,248,55,7,47.3,0,"1",0,7.05521472392638,52.4539877300613,23.6196319018405,76.0736196319018,16.8711656441718,2.14723926380368,14.5092024539877,12.7272727272727,86,356,0.140449438202247,7.7247191011236,38.3426966292135,24.438202247191,62.7808988764045,29.4943820224719,2.96348314606742,26.3202247191011,10.047619047619,89.2380952380952
"AF0467","7","SE",326,36,117.5,111,228.5,61.5,0.533333333,59.75,1.5,"1",0.460122699386503,11.0429447852761,36.0429447852761,34.0490797546012,70.0920245398773,18.8650306748466,0.16359918190184,18.3282208588957,0.867208671544715,97.1544715447154,356,0,8.14606741573034,31.0393258426966,38.2022471910112,69.2415730337079,22.6123595505618,0.660112359550562,21.6573033707865,2.91925465838509,95.7763975155279
"AF0468","7","SE",326,43,115,111,226,57,6.933333333,48.53333333,16,"1",4.9079754601227,13.1901840490798,35.2760736196319,34.0490797546012,69.3251533742331,17.4846625766871,2.12678936595092,14.8875255613497,12.1637426894737,85.1461988245614,356,3.08988764044944,14.0449438202247,24.7191011235955,39.3258426966292,64.0449438202247,21.9101123595506,2.40636704129213,18.8342696629213,10.9829059833333,85.9615384615385
"AF0469","7","SE",326,33,163.5,80,243.5,49.5,4.883333333,44.18333333,4,"1",1.22699386503067,10.1226993865031,50.1533742331288,24.5398773006135,74.6932515337423,15.1840490797546,1.4979550101227,13.5531697331288,9.86531986464647,89.2592592525253,356,2.3876404494382,5.89887640449438,40.7303370786517,29.0730337078652,69.8033707865169,24.2977528089888,1.01591760308989,23.1367041207865,4.18111753410405,95.2215799653179
"AF0490","7","SE",326,58.5,114.5,82.5,197,70.5,4.866666667,64.55,16.5,"2",5.06134969325153,17.9447852760736,35.1226993865031,25.3067484662577,60.4294478527607,21.6257668711656,1.49284253588957,19.8006134969325,6.90307328652482,91.5602836879433,356,2.24719101123596,9.97191011235955,39.3258426966292,30.4775280898876,69.8033707865169,20.2247191011236,0.964419475561798,18.9513108623595,4.76851851805556,93.7037037083333
"AF0496","7","SE",326,40,153.5,85.5,239,47,6.933333333,39.25,28.5,"1",8.74233128834356,12.2699386503067,47.0858895705521,26.2269938650307,73.3128834355828,14.4171779141104,2.12678936595092,12.0398773006135,14.7517730489362,83.5106382978723,356,0.98314606741573,11.938202247191,43.3988764044944,24.0168539325843,67.4157303370787,20.6460674157303,5.3979400758427,14.8829588005618,26.1451247210884,72.0861677959184
"AF0165","7","SR",326,18.5,68,148,216,91.5,20.38333333,68.53333333,2.5,"2",0.766871165644172,5.67484662576687,20.8588957055215,45.398773006135,66.2576687116564,28.0674846625767,6.25255623619632,21.0224948865031,22.2768670273224,74.8998178469945,356,4.91573033707865,11.938202247191,36.2359550561798,36.938202247191,73.1741573033708,14.8876404494382,3.44101123595506,11.123595505618,23.1132075471698,74.7169811320755
"AF0170","7","SR",326,17.5,121,84.5,205.5,103,5.05,95.53333333,2.5,"2",0.766871165644172,5.3680981595092,37.1165644171779,25.920245398773,63.0368098159509,31.5950920245399,1.54907975460123,29.3047034754601,4.90291262135922,92.7508090582524,356,0.561797752808989,14.3258426966292,41.8539325842697,24.1573033707865,66.0112359550562,19.6629213483146,1.09550561797753,18.164794008427,5.57142857142857,92.3809523857143
"AF0182","7","SR",326,29.5,89,116,205,91.5,3.4,80.41666667,5.5,"1",1.68711656441718,9.04907975460123,27.3006134969325,35.5828220858896,62.8834355828221,28.0674846625767,1.04294478527607,24.6676891625767,3.71584699453552,87.8870673989071,356,0.561797752808989,8.84831460674157,49.8595505617978,21.7696629213483,71.6292134831461,19.5224719101124,4.62546816573034,14.1432584269663,23.6930455683453,72.4460431654676
"AF0205","7","SR",NA,NA,NA,NA,NA,NA,NA,NA,NA,"2",NA,NA,NA,NA,NA,NA,NA,NA,NA,NA,356,NA,NA,NA,NA,NA,NA,NA,NA,NA,NA
"AF0214","7","SR",326,14.5,74,165.5,239.5,72,4.716666667,66.86666667,3.5,"2",1.07361963190184,4.4478527607362,22.6993865030675,50.7668711656442,73.4662576687116,22.0858895705521,1.44683026595092,20.5112474447853,6.55092592638889,92.870370375,356,0.280898876404494,2.6685393258427,34.9719101123596,46.9101123595506,81.8820224719101,15.4494382022472,1.60580524353933,13.7874531825843,10.3939393945455,89.2424242363636
"AF0233","7","SR",326,49.5,115.5,106,221.5,55,1.15,52.23333333,0,"1",0,15.1840490797546,35.4294478527607,32.5153374233129,67.9447852760736,16.8711656441718,0.352760736196319,16.0224948865031,2.09090909090909,94.9696969636364,356,0,16.9943820224719,39.4662921348315,25.561797752809,65.0280898876404,17.9775280898876,1.27340823960674,16.1376404494382,7.0833333328125,89.765625
"AF0250","7","SR",326,17,89.5,131,220.5,88.5,6.633333333,80.95,0.5,"2",0.153374233128834,5.21472392638037,27.4539877300614,40.1840490797546,67.6380368098159,27.1472392638037,2.03476482607362,24.8312883435583,7.49529190169492,91.4689265536723,356,0.280898876404494,6.88202247191011,29.3539325842697,38.4831460674157,67.8370786516854,25.2808988764045,2.25187265926966,22.6217228455056,8.90740740777778,89.4814814777778
"AF0256","7","SR",326,18.5,111,82,193,114.5,2.25,108.9666667,3,"1",0.920245398773006,5.67484662576687,34.0490797546012,25.1533742331288,59.2024539877301,35.1226993865031,0.690184049079755,33.4253578834356,1.96506550218341,95.1673944978166,356,0.140449438202247,4.21348314606742,35.6741573033708,31.7415730337079,67.4157303370787,28.3707865168539,0.0327715356741573,27.5608614241573,0.115511551485149,97.1452145247525
"AF0280","7","SR",326,25,83.5,121,204.5,96.5,8.733333333,86.25,1.5,"1",0.460122699386503,7.66871165644172,25.6134969325153,37.1165644171779,62.7300613496933,29.601226993865,2.67893660521472,26.4570552147239,9.05008635544041,89.3782383419689,356,0.702247191011236,10.3932584269663,29.2134831460674,31.7415730337079,60.9550561797753,28.6516853932584,4.07303370786517,24.2649812724719,14.2156862745098,84.6895424803921
"AF0286","7","SR",326,30.5,166,62.5,228.5,67,4.233333333,62.18333333,13.5,"1",4.14110429447853,9.3558282208589,50.920245398773,19.1717791411043,70.0920245398773,20.5521472392638,1.29856850705521,19.0746421257669,6.31840795970149,92.8109452686567,356,1.96629213483146,11.2359550561798,53.9325842696629,12.7808988764045,66.7134831460674,22.0505617977528,1.06273408230337,20.9129213483146,4.81953290828025,94.8407643312102
"AF0288","7","SR",326,19.5,139.5,55.5,195,111.5,3.333333333,107.3166667,0.5,"2",0.153374233128834,5.98159509202454,42.7914110429448,17.0245398773006,59.8159509202454,34.2024539877301,1.02249488742331,32.9192229141104,2.98953662152466,96.2481315695067,356,2.10674157303371,9.69101123595506,55.1966292134831,13.9044943820225,69.1011235955056,21.2078651685393,0.0842696629213483,20.8520599241573,0.397350993377483,98.3222958013245
"AF0295","7","SR",326,20.5,152.5,67.5,220,85.5,8.466666667,75.78333333,3,"2",0.920245398773006,6.28834355828221,46.7791411042945,20.7055214723926,67.4846625766871,26.2269938650307,2.59713701441718,23.2464212668712,9.90253411345029,88.6354775789474,356,6.60112359550562,7.58426966292135,53.0898876404494,18.9606741573034,72.0505617977528,20.3651685393258,3.02434457022472,16.7134831460674,14.8505747172414,82.0689655172414
"AF0307","7","SR",326,22,76.5,117.5,194,110,9.683333333,98.93333333,15,"2",4.60122699386503,6.74846625766871,23.4662576687117,36.0429447852761,59.5092024539877,33.7423312883436,2.97034764815951,30.3476482607362,8.80303030272727,89.9393939363636,356,10.5337078651685,6.60112359550562,27.5280898876405,29.7752808988764,57.3033707865169,36.0955056179775,3.94662921348315,30.9925093539326,10.9338521400778,85.8625161867704
"AF0309","7","SR",326,26.5,93,111.5,204.5,95,17.88333333,70.06666667,4,"2",1.22699386503067,8.12883435582822,28.5276073619632,34.2024539877301,62.7300613496933,29.1411042944785,5.48568507055215,21.4928425368098,18.8245614,73.754385968421,356,1.40449438202247,9.69101123595506,35.3932584269663,29.3539325842697,64.747191011236,25.561797752809,5.35580524438202,18.9185393258427,20.952380956044,74.010989010989
"AF0314","7","SR",326,13,77,161,238,75,8.116666667,64.83333333,1.5,"1",0.460122699386503,3.98773006134969,23.6196319018405,49.3865030674847,73.0061349693252,23.0061349693252,2.48977505122699,19.8875255613497,10.8222222226667,86.44444444,356,2.52808988764045,4.49438202247191,18.9606741573034,45.9269662921348,64.8876404494382,30.6179775280899,3.6938202247191,26.5308988764045,12.0642201834862,86.651376146789
"AF0318","7","SR",326,60.5,139,47,186,79.5,2.5,72.26666667,13,"2",3.98773006134969,18.558282208589,42.638036809816,14.4171779141104,57.0552147239264,24.3865030674847,0.766871165644172,22.1676891625767,3.14465408805031,90.901467509434,356,1.54494382022472,16.1516853932584,42.9775280898876,18.8202247191011,61.7977528089888,22.0505617977528,1.54026217219101,20.0421348314607,6.98513800382166,90.8917197452229
"AF0320","7","SR",326,23,124.5,94,218.5,84.5,7.816666667,75.48333333,5,"1",1.53374233128834,7.05521472392638,38.1901840490798,28.8343558282209,67.0245398773006,25.920245398773,2.39775051134969,23.1543967269939,9.25049309704142,89.329388556213,356,24.1573033707865,14.6067415730337,36.376404494382,22.752808988764,59.1292134831461,26.2640449438202,4.34456928932584,21.5870786516854,16.541889486631,82.192513368984
"AF0336","7","SR",326,27,131,85.5,216.5,82.5,10.06666667,70.4,1.5,"2",0.460122699386503,8.28220858895705,40.1840490797546,26.2269938650307,66.4110429447853,25.3067484662577,3.08793456134969,21.5950920245399,12.2020202060606,85.3333333333333,356,4.07303370786517,7.7247191011236,38.9044943820225,27.8089887640449,66.7134831460674,25.561797752809,2.25187265926966,22.8511235955056,8.80952380989011,89.3956043956044
"AF0355","7","SR",326,19,123,101.5,224.5,82.5,4.983333333,75.46666667,0.5,"1",0.153374233128834,5.8282208588957,37.7300613496933,31.1349693251534,68.8650306748466,25.3067484662577,1.52862985674847,23.1492842546012,6.04040404,91.4747474787879,356,0.561797752808989,4.35393258426966,36.6573033707865,29.4943820224719,66.1516853932584,29.4943820224719,2.53745318342697,26.2827715365169,8.60317460285714,89.1111111142857
"AF0361","7","SR",326,37,113,63.5,176.5,112.5,12.21666667,98.95,12,"1",3.68098159509202,11.3496932515337,34.6625766871166,19.478527607362,54.1411042944785,34.5092024539877,3.74744376380368,30.3527607361963,10.8592592622222,87.9555555555555,356,3.93258426966292,10.252808988764,42.4157303370786,20.7865168539326,63.2022471910112,26.5449438202247,5.12172284550562,21.1657303370786,19.2945326243386,79.7354497354497
"AF0378","7","SR",NA,NA,NA,NA,NA,NA,NA,NA,NA,"1",NA,NA,NA,NA,NA,NA,NA,NA,NA,NA,356,5.89887640449438,12.6404494382022,29.9157303370786,32.1629213483146,62.0786516853933,25.2808988764045,0.674157303370786,23.497191011236,2.66666666666667,92.9444444444445
"AF0386","7","SR",326,27.5,121.5,115.5,237,61.5,5.233333333,55.65,9,"1",2.76073619631902,8.43558282208589,37.2699386503067,35.4294478527607,72.6993865030675,18.8650306748466,1.60531697331288,17.0705521472393,8.50948509430894,90.4878048780488,356,1.40449438202247,6.88202247191011,38.3426966292135,35.3932584269663,73.7359550561798,19.3820224719101,0.716292134831461,18.291198502809,3.69565217391304,94.3719806811594
"AF0388","7","SR",326,24,74,125.5,199.5,102.5,14.38333333,77.41666667,12,"1",3.68098159509202,7.36196319018405,22.6993865030675,38.4969325153374,61.1963190184049,31.441717791411,4.41206543865031,23.7474437638037,14.0325203219512,75.5284552878049,356,0.98314606741573,9.26966292134832,33.2865168539326,28.6516853932584,61.938202247191,28.7921348314607,1.96161048679775,24.9438202247191,6.8130081297561,86.6341463414634
"AF0399","7","SR",326,33,165,41,206,87,15.08333333,67.28333333,1.5,"1",0.460122699386503,10.1226993865031,50.6134969325153,12.5766871165644,63.1901840490798,26.6871165644172,4.62678936503067,20.639059303681,17.3371647471264,77.3371647471264,356,6.60112359550562,8.28651685393258,43.9606741573034,18.6797752808989,62.6404494382023,29.0730337078652,4.2041198511236,23.9513108623596,14.4605475072464,82.3832528212561
"AF0406","7","SR",326,32.5,140,86.5,226.5,67,10.93333333,54.45,9,"2",2.76073619631902,9.96932515337423,42.9447852760736,26.5337423312883,69.478527607362,20.5521472392638,3.35378323006135,16.7024539877301,16.3184079552239,81.2686567164179,356,0.561797752808989,9.8314606741573,35.814606741573,32.1629213483146,67.9775280898876,22.1910112359551,1.77902621713483,19.7518726601124,8.01687763670886,89.0084388227848
"AF409","7","SR",326,10,88,127.5,215.5,100.5,5.366666667,92.08333333,0,"2",0,3.06748466257669,26.9938650306748,39.1104294478528,66.1042944785276,30.8282208588957,1.6462167690184,28.2464212668712,5.33996683283582,91.6252072935323,356,0,3.23033707865169,29.6348314606742,34.9719101123596,64.6067415730337,32.1629213483146,1.17041198511236,29.358614241573,3.63901018951965,91.2809316157205
"AF0411","7","SR",326,20.5,113.5,109,222.5,83,4.283333333,77.31666667,0,"2",0,6.28834355828221,34.8159509202454,33.4355828220859,68.2515337423313,25.4601226993865,1.3139059303681,23.7167689171779,5.16064256987952,93.1526104457831,356,0,5.33707865168539,33.1460674157303,39.747191011236,72.8932584269663,21.7696629213483,1.67602996264045,19.9157303370787,7.6989247316129,91.4838709677419
"AF0421","7","SR",326,30.5,90.5,114,204.5,91,6.083333333,82.28333333,0.5,"2",0.153374233128834,9.3558282208589,27.760736196319,34.9693251533742,62.7300613496933,27.9141104294479,1.8660531696319,25.240286297546,6.68498168461538,90.4212454175824,356,0.280898876404494,8.84831460674157,30.6179775280899,33.0056179775281,63.623595505618,27.5280898876405,2.30805243455056,24.3398876404494,8.38435374183674,88.4183673469388
"AF0431","7","SR",326,17.5,120.5,103.5,224,84.5,5.933333333,77.13333333,6,"2",1.84049079754601,5.3680981595092,36.9631901840491,31.7484662576687,68.7116564417178,25.920245398773,1.82004089969325,23.660531696319,7.02169625207101,91.2820512781065,356,0,8.98876404494382,32.7247191011236,33.0056179775281,65.7303370786517,25.2808988764045,0.922284644101124,23.97940075,3.64814814777778,94.8518518555556
"AF0438","7","SR",326,17.5,131.5,79,210.5,98,5.966666667,91,0.5,"2",0.153374233128834,5.3680981595092,40.3374233128834,24.2331288343558,64.5705521472393,30.0613496932515,1.83026584877301,27.9141104294479,6.0884353744898,92.8571428571429,356,1.40449438202247,6.32022471910112,43.1179775280899,24.5786516853933,67.6966292134831,25.9831460674157,1.60580524353933,24.105805244382,6.18018018054054,92.7747747783784
"AF0465","7","SR",326,17.5,138,102,240,68.5,1.25,62.28333333,0,"1",0,5.3680981595092,42.3312883435583,31.2883435582822,73.6196319018405,21.0122699386503,0.383435582822086,19.1053169723926,1.82481751824817,90.9245742043796,356,0.421348314606742,5.0561797752809,37.0786516853933,31.8820224719101,68.9606741573034,25.9831460674157,3.06647940168539,22.5655430702247,11.8018018054054,86.8468468432432
"AF0467","7","SR",326,31.5,94,132.5,226.5,68,1.116666667,66.01666667,0,"1",0,9.66257668711656,28.8343558282209,40.6441717791411,69.478527607362,20.8588957055215,0.342535787423313,20.2505112484663,1.64215686323529,97.0833333382353,356,0,7.7247191011236,28.6516853932584,33.7078651685393,62.3595505617977,29.9157303370786,0.61329588005618,29.0121722752809,2.05007824694836,96.9796556807512
"AF0468","7","SR",326,29.5,73,149.5,222.5,74,4.166666667,67.68333333,5.5,"1",1.68711656441718,9.04907975460123,22.3926380368098,45.8588957055215,68.2515337423313,22.6993865030675,1.2781186095092,20.761758690184,5.63063063108108,91.4639639594595,356,1.40449438202247,12.3595505617978,31.6011235955056,35.1123595505618,66.7134831460674,20.9269662921348,2.01310861432584,18.1741573033708,9.61968680134228,86.8456375838926
"AF0469","7","SR",326,30,106,113.5,219.5,76.5,1.966666667,74.16666667,0,"1",0,9.20245398773006,32.5153374233129,34.8159509202454,67.3312883435583,23.4662576687117,0.603271983742331,22.7505112484663,2.57080610065359,96.9498910718954,356,1.82584269662921,5.0561797752809,29.9157303370786,40.4494382022472,70.3651685393258,24.5786516853933,1.10018726601124,21.9709737837079,4.47619047657143,89.3904761942857
"AF0490","7","SR",326,20,97,114,211,95,1.766666667,92.71666667,0.5,"2",0.153374233128834,6.13496932515337,29.7546012269939,34.9693251533742,64.7239263803681,29.1411042944785,0.541922290490798,28.440695297546,1.85964912315789,97.5964912315789,356,0.421348314606742,11.376404494382,22.0505617977528,34.6910112359551,56.7415730337079,31.8820224719101,0.688202247191011,30.8192883988764,2.15859030837004,96.6666666960352
"AF0496","7","SR",326,25,96.5,128.5,225,76,7.45,67.73333333,1.5,"1",0.460122699386503,7.66871165644172,29.601226993865,39.4171779141104,69.0184049079755,23.3128834355828,2.28527607361963,20.7770961134969,9.80263157894737,89.1228070131579,356,7.7247191011236,10.6741573033708,45.7865168539326,29.7752808988764,75.561797752809,13.7640449438202,2.76685393258427,10.6788389522472,20.1020408163265,77.5850340204082
"AF0165","8","SE",297,31,138.5,106,244.5,21.5,5.166666667,15.55,14.5,"2",4.88215488215488,10.4377104377104,46.6329966329966,35.6902356902357,82.3232323232323,7.23905723905724,1.73961840639731,5.23569023569024,24.0310077534884,72.3255813953488,356,2.10674157303371,9.8314606741573,33.9887640449438,40.3089887640449,74.2977528089888,15.8707865168539,3.41760299719101,12.2284644185393,21.5339233097345,77.0501474867257
"AF0170","8","SE",297,53,96.5,69.5,166,78,5.6,69.76666667,33.5,"2",11.2794612794613,17.8451178451178,32.4915824915825,23.4006734006734,55.8922558922559,26.2626262626263,1.88552188552189,23.4904601582492,7.17948717948718,89.4444444487179,356,2.24719101123596,8.98876404494382,38.4831460674157,25.1404494382022,63.623595505618,27.3876404494382,1.13295880140449,25.688202247191,4.13675213641026,93.7948717948718
"AF0182","8","SE",297,33,162,71,233,31,6.133333333,23.66666667,4.5,"1",1.51515151515152,11.1111111111111,54.5454545454545,23.9057239057239,78.4511784511784,10.4377104377104,2.0650953983165,7.96857463636364,19.7849462354839,76.3440860322581,356,1.12359550561798,10.252808988764,41.9943820224719,25.7022471910112,67.6966292134831,22.0505617977528,4.30711610393258,17.1488764044944,19.5329087006369,77.7707006369427
"AF0205","8","SE",297,41,134,68,202,54,3.016666667,50.5,20,"2",6.73400673400673,13.8047138047138,45.1178451178451,22.8956228956229,68.013468013468,18.1818181818182,1.01571268249158,17.003367003367,5.5864197537037,93.5185185185185,356,NA,NA,NA,NA,NA,NA,NA,NA,NA,NA
"AF0214","8","SE",297,12.5,120.5,126,246.5,38,3.183333333,34.3,36.5,"2",12.2895622895623,4.20875420875421,40.5723905723906,42.4242424242424,82.996632996633,12.7946127946128,1.07182940505051,11.5488215488215,8.37719298157895,90.2631578947368,356,0.98314606741573,5.0561797752809,21.3483146067416,60.814606741573,82.1629213483146,12.7808988764045,1.13295880140449,11.4981273398876,8.86446886373626,89.963369956044
"AF0233","8","SE",297,57.5,90,83.5,173.5,66,3.616666667,60.91666667,3,"1",1.01010101010101,19.3602693602694,30.3030303030303,28.1144781144781,58.4175084175084,22.2222222222222,1.21773288451178,20.5106621784512,5.47979798030303,92.2979798030303,356,0.561797752808989,15.3089887640449,42.2752808988764,20.5056179775281,62.7808988764045,21.9101123595506,0.26685393258427,21.1610486882022,1.21794871794872,96.5811965769231
"AF0250","8","SE",297,32,110,92.5,202.5,62.5,9.9,51.03333333,7.5,"2",2.52525252525253,10.7744107744108,37.037037037037,31.1447811447811,68.1818181818182,21.043771043771,3.33333333333333,17.1829405151515,15.84,81.653333328,356,0.140449438202247,7.02247191011236,35.3932584269663,29.4943820224719,64.8876404494382,28.0898876404494,3.07116104775281,24.7378277162921,10.93333333,88.06666667
"AF0256","8","SE",297,26.5,165.5,63,228.5,42,2.8,38.46666667,17.5,"1",5.89225589225589,8.92255892255892,55.7239057239057,21.2121212121212,76.9360269360269,14.1414141414141,0.942760942760943,12.9517396195286,6.66666666666667,91.5873015952381,356,1.82584269662921,9.26966292134832,38.2022471910112,22.4719101123595,60.6741573033708,30.0561797752809,0.847378277247191,28.5299625561798,2.81931464205607,94.922118411215
"AF0280","8","SE",297,36,105,82,187,74,6.183333333,66.23333333,3.5,"1",1.17845117845118,12.1212121212121,35.3535353535354,27.6094276094276,62.962962962963,24.9158249158249,2.08193041515152,22.3007856329966,8.35585585540541,89.5045045,356,0.702247191011236,8.70786516853933,40.1685393258427,26.685393258427,66.8539325842697,24.438202247191,2.21910112359551,21.8586142331461,9.08045977011494,89.4444444482759
"AF0286","8","SE",297,28,125,73.5,198.5,70.5,5.9,64.33333333,100,"1",33.6700336700337,9.42760942760943,42.0875420875421,24.7474747474747,66.8350168350168,23.7373737373737,1.98653198653199,21.661054993266,8.36879432624114,91.2529550780142,356,2.80898876404494,10.5337078651685,58.2865168539326,9.41011235955056,67.6966292134831,21.7696629213483,1.02996254691011,20.5992509353933,4.73118279612903,94.6236559096774
"AF0288","8","SE",297,42,112.5,58.5,171,84,4.433333333,79.28333333,2.5,"2",0.841750841750842,14.1414141414141,37.8787878787879,19.6969696969697,57.5757575757576,28.2828282828283,1.49270482592593,26.694725026936,5.27777777738095,94.3849206309524,356,0,10.814606741573,49.8595505617978,13.2022471910112,63.061797752809,26.123595505618,1.94756554297753,23.9934456938202,7.45519713225807,91.8458781397849
"AF0295","8","SE",297,40,151,52,203,54,4.733333333,47.56666667,58,"2",19.5286195286195,13.4680134680135,50.8417508417508,17.5084175084175,68.3501683501683,18.1818181818182,1.59371492693603,16.0157126835017,8.76543209814815,88.0864197592592,356,4.7752808988764,12.9213483146067,52.6685393258427,10.5337078651685,63.2022471910112,23.876404494382,1.97565543061798,21.4934456938202,8.27450980352941,90.0196078470588
"AF0307","8","SE",297,27.5,119,103,222,47.5,8.416666667,38.53333333,15,"2",5.05050505050505,9.25925925925926,40.0673400673401,34.6801346801347,74.7474747474748,15.993265993266,2.8338945006734,12.9741863063973,17.7192982463158,81.1228070105263,356,0.561797752808989,6.32022471910112,35.6741573033708,35.6741573033708,71.3483146067416,22.3314606741573,2.46722846432584,19.5692883904494,11.0482180289308,87.6310272578616
"AF0309","8","SE",297,23.5,109.5,96.5,206,67.5,10.11666667,41.46666667,117,"2",39.3939393939394,7.91245791245791,36.8686868686869,32.4915824915825,69.3602693602694,22.7272727272727,3.40628507407407,13.9618406296296,14.9876543259259,61.4320987703704,356,2.24719101123596,8.70786516853933,31.7415730337079,29.9157303370786,61.6573033707865,29.6348314606742,4.77059925,23.7687265926966,16.0979462843602,80.2053712511848
"AF0314","8","SE",297,24,99,124,223,50,10.3,39.15,19.5,"1",6.56565656565657,8.08080808080808,33.3333333333333,41.7508417508418,75.0841750841751,16.8350168350168,3.46801346801347,13.1818181818182,20.6,78.3,356,3.23033707865169,5.0561797752809,30.4775280898876,41.7134831460674,72.1910112359551,22.752808988764,2.71067415730337,19.2649812724719,11.9135802469136,84.6707818888889
"AF0318","8","SE",297,49.5,123.5,62.5,186,61.5,2.983333333,57.01666667,41.5,"2",13.973063973064,16.6666666666667,41.5824915824916,21.043771043771,62.6262626262626,20.7070707070707,1.00448933771044,19.1975308653199,4.85094850894309,92.7100271056911,356,2.80898876404494,16.2921348314607,43.6797752808989,18.2584269662921,61.938202247191,21.7696629213483,1.37640449438202,20.1404494382022,6.32258064516129,92.5161290322581
"AF0320","8","SE",297,35.5,124.5,64.5,189,72.5,10.06666667,60.51666667,1,"1",0.336700336700337,11.952861952862,41.9191919191919,21.7171717171717,63.6363636363636,24.4107744107744,3.38945005723906,20.375982043771,13.8850574758621,83.4712643724138,356,0.280898876404494,8.42696629213483,46.0674157303371,19.2415730337079,65.3089887640449,26.2640449438202,2.3876404494382,22.8136704129213,9.09090909090909,86.8627451016043
"AF0336","8","SE",297,50,116.5,67,183.5,63.5,8.9,53.68333333,120.5,"2",40.5723905723906,16.8350168350168,39.2255892255892,22.5589225589226,61.7845117845118,21.3804713804714,2.996632996633,18.0751964074074,14.0157480314961,84.5406824094488,356,3.65168539325843,7.7247191011236,49.1573033707865,21.6292134831461,70.7865168539326,21.4887640449438,2.16760299634831,18.9606741573034,10.0871459699346,88.2352941176471
"AF0355","8","SE",297,34.5,127.5,73,200.5,62,9.933333333,51.18333333,5,"1",1.68350168350168,11.6161616161616,42.9292929292929,24.5791245791246,67.5084175084175,20.8754208754209,3.34455667777778,17.2334455656566,16.0215053758065,82.5537634354839,356,0.140449438202247,6.32022471910112,34.1292134831461,35.3932584269663,69.5224719101124,24.1573033707865,1.03464419466292,14.3024344578652,4.28294573604651,59.2054263604651
"AF0361","8","SE",297,49,142,55,197,51,10.73333333,39.75,18.5,"1",6.22895622895623,16.4983164983165,47.8114478114478,18.5185185185185,66.3299663299663,17.1717171717172,3.61391694612795,13.3838383838384,21.045751627451,77.9411764705882,356,9.97191011235955,23.0337078651685,40.1685393258427,16.5730337078652,56.7415730337079,20.2247191011236,2.17696629213483,17.7247191011236,10.7638888888889,87.6388888888889
"AF0378","8","SE",297,32.5,116.5,77.5,194,70.5,3.783333333,62.38333333,48,"1",16.1616161616162,10.9427609427609,39.2255892255892,26.0942760942761,65.3198653198653,23.7373737373737,1.27384960707071,21.0044893367003,5.36643025957447,88.4869976312057,356,10.9550561797753,24.7191011235955,33.1460674157303,26.4044943820225,59.5505617977528,15.7303370786517,1.34831460674157,13.8389513117978,8.57142857142857,87.9761904821429
"AF0386","8","SE",297,20,108,102,210,67,2.7,63.93333333,3,"1",1.01010101010101,6.73400673400673,36.3636363636364,34.3434343434343,70.7070707070707,22.5589225589226,0.909090909090909,21.5263748585859,4.02985074626866,95.4228855671642,356,9.41011235955056,13.061797752809,43.6797752808989,28.9325842696629,72.6123595505618,14.3258426966292,0.533707865168539,13.5486891376404,3.72549019607843,94.5751633921569
"AF0388","8","SE",297,27.5,112.5,82,194.5,75,8,64.36666667,1,"1",0.336700336700337,9.25925925925926,37.8787878787879,27.6094276094276,65.4882154882155,25.2525252525253,2.69360269360269,21.6722783400673,10.6666666666667,85.8222222266667,356,2.94943820224719,10.9550561797753,35.1123595505618,31.8820224719101,66.9943820224719,22.0505617977528,3.22097378370787,18.2350187275281,14.6072186878981,82.6963906624204
"AF0399","8","SE",297,41.5,126,54.5,180.5,75,7.916666667,65.91666667,168.5,"1",56.7340067340067,13.973063973064,42.4242424242424,18.3501683501683,60.7744107744108,25.2525252525253,2.66554433232323,22.1941638619529,10.555555556,87.8888888933333,356,3.51123595505618,20.2247191011236,47.8932584269663,12.3595505617978,60.252808988764,19.5224719101124,1.56367041207865,17.7013108623596,8.00959232661871,90.6714628345324
"AF0406","8","SE",297,14,94.5,127,221.5,61.5,5.266666667,54.41666667,0,"2",0,4.71380471380471,31.8181818181818,42.7609427609428,74.5791245791246,20.7070707070707,1.77328844006734,18.322109989899,8.56368563739837,88.4823848292683,356,2.80898876404494,8.28651685393258,39.6067415730337,27.5280898876405,67.1348314606742,24.5786516853933,3.4644194747191,20.1966292134831,14.0952380914286,82.1714285714286
"AF409","8","SE",NA,NA,NA,NA,NA,NA,NA,NA,NA,"2",NA,NA,NA,NA,NA,NA,NA,NA,NA,NA,356,0.280898876404494,3.79213483146067,38.2022471910112,32.4438202247191,70.6460674157303,25.561797752809,2.6685393258427,21.7368913848315,10.4395604395604,85.036630032967
"AF0411","8","SE",297,30,138,80.5,218.5,48.5,1.466666667,46.25,22,"2",7.40740740740741,10.1010101010101,46.4646464646465,27.1043771043771,73.5690235690236,16.3299663299663,0.493827160606061,15.5723905723906,3.02405498350515,95.3608247422681,356,0.561797752808989,6.17977528089888,28.6516853932584,40.4494382022472,69.1011235955056,24.7191011235955,1.23127340814607,23.0664794016854,4.98106060568182,93.3143939431818
"AF0421","8","SE",297,51.5,100.5,80.5,181,64.5,10,53.21666667,23.5,"2",7.91245791245791,17.3400673400673,33.8383838383838,27.1043771043771,60.9427609427609,21.7171717171717,3.36700336700337,17.9180695858586,15.5038759689922,82.5064599534884,356,0.280898876404494,9.26966292134832,32.4438202247191,34.1292134831461,66.5730337078652,24.1573033707865,2.35486891376405,21.1657303370786,9.74806201511628,87.6162790697674
"AF0431","8","SE",297,43,97,83.5,180.5,73.5,10,61.2,22,"2",7.40740740740741,14.4781144781145,32.6599326599327,28.1144781144781,60.7744107744108,24.7474747474747,3.36700336700337,20.6060606060606,13.6054421768707,83.265306122449,356,0.421348314606742,10.9550561797753,29.6348314606742,35.3932584269663,65.0280898876404,24.0168539325843,1.17509363286517,22.1254681657303,4.89278752397661,92.1247563391813
"AF0438","8","SE",297,28,121,72,193,76,7.166666667,67.9,40,"2",13.4680134680135,9.42760942760943,40.7407407407407,24.2424242424242,64.983164983165,25.5892255892256,2.41301907979798,22.8619528619529,9.42982456184211,89.3421052631579,356,0,6.46067415730337,40.4494382022472,26.123595505618,66.5730337078652,26.9662921348315,2.3314606741573,24.517790261236,8.64583333333333,90.9201388854167
"AF0465","8","SE",NA,NA,NA,NA,NA,NA,NA,NA,NA,"1",NA,NA,NA,NA,NA,NA,NA,NA,NA,NA,356,0.140449438202247,7.7247191011236,38.3426966292135,24.438202247191,62.7808988764045,29.4943820224719,2.96348314606742,26.3202247191011,10.047619047619,89.2380952380952
"AF0467","8","SE",297,21,108.5,127.5,236,40,2.4,35.95,0,"1",0,7.07070707070707,36.5319865319865,42.9292929292929,79.4612794612795,13.4680134680135,0.808080808080808,12.1043771043771,6,89.875,356,0,8.14606741573034,31.0393258426966,38.2022471910112,69.2415730337079,22.6123595505618,0.660112359550562,21.6573033707865,2.91925465838509,95.7763975155279
"AF0468","8","SE",297,38.5,95,133,228,30.5,3.366666667,25.95,35.5,"1",11.952861952862,12.962962962963,31.986531986532,44.7811447811448,76.7676767676768,10.2693602693603,1.1335578003367,8.73737373737374,11.0382513672131,85.0819672131148,356,3.08988764044944,14.0449438202247,24.7191011235955,39.3258426966292,64.0449438202247,21.9101123595506,2.40636704129213,18.8342696629213,10.9829059833333,85.9615384615385
"AF0469","8","SE",NA,NA,NA,NA,NA,NA,NA,NA,NA,"1",NA,NA,NA,NA,NA,NA,NA,NA,NA,NA,356,2.3876404494382,5.89887640449438,40.7303370786517,29.0730337078652,69.8033707865169,24.2977528089888,1.01591760308989,23.1367041207865,4.18111753410405,95.2215799653179
"AF0490","8","SE",297,47,105,95,200,50,2.733333333,46.46666667,4,"2",1.34680134680135,15.8249158249158,35.3535353535354,31.986531986532,67.3400673400673,16.8350168350168,0.920314253535353,15.6453423131313,5.466666666,92.93333334,356,2.24719101123596,9.97191011235955,39.3258426966292,30.4775280898876,69.8033707865169,20.2247191011236,0.964419475561798,18.9513108623595,4.76851851805556,93.7037037083333
"AF0496","8","SE",297,26,131.5,75,206.5,64.5,10.4,52.83333333,3,"1",1.01010101010101,8.75420875420875,44.2760942760943,25.2525252525253,69.5286195286195,21.7171717171717,3.5016835016835,17.7890011212121,16.1240310077519,81.9121446976744,356,0.98314606741573,11.938202247191,43.3988764044944,24.0168539325843,67.4157303370787,20.6460674157303,5.3979400758427,14.8829588005618,26.1451247210884,72.0861677959184
"AF0165","8","SR",297,19.5,83,137.5,220.5,57,16.05,39.35,3.5,"2",1.17845117845118,6.56565656565657,27.9461279461279,46.2962962962963,74.2424242424242,19.1919191919192,5.4040404040404,13.2491582491582,28.1578947368421,69.0350877192982,356,4.91573033707865,11.938202247191,36.2359550561798,36.938202247191,73.1741573033708,14.8876404494382,3.44101123595506,11.123595505618,23.1132075471698,74.7169811320755
"AF0170","8","SR",297,15,92,115.5,207.5,74.5,2.666666667,70.55,4,"2",1.34680134680135,5.05050505050505,30.976430976431,38.8888888888889,69.8653198653199,25.0841750841751,0.897867564646465,23.7542087542088,3.57941834496644,94.6979865771812,356,0.561797752808989,14.3258426966292,41.8539325842697,24.1573033707865,66.0112359550562,19.6629213483146,1.09550561797753,18.164794008427,5.57142857142857,92.3809523857143
"AF0182","8","SR",297,20,136,83.5,219.5,57.5,10.85,45.41666667,3,"1",1.01010101010101,6.73400673400673,45.7912457912458,28.1144781144781,73.9057239057239,19.3602693602694,3.65319865319865,15.291806959596,18.8695652173913,78.9855072521739,356,0.561797752808989,8.84831460674157,49.8595505617978,21.7696629213483,71.6292134831461,19.5224719101124,4.62546816573034,14.1432584269663,23.6930455683453,72.4460431654676
"AF0205","8","SR",NA,NA,NA,NA,NA,NA,NA,NA,NA,"2",NA,NA,NA,NA,NA,NA,NA,NA,NA,NA,356,NA,NA,NA,NA,NA,NA,NA,NA,NA,NA
"AF0214","8","SR",297,15.5,110,150.5,260.5,21,1.016666667,19.9,9,"2",3.03030303030303,5.21885521885522,37.037037037037,50.6734006734007,87.7104377104377,7.07070707070707,0.342312009090909,6.7003367003367,4.84126984285714,94.7619047619048,356,0.280898876404494,2.6685393258427,34.9719101123596,46.9101123595506,81.8820224719101,15.4494382022472,1.60580524353933,13.7874531825843,10.3939393945455,89.2424242363636
"AF0233","8","SR",297,48,103,81,184,65,0.6,63.06666667,1,"1",0.336700336700337,16.1616161616162,34.6801346801347,27.2727272727273,61.952861952862,21.8855218855219,0.202020202020202,21.2345679023569,0.923076923076923,97.0256410307692,356,0,16.9943820224719,39.4662921348315,25.561797752809,65.0280898876404,17.9775280898876,1.27340823960674,16.1376404494382,7.0833333328125,89.765625
"AF0250","8","SR",297,18.5,96,105,201,77.5,5.566666667,71.21666667,8,"2",2.69360269360269,6.22895622895623,32.3232323232323,35.3535353535354,67.6767676767677,26.0942760942761,1.87429854107744,23.9786756464646,7.18279569935484,91.8924731225806,356,0.280898876404494,6.88202247191011,29.3539325842697,38.4831460674157,67.8370786516854,25.2808988764045,2.25187265926966,22.6217228455056,8.90740740777778,89.4814814777778
"AF0256","8","SR",297,14,90,122,212,71,1.916666667,67.63333333,1.5,"1",0.505050505050505,4.71380471380471,30.3030303030303,41.0774410774411,71.3804713804714,23.9057239057239,0.645342312121212,22.7721661043771,2.69953051690141,95.2582159577465,356,0.140449438202247,4.21348314606742,35.6741573033708,31.7415730337079,67.4157303370787,28.3707865168539,0.0327715356741573,27.5608614241573,0.115511551485149,97.1452145247525
"AF0280","8","SR",297,30.5,86.5,114,200.5,66,8.666666667,56.9,15,"1",5.05050505050505,10.2693602693603,29.1245791245791,38.3838383838384,67.5084175084175,22.2222222222222,2.91806958484848,19.1582491582492,13.1313131318182,86.2121212121212,356,0.702247191011236,10.3932584269663,29.2134831460674,31.7415730337079,60.9550561797753,28.6516853932584,4.07303370786517,24.2649812724719,14.2156862745098,84.6895424803921
"AF0286","8","SR",297,23,153.5,43.5,197,77,2.2,74.3,29.5,"1",9.93265993265993,7.74410774410774,51.6835016835017,14.6464646464646,66.3299663299663,25.9259259259259,0.740740740740741,25.016835016835,2.85714285714286,96.4935064935065,356,1.96629213483146,11.2359550561798,53.9325842696629,12.7808988764045,66.7134831460674,22.0505617977528,1.06273408230337,20.9129213483146,4.81953290828025,94.8407643312102
"AF0288","8","SR",297,26.5,146.5,43.5,190,80.5,1.516666667,78.8,3,"2",1.01010101010101,8.92255892255892,49.3265993265993,14.6464646464646,63.973063973064,27.1043771043771,0.510662177441077,26.5319865319865,1.88405797142857,97.888198757764,356,2.10674157303371,9.69101123595506,55.1966292134831,13.9044943820225,69.1011235955056,21.2078651685393,0.0842696629213483,20.8520599241573,0.397350993377483,98.3222958013245
"AF0295","8","SR",297,17.5,158,54.5,212.5,67,6.25,59.9,11,"2",3.7037037037037,5.89225589225589,53.1986531986532,18.3501683501683,71.5488215488216,22.5589225589226,2.1043771043771,20.1683501683502,9.32835820895522,89.4029850746269,356,6.60112359550562,7.58426966292135,53.0898876404494,18.9606741573034,72.0505617977528,20.3651685393258,3.02434457022472,16.7134831460674,14.8505747172414,82.0689655172414
"AF0307","8","SR",297,19.5,71.5,115,186.5,91,8.916666667,80.53333333,13.5,"2",4.54545454545455,6.56565656565657,24.0740740740741,38.7205387205387,62.7946127946128,30.6397306397306,3.00224466902357,27.1156004478114,9.7985347989011,88.4981684945055,356,10.5337078651685,6.60112359550562,27.5280898876405,29.7752808988764,57.3033707865169,36.0955056179775,3.94662921348315,30.9925093539326,10.9338521400778,85.8625161867704
"AF0309","8","SR",297,29.5,85.5,110,195.5,72,13.53333333,54.78333333,19.5,"2",6.56565656565657,9.93265993265993,28.7878787878788,37.037037037037,65.8249158249158,24.2424242424242,4.55667788888889,18.4455667777778,18.7962962916667,76.0879629583333,356,1.40449438202247,9.69101123595506,35.3932584269663,29.3539325842697,64.747191011236,25.561797752809,5.35580524438202,18.9185393258427,20.952380956044,74.010989010989
"AF0314","8","SR",297,12.5,79.5,144,223.5,61,9.816666667,50.83333333,9.5,"1",3.1986531986532,4.20875420875421,26.7676767676768,48.4848484848485,75.2525252525252,20.5387205387205,3.30527497205387,17.1156004478114,16.0928961754098,83.3333333278689,356,2.52808988764045,4.49438202247191,18.9606741573034,45.9269662921348,64.8876404494382,30.6179775280899,3.6938202247191,26.5308988764045,12.0642201834862,86.651376146789
"AF0318","8","SR",297,43,140,41.5,181.5,72.5,1.383333333,69.25,2.5,"2",0.841750841750842,14.4781144781145,47.1380471380471,13.973063973064,61.1111111111111,24.4107744107744,0.465768798989899,23.3164983164983,1.90804597655172,95.5172413793103,356,1.54494382022472,16.1516853932584,42.9775280898876,18.8202247191011,61.7977528089888,22.0505617977528,1.54026217219101,20.0421348314607,6.98513800382166,90.8917197452229
"AF0320","8","SR",297,17.5,109.5,93,202.5,77,7.466666667,67.88333333,4.5,"1",1.51515151515152,5.89225589225589,36.8686868686869,31.3131313131313,68.1818181818182,25.9259259259259,2.51402918080808,22.8563411885522,9.6969696974026,88.1601731558442,356,24.1573033707865,14.6067415730337,36.376404494382,22.752808988764,59.1292134831461,26.2640449438202,4.34456928932584,21.5870786516854,16.541889486631,82.192513368984
"AF0336","8","SR",297,33.5,123,82,205,58.5,6.6,50.75,6,"2",2.02020202020202,11.2794612794613,41.4141414141414,27.6094276094276,69.023569023569,19.6969696969697,2.22222222222222,17.0875420875421,11.2820512820513,86.7521367521367,356,4.07303370786517,7.7247191011236,38.9044943820225,27.8089887640449,66.7134831460674,25.561797752809,2.25187265926966,22.8511235955056,8.80952380989011,89.3956043956044
"AF0355","8","SR",297,32.5,99.5,99.5,199,65.5,6.166666667,58.78333333,9,"1",3.03030303030303,10.9427609427609,33.5016835016835,33.5016835016835,67.003367003367,22.0538720538721,2.07631874309764,19.7923681245791,9.41475827022901,89.7455470687023,356,0.561797752808989,4.35393258426966,36.6573033707865,29.4943820224719,66.1516853932584,29.4943820224719,2.53745318342697,26.2827715365169,8.60317460285714,89.1111111142857
"AF0361","8","SR",297,40,167.5,50,217.5,39.5,8.05,31.08333333,16,"1",5.38720538720539,13.4680134680135,56.3973063973064,16.8350168350168,73.2323232323232,13.2996632996633,2.71043771043771,10.4657687979798,20.379746835443,78.6919831139241,356,3.93258426966292,10.252808988764,42.4157303370786,20.7865168539326,63.2022471910112,26.5449438202247,5.12172284550562,21.1657303370786,19.2945326243386,79.7354497354497
"AF0378","8","SR",297,34,98.5,100.5,199,64,2.516666667,56.26666667,55.5,"1",18.6868686868687,11.4478114478114,33.1649831649832,33.8383838383838,67.003367003367,21.5488215488215,0.847362514141414,18.9450056127946,3.9322916671875,87.916666671875,356,5.89887640449438,12.6404494382022,29.9157303370786,32.1629213483146,62.0786516853933,25.2808988764045,0.674157303370786,23.497191011236,2.66666666666667,92.9444444444445
"AF0386","8","SR",297,23.5,123.5,85.5,209,64.5,2.616666667,61.2,2,"1",0.673400673400673,7.91245791245791,41.5824915824916,28.7878787878788,70.3703703703704,21.7171717171717,0.881032547811448,20.6060606060606,4.05684754573643,94.8837209302326,356,1.40449438202247,6.88202247191011,38.3426966292135,35.3932584269663,73.7359550561798,19.3820224719101,0.716292134831461,18.291198502809,3.69565217391304,94.3719806811594
"AF0388","8","SR",297,21.5,94,102,196,79.5,11.3,66.2,5.5,"1",1.85185185185185,7.23905723905724,31.6498316498317,34.3434343434343,65.993265993266,26.7676767676768,3.80471380471381,22.2895622895623,14.2138364779874,83.2704402515723,356,0.98314606741573,9.26966292134832,33.2865168539326,28.6516853932584,61.938202247191,28.7921348314607,1.96161048679775,24.9438202247191,6.8130081297561,86.6341463414634
"AF0399","8","SR",297,47.5,132,58.5,190.5,59,6.25,51.78333333,0.5,"1",0.168350168350168,15.993265993266,44.4444444444444,19.6969696969697,64.1414141414141,19.8653198653199,2.1043771043771,17.4354657676768,10.5932203389831,87.7683615762712,356,6.60112359550562,8.28651685393258,43.9606741573034,18.6797752808989,62.6404494382023,29.0730337078652,4.2041198511236,23.9513108623596,14.4605475072464,82.3832528212561
"AF0406","8","SR",297,14,88.5,131,219.5,63.5,8.066666667,53.66666667,0,"2",0,4.71380471380471,29.7979797979798,44.1077441077441,73.9057239057239,21.3804713804714,2.71604938282828,18.0695847373737,12.7034120740157,84.5144357007874,356,0.561797752808989,9.8314606741573,35.814606741573,32.1629213483146,67.9775280898876,22.1910112359551,1.77902621713483,19.7518726601124,8.01687763670886,89.0084388227848
"AF409","8","SR",297,12.5,78.5,112,190.5,94,5.883333333,83.9,0,"2",0,4.20875420875421,26.4309764309764,37.7104377104377,64.1414141414141,31.6498316498317,1.98092031414141,28.2491582491583,6.25886524787234,89.2553191489362,356,0,3.23033707865169,29.6348314606742,34.9719101123596,64.6067415730337,32.1629213483146,1.17041198511236,29.358614241573,3.63901018951965,91.2809316157205
"AF0411","8","SR",297,17,115,124.5,239.5,40.5,3.316666667,36.55,2.5,"2",0.841750841750842,5.72390572390572,38.7205387205387,41.9191919191919,80.6397306397306,13.6363636363636,1.11672278350168,12.3063973063973,8.18930041234568,90.2469135802469,356,0,5.33707865168539,33.1460674157303,39.747191011236,72.8932584269663,21.7696629213483,1.67602996264045,19.9157303370787,7.6989247316129,91.4838709677419
"AF0421","8","SR",297,22,88.5,116,204.5,70.5,9.466666667,58.83333333,1,"2",0.336700336700337,7.40740740740741,29.7979797979798,39.0572390572391,68.8552188552189,23.7373737373737,3.18742985420875,19.8092031414141,13.4278959815603,83.4515366382979,356,0.280898876404494,8.84831460674157,30.6179775280899,33.0056179775281,63.623595505618,27.5280898876405,2.30805243455056,24.3398876404494,8.38435374183674,88.4183673469388
"AF0431","8","SR",297,19.5,64,125,189,88.5,6.8,80.5,0,"2",0,6.56565656565657,21.5488215488215,42.0875420875421,63.6363636363636,29.7979797979798,2.28956228956229,27.1043771043771,7.68361581920904,90.9604519774011,356,0,8.98876404494382,32.7247191011236,33.0056179775281,65.7303370786517,25.2808988764045,0.922284644101124,23.97940075,3.64814814777778,94.8518518555556
"AF0438","8","SR",297,16,128,72.5,200.5,80.5,8.433333333,70.7,10.5,"2",3.53535353535354,5.38720538720539,43.0976430976431,24.4107744107744,67.5084175084175,27.1043771043771,2.83950617272727,23.8047138047138,10.4761904757764,87.8260869565217,356,1.40449438202247,6.32022471910112,43.1179775280899,24.5786516853933,67.6966292134831,25.9831460674157,1.60580524353933,24.105805244382,6.18018018054054,92.7747747783784
"AF0465","8","SR",297,25,86.5,90,176.5,95.5,13.78333333,80.31666667,0,"1",0,8.41750841750842,29.1245791245791,30.3030303030303,59.4276094276094,32.1548821548822,4.64085297306397,27.0426487104377,14.4328097696335,84.1012216439791,356,0.421348314606742,5.0561797752809,37.0786516853933,31.8820224719101,68.9606741573034,25.9831460674157,3.06647940168539,22.5655430702247,11.8018018054054,86.8468468432432
"AF0467","8","SR",297,24.5,95,112.5,207.5,65,2.183333333,62,7.5,"1",2.52525252525253,8.24915824915825,31.986531986532,37.8787878787879,69.8653198653199,21.8855218855219,0.735129068350168,20.8754208754209,3.35897435846154,95.3846153846154,356,0,7.7247191011236,28.6516853932584,33.7078651685393,62.3595505617977,29.9157303370786,0.61329588005618,29.0121722752809,2.05007824694836,96.9796556807512
"AF0468","8","SR",297,34,88,123.5,211.5,51.5,3.016666667,47.75,10.5,"1",3.53535353535354,11.4478114478114,29.6296296296296,41.5824915824916,71.2121212121212,17.3400673400673,1.01571268249158,16.0774410774411,5.85760517864078,92.7184466019417,356,1.40449438202247,12.3595505617978,31.6011235955056,35.1123595505618,66.7134831460674,20.9269662921348,2.01310861432584,18.1741573033708,9.61968680134228,86.8456375838926
"AF0469","8","SR",297,22.5,80,132.5,212.5,62,4.983333333,56.83333333,5,"1",1.68350168350168,7.57575757575758,26.9360269360269,44.6127946127946,71.5488215488216,20.8754208754209,1.67789001111111,19.1358024680135,8.03763440806452,91.6666666612903,356,1.82584269662921,5.0561797752809,29.9157303370786,40.4494382022472,70.3651685393258,24.5786516853933,1.10018726601124,21.9709737837079,4.47619047657143,89.3904761942857
"AF0490","8","SR",297,27.5,85,120.5,205.5,64,1.75,61.38333333,2.5,"2",0.841750841750842,9.25925925925926,28.6195286195286,40.5723905723906,69.1919191919192,21.5488215488215,0.589225589225589,20.667789,2.734375,95.911458328125,356,0.421348314606742,11.376404494382,22.0505617977528,34.6910112359551,56.7415730337079,31.8820224719101,0.688202247191011,30.8192883988764,2.15859030837004,96.6666666960352
"AF0496","8","SR",297,25.5,79.5,127.5,207,64.5,12,51.75,2.5,"1",0.841750841750842,8.58585858585858,26.7676767676768,42.9292929292929,69.6969696969697,21.7171717171717,4.04040404040404,17.4242424242424,18.6046511627907,80.2325581395349,356,7.7247191011236,10.6741573033708,45.7865168539326,29.7752808988764,75.561797752809,13.7640449438202,2.76685393258427,10.6788389522472,20.1020408163265,77.5850340204082
