"participant","night","condition","N1_min","N2_min","N3_min","NREM_min","REM_min","phasic_min","tonic_min","WASO_min","tst_min","order","time_in_bed","wake_perc","N1_perc","N2_perc","N3_perc","NREM_perc","REM_perc","phasic_perc","tonic_perc","phasicperREM_perc","tonicperREM_perc","baseline_N1min","baseline_N2min","baseline_N3min","baseline_NREMmin","baseline_REMmin","baseline_phasicmin","baseline_tonicmin","baseline_wakemin","baseline_tstmin","baseline_wakeperc","baseline_N1perc","baseline_N2perc","baseline_N3perc","baseline_NREMperc","baseline_REMperc","baseline_phasicperc","baseline_tonicperc","baseline_phasicperREMperc","baseline_tonicperREMperc"
"AF0165","1","SE",43.5,165,149,314,98,21.78333333,74.63333333,10,455.5,"2",480,2.08333333333333,9.54994511525796,36.2239297475302,32.7113062568606,68.9352360043908,21.5148188803513,4.78229052250274,16.3849249901207,22.2278911530612,76.1564625816327,43.5,165,149,314,98,21.78333333,74.63333333,10,455.5,2.08333333333333,9.54994511525796,36.2239297475302,32.7113062568606,68.9352360043908,21.5148188803513,4.78229052250274,16.3849249901207,22.2278911530612,76.1564625816327
"AF0170","1","SE",38.5,189,92.5,281.5,142.5,5.516666667,133.8666667,11,462.5,"2",480,2.29166666666667,8.32432432432432,40.8648648648649,20,60.8648648648649,30.8108108108108,1.19279279286486,28.9441441513514,3.87134502947368,93.9415204912281,38.5,189,92.5,281.5,142.5,5.516666667,133.8666667,11,462.5,2.29166666666667,8.32432432432432,40.8648648648649,20,60.8648648648649,30.8108108108108,1.19279279286486,28.9441441513514,3.87134502947368,93.9415204912281
"AF0182","1","SE",45.5,198,91.5,289.5,132.5,24.46666667,104.15,6.5,467.5,"1",480,1.35416666666667,9.73262032085561,42.3529411764706,19.572192513369,61.9251336898396,28.3422459893048,5.23351158716578,22.2780748663102,18.4654088075472,78.6037735849057,45.5,198,91.5,289.5,132.5,24.46666667,104.15,6.5,467.5,1.35416666666667,9.73262032085561,42.3529411764706,19.572192513369,61.9251336898396,28.3422459893048,5.23351158716578,22.2780748663102,18.4654088075472,78.6037735849057
"AF0205","1","SE",NA,NA,NA,NA,NA,NA,NA,NA,NA,"2",480,NA,NA,NA,NA,NA,NA,NA,NA,NA,NA,NA,NA,NA,NA,NA,NA,NA,NA,NA,NA,NA,NA,NA,NA,NA,NA,NA,NA,NA
"AF0214","1","SE",29,134.5,220,354.5,78.5,5.316666667,71.91666667,18.5,462,"2",480,3.85416666666667,6.27705627705628,29.1125541125541,47.6190476190476,76.7316017316017,16.991341991342,1.1507936508658,15.5663780670996,6.77282377961783,91.6135881146497,29,134.5,220,354.5,78.5,5.316666667,71.91666667,18.5,462,3.85416666666667,6.27705627705628,29.1125541125541,47.6190476190476,76.7316017316017,16.991341991342,1.1507936508658,15.5663780670996,6.77282377961783,91.6135881146497
"AF0233","1","SE",68.5,190,73,263,132.5,1.533333333,127.8666667,9,464,"1",480,1.875,14.7629310344828,40.948275862069,15.7327586206897,56.6810344827586,28.5560344827586,0.330459770043103,27.5574712715517,1.15723270415094,96.5031446792453,68.5,190,73,263,132.5,1.533333333,127.8666667,9,464,1.875,14.7629310344828,40.948275862069,15.7327586206897,56.6810344827586,28.5560344827586,0.330459770043103,27.5574712715517,1.15723270415094,96.5031446792453
"AF0250","1","SE",37.5,185,105.5,290.5,126.5,14.56666667,110.3833333,4,454.5,"2",480,0.833333333333333,8.25082508250825,40.7040704070407,23.2123212321232,63.9163916391639,27.8327832783278,3.20498716611661,24.2867620022002,11.5151515177866,87.2595520158103,37.5,185,105.5,290.5,126.5,14.56666667,110.3833333,4,454.5,0.833333333333333,8.25082508250825,40.7040704070407,23.2123212321232,63.9163916391639,27.8327832783278,3.20498716611661,24.2867620022002,11.5151515177866,87.2595520158103
"AF0256","1","SE",47.5,194,80,274,139.5,4.25,132.1166667,27,461,"1",480,5.625,10.3036876355748,42.0824295010846,17.353579175705,59.4360086767896,30.2603036876356,0.921908893709327,28.6587129501085,3.04659498207885,94.7072879569892,47.5,194,80,274,139.5,4.25,132.1166667,27,461,5.625,10.3036876355748,42.0824295010846,17.353579175705,59.4360086767896,30.2603036876356,0.921908893709327,28.6587129501085,3.04659498207885,94.7072879569892
"AF0280","1","SE",46,189,95,284,127,13.58333333,111.45,12,457,"1",480,2.5,10.0656455142232,41.3566739606127,20.7877461706783,62.144420131291,27.7899343544858,2.97228300437637,24.3873085339168,10.6955380551181,87.755905511811,46,189,95,284,127,13.58333333,111.45,12,457,2.5,10.0656455142232,41.3566739606127,20.7877461706783,62.144420131291,27.7899343544858,2.97228300437637,24.3873085339168,10.6955380551181,87.755905511811
"AF0286","1","SE",51,251,33.5,284.5,127.5,5.716666667,121,12.5,463,"1",480,2.60416666666667,11.0151187904968,54.2116630669546,7.2354211663067,61.4470842332613,27.5377969762419,1.23470122397408,26.133909287257,4.48366013098039,94.9019607843137,51,251,33.5,284.5,127.5,5.716666667,121,12.5,463,2.60416666666667,11.0151187904968,54.2116630669546,7.2354211663067,61.4470842332613,27.5377969762419,1.23470122397408,26.133909287257,4.48366013098039,94.9019607843137
"AF0288","1","SE",46,206.5,47,253.5,137.5,8.8,127.5666667,3,437,"2",480,0.625,10.5263157894737,47.254004576659,10.7551487414188,58.0091533180778,31.4645308924485,2.0137299771167,29.1914569107551,6.4,92.7757576,46,206.5,47,253.5,137.5,8.8,127.5666667,3,437,0.625,10.5263157894737,47.254004576659,10.7551487414188,58.0091533180778,31.4645308924485,2.0137299771167,29.1914569107551,6.4,92.7757576
"AF0295","1","SE",54.5,226,37.5,263.5,141,14.23333333,124.7666667,23,459,"2",480,4.79166666666667,11.8736383442266,49.2374727668845,8.16993464052288,57.4074074074074,30.718954248366,3.10094408061002,27.1822803267974,10.0945626453901,88.4869976595745,54.5,226,37.5,263.5,141,14.23333333,124.7666667,23,459,4.79166666666667,11.8736383442266,49.2374727668845,8.16993464052288,57.4074074074074,30.718954248366,3.10094408061002,27.1822803267974,10.0945626453901,88.4869976595745
"AF0307","1","SE",34,159.5,127,286.5,141,18.35,121,11,461.5,"2",480,2.29166666666667,7.36728060671723,34.5612134344529,27.5189599133261,62.080173347779,30.5525460455038,3.97616468039003,26.2188515709642,13.0141843971631,85.8156028368794,34,159.5,127,286.5,141,18.35,121,11,461.5,2.29166666666667,7.36728060671723,34.5612134344529,27.5189599133261,62.080173347779,30.5525460455038,3.97616468039003,26.2188515709642,13.0141843971631,85.8156028368794
"AF0309","1","SE",37,149.5,106.5,256,137,20.75,110.55,41,430,"2",480,8.54166666666667,8.6046511627907,34.7674418604651,24.7674418604651,59.5348837209302,31.8604651162791,4.82558139534884,25.7093023255814,15.1459854014599,80.6934306569343,37,149.5,106.5,256,137,20.75,110.55,41,430,8.54166666666667,8.6046511627907,34.7674418604651,24.7674418604651,59.5348837209302,31.8604651162791,4.82558139534884,25.7093023255814,15.1459854014599,80.6934306569343
"AF0314","1","SE",23,151.5,162,313.5,119,17.78333333,96.9,19.5,455.5,"1",480,4.0625,5.04939626783754,33.2601536772777,35.5653128430296,68.8254665203074,26.1251372118551,3.90413464983535,21.2733260153677,14.9439775882353,81.4285714285714,23,151.5,162,313.5,119,17.78333333,96.9,19.5,455.5,4.0625,5.04939626783754,33.2601536772777,35.5653128430296,68.8254665203074,26.1251372118551,3.90413464983535,21.2733260153677,14.9439775882353,81.4285714285714
"AF0318","1","SE",69,186,66,252,110,12.76666667,95.98333333,43,431,"2",480,8.95833333333333,16.0092807424594,43.1554524361949,15.3132250580046,58.4686774941995,25.5220417633411,2.96210363573086,22.2699149257541,11.6060606090909,87.2575757545454,69,186,66,252,110,12.76666667,95.98333333,43,431,8.95833333333333,16.0092807424594,43.1554524361949,15.3132250580046,58.4686774941995,25.5220417633411,2.96210363573086,22.2699149257541,11.6060606090909,87.2575757545454
"AF0320","1","SE",45,197,68.5,265.5,139.5,19.7,115.5,29,450,"1",480,6.04166666666667,10,43.7777777777778,15.2222222222222,59,31,4.37777777777778,25.6666666666667,14.1218637992832,82.7956989247312,45,197,68.5,265.5,139.5,19.7,115.5,29,450,6.04166666666667,10,43.7777777777778,15.2222222222222,59,31,4.37777777777778,25.6666666666667,14.1218637992832,82.7956989247312
"AF0336","1","SE",41,215.5,78.5,294,102.5,9.716666667,91.33333333,27,437.5,"2",480,5.625,9.37142857142857,49.2571428571429,17.9428571428571,67.2,23.4285714285714,2.22095238102857,20.8761904754286,9.47967479707317,89.1056910536585,41,215.5,78.5,294,102.5,9.716666667,91.33333333,27,437.5,5.625,9.37142857142857,49.2571428571429,17.9428571428571,67.2,23.4285714285714,2.22095238102857,20.8761904754286,9.47967479707317,89.1056910536585
"AF0355","1","SE",30.5,161,133,294,135,5.966666667,81.3,2.5,459.5,"1",480,0.520833333333333,6.63764961915125,35.038084874864,28.9445048966268,63.9825897714908,29.379760609358,1.29851287638738,17.6931447225245,4.41975308666667,60.2222222222222,30.5,161,133,294,135,5.966666667,81.3,2.5,459.5,0.520833333333333,6.63764961915125,35.038084874864,28.9445048966268,63.9825897714908,29.379760609358,1.29851287638738,17.6931447225245,4.41975308666667,60.2222222222222
"AF0361","1","SE",110,168.5,59,227.5,80,8.883333333,69.8,45.5,417.5,"1",480,9.47916666666667,26.3473053892216,40.3592814371258,14.1317365269461,54.4910179640719,19.1616766467066,2.1277445108982,16.7185628742515,11.10416666625,87.25,110,168.5,59,227.5,80,8.883333333,69.8,45.5,417.5,9.47916666666667,26.3473053892216,40.3592814371258,14.1317365269461,54.4910179640719,19.1616766467066,2.1277445108982,16.7185628742515,11.10416666625,87.25
"AF0378","1","SE",100.5,133.5,101,234.5,89,6.366666667,79.58333333,44,424,"1",480,9.16666666666667,23.7028301886792,31.4858490566038,23.8207547169811,55.3066037735849,20.9905660377358,1.50157232712264,18.7696540872642,7.15355805280899,89.4194756516854,100.5,133.5,101,234.5,89,6.366666667,79.58333333,44,424,9.16666666666667,23.7028301886792,31.4858490566038,23.8207547169811,55.3066037735849,20.9905660377358,1.50157232712264,18.7696540872642,7.15355805280899,89.4194756516854
"AF0386","1","SE",61.5,155.5,103,258.5,51,1.9,48.23333333,103.5,371,"1",480,21.5625,16.5768194070081,41.9137466307278,27.7628032345013,69.6765498652291,13.7466307277628,0.512129380053908,13.0008984716981,3.72549019607843,94.5751633921569,61.5,155.5,103,258.5,51,1.9,48.23333333,103.5,371,21.5625,16.5768194070081,41.9137466307278,27.7628032345013,69.6765498652291,13.7466307277628,0.512129380053908,13.0008984716981,3.72549019607843,94.5751633921569
"AF0388","1","SE",57.5,171,121.5,292.5,99.5,12.51666667,84.05,23,449.5,"1",480,4.79166666666667,12.7919911012236,38.0422691879866,27.0300333704116,65.0723025583982,22.1357063403782,2.78457545494994,18.698553948832,12.5795644924623,84.4723618090452,57.5,171,121.5,292.5,99.5,12.51666667,84.05,23,449.5,4.79166666666667,12.7919911012236,38.0422691879866,27.0300333704116,65.0723025583982,22.1357063403782,2.78457545494994,18.698553948832,12.5795644924623,84.4723618090452
"AF0399","1","SE",89.5,209.5,44,253.5,85.5,9.35,75.18333333,34.5,428.5,"1",480,7.1875,20.8868144690782,48.8914819136523,10.2683780630105,59.1598599766628,19.953325554259,2.18203033838973,17.5457020606768,10.9356725146199,87.9337231929825,89.5,209.5,44,253.5,85.5,9.35,75.18333333,34.5,428.5,7.1875,20.8868144690782,48.8914819136523,10.2683780630105,59.1598599766628,19.953325554259,2.18203033838973,17.5457020606768,10.9356725146199,87.9337231929825
"AF0406","1","SE",31.5,170,105,275,117,16.16666667,96.93333333,16,423.5,"2",480,3.33333333333333,7.43801652892562,40.1416765053129,24.7933884297521,64.9350649350649,27.6269185360094,3.81739472727273,22.8886265242031,13.8176638205128,82.8490028461538,31.5,170,105,275,117,16.16666667,96.93333333,16,423.5,3.33333333333333,7.43801652892562,40.1416765053129,24.7933884297521,64.9350649350649,27.6269185360094,3.81739472727273,22.8886265242031,13.8176638205128,82.8490028461538
"AF409","1","SE",18,221.5,115.5,337,115.5,11.25,98.96666667,7.5,470.5,"2",480,1.5625,3.82571732199788,47.0775770456961,24.548352816153,71.6259298618491,24.548352816153,2.39107332624867,21.0343606099894,9.74025974025974,85.6854256883117,18,221.5,115.5,337,115.5,11.25,98.96666667,7.5,470.5,1.5625,3.82571732199788,47.0775770456961,24.548352816153,71.6259298618491,24.548352816153,2.39107332624867,21.0343606099894,9.74025974025974,85.6854256883117
"AF0411","1","SE",33,175,148,323,117.5,5.7,109.55,9,473.5,"2",480,1.875,6.96937697993664,36.9588173178458,31.2565997888068,68.2154171066526,24.8152059134108,1.20380147835269,23.1362196409715,4.85106382978723,93.2340425531915,33,175,148,323,117.5,5.7,109.55,9,473.5,1.875,6.96937697993664,36.9588173178458,31.2565997888068,68.2154171066526,24.8152059134108,1.20380147835269,23.1362196409715,4.85106382978723,93.2340425531915
"AF0421","1","SE",44.5,173.5,121.5,295,132.5,12.1,116.7666667,11.5,472,"2",480,2.39583333333333,9.42796610169492,36.7584745762712,25.7415254237288,62.5,28.0720338983051,2.5635593220339,24.7387005720339,9.13207547169811,88.1257861886792,44.5,173.5,121.5,295,132.5,12.1,116.7666667,11.5,472,2.39583333333333,9.42796610169492,36.7584745762712,25.7415254237288,62.5,28.0720338983051,2.5635593220339,24.7387005720339,9.13207547169811,88.1257861886792
"AF0431","1","SE",54.5,152,126,278,142.5,9.283333333,129.2,7.5,475,"2",480,1.5625,11.4736842105263,32,26.5263157894737,58.5263157894737,30,1.95438596484211,27.2,6.51461988280702,90.6666666666667,54.5,152,126,278,142.5,9.283333333,129.2,7.5,475,1.5625,11.4736842105263,32,26.5263157894737,58.5263157894737,30,1.95438596484211,27.2,6.51461988280702,90.6666666666667
"AF0438","1","SE",36,178.5,94.5,273,168.5,12.21666667,155.5333333,4,477.5,"2",480,0.833333333333333,7.53926701570681,37.3821989528796,19.7905759162304,57.1727748691099,35.2879581151832,2.55846422408377,32.5724258219895,7.25024728189911,92.30464884273,36,178.5,94.5,273,168.5,12.21666667,155.5333333,4,477.5,0.833333333333333,7.53926701570681,37.3821989528796,19.7905759162304,57.1727748691099,35.2879581151832,2.55846422408377,32.5724258219895,7.25024728189911,92.30464884273
"AF0465","1","SE",39.5,181.5,87,268.5,171,17.53333333,152.15,1.5,479,"1",480,0.3125,8.24634655532359,37.8914405010438,18.1628392484342,56.0542797494781,35.6993736951983,3.66040361795407,31.7640918580376,10.2534113040936,88.9766081871345,39.5,181.5,87,268.5,171,17.53333333,152.15,1.5,479,0.3125,8.24634655532359,37.8914405010438,18.1628392484342,56.0542797494781,35.6993736951983,3.66040361795407,31.7640918580376,10.2534113040936,88.9766081871345
"AF0467","1","SE",41,146.5,145,291.5,126,2.75,121.2833333,5.5,458.5,"1",480,1.14583333333333,8.94220283533261,31.9520174482007,31.6248636859324,63.576881134133,27.4809160305344,0.599781897491821,26.4521991930207,2.18253968253968,96.2566137301587,41,146.5,145,291.5,126,2.75,121.2833333,5.5,458.5,1.14583333333333,8.94220283533261,31.9520174482007,31.6248636859324,63.576881134133,27.4809160305344,0.599781897491821,26.4521991930207,2.18253968253968,96.2566137301587
"AF0468","1","SE",60.5,138,167,305,100,10.05,86.71666667,18.5,465.5,"1",480,3.85416666666667,12.9967776584318,29.6455424274973,35.875402792696,65.5209452201933,21.4822771213749,2.15896885069817,18.6287146444683,10.05,86.71666667,60.5,138,167,305,100,10.05,86.71666667,18.5,465.5,3.85416666666667,12.9967776584318,29.6455424274973,35.875402792696,65.5209452201933,21.4822771213749,2.15896885069817,18.6287146444683,10.05,86.71666667
"AF0469","1","SE",25.5,190.5,121,311.5,132.5,5.1,126.7833333,9.5,469.5,"1",480,1.97916666666667,5.43130990415335,40.5750798722045,25.7720979765708,66.3471778487753,28.2215122470714,1.08626198083067,27.00390485623,3.84905660377358,95.6855345660377,25.5,190.5,121,311.5,132.5,5.1,126.7833333,9.5,469.5,1.97916666666667,5.43130990415335,40.5750798722045,25.7720979765708,66.3471778487753,28.2215122470714,1.08626198083067,27.00390485623,3.84905660377358,95.6855345660377
"AF0490","1","SE",47.5,164.5,118,282.5,133,5.8,125.25,13,463,"2",480,2.70833333333333,10.2591792656587,35.5291576673866,25.4859611231102,61.0151187904968,28.7257019438445,1.25269978401728,27.0518358531317,4.3609022556391,94.1729323308271,47.5,164.5,118,282.5,133,5.8,125.25,13,463,2.70833333333333,10.2591792656587,35.5291576673866,25.4859611231102,61.0151187904968,28.7257019438445,1.25269978401728,27.0518358531317,4.3609022556391,94.1729323308271
"AF0496","1","SE",55.5,207,87,294,98.5,29.06666667,67.23333333,19.5,448,"1",480,4.0625,12.3883928571429,46.2053571428571,19.4196428571429,65.625,21.9866071428571,6.48809523883928,15.0074404754464,29.5093062639594,68.2571911979695,55.5,207,87,294,98.5,29.06666667,67.23333333,19.5,448,4.0625,12.3883928571429,46.2053571428571,19.4196428571429,65.625,21.9866071428571,6.48809523883928,15.0074404754464,29.5093062639594,68.2571911979695
"AF0165","1","SR",55,168.5,140.5,309,92,19.53333333,70.43333333,20.5,456,"2",480,4.27083333333333,12.0614035087719,36.9517543859649,30.8114035087719,67.7631578947368,20.1754385964912,4.28362573026316,15.4459064320175,21.2318840543478,76.5579710108696,55,168.5,140.5,309,92,19.53333333,70.43333333,20.5,456,4.27083333333333,12.0614035087719,36.9517543859649,30.8114035087719,67.7631578947368,20.1754385964912,4.28362573026316,15.4459064320175,21.2318840543478,76.5579710108696
"AF0170","1","SR",56.5,192,86,278,124,8.9,112.7,4.5,458.5,"2",480,0.9375,12.3227917121047,41.8756815703381,18.7568157033806,60.6324972737186,27.0447110141767,1.94111232279171,24.5801526717557,7.17741935483871,90.8870967741936,56.5,192,86,278,124,8.9,112.7,4.5,458.5,0.9375,12.3227917121047,41.8756815703381,18.7568157033806,60.6324972737186,27.0447110141767,1.94111232279171,24.5801526717557,7.17741935483871,90.8870967741936
"AF0182","1","SR",48,218.5,77.5,296,128.5,28.3,95.76666667,7,472.5,"1",480,1.45833333333333,10.1587301587302,46.2433862433862,16.4021164021164,62.6455026455026,27.1957671957672,5.98941798941799,20.2680776021164,22.0233463035019,74.526588848249,48,218.5,77.5,296,128.5,28.3,95.76666667,7,472.5,1.45833333333333,10.1587301587302,46.2433862433862,16.4021164021164,62.6455026455026,27.1957671957672,5.98941798941799,20.2680776021164,22.0233463035019,74.526588848249
"AF0205","1","SR",NA,NA,NA,NA,NA,NA,NA,NA,NA,"2",480,NA,NA,NA,NA,NA,NA,NA,NA,NA,NA,NA,NA,NA,NA,NA,NA,NA,NA,NA,NA,NA,NA,NA,NA,NA,NA,NA,NA,NA
"AF0214","1","SR",21,171,177.5,348.5,83.5,7.666666667,75.46666667,28.5,453,"2",480,5.9375,4.63576158940397,37.7483443708609,39.1832229580574,76.9315673289183,18.4326710816777,1.69242089779249,16.6593083156733,9.18163672694611,90.3792415209581,21,171,177.5,348.5,83.5,7.666666667,75.46666667,28.5,453,5.9375,4.63576158940397,37.7483443708609,39.1832229580574,76.9315673289183,18.4326710816777,1.69242089779249,16.6593083156733,9.18163672694611,90.3792415209581
"AF0233","1","SR",87.5,194,92,286,95,6.25,85.5,2.5,468.5,"1",480,0.520833333333333,18.6766275346852,41.4087513340448,19.6371398078975,61.0458911419424,20.2774813233725,1.33404482390608,18.2497331910352,6.57894736842105,90,87.5,194,92,286,95,6.25,85.5,2.5,468.5,0.520833333333333,18.6766275346852,41.4087513340448,19.6371398078975,61.0458911419424,20.2774813233725,1.33404482390608,18.2497331910352,6.57894736842105,90
"AF0250","1","SR",40.5,149,137,286,110.5,9.466666667,99.41666667,36,437,"2",480,7.5,9.26773455377574,34.0961098398169,31.350114416476,65.4462242562929,25.2860411899314,2.1662852784897,22.7498093066362,8.56711915565611,89.9698340904977,40.5,149,137,286,110.5,9.466666667,99.41666667,36,437,7.5,9.26773455377574,34.0961098398169,31.350114416476,65.4462242562929,25.2860411899314,2.1662852784897,22.7498093066362,8.56711915565611,89.9698340904977
"AF0256","1","SR",31,161,113,274,168,0.283333333,162.5166667,12.5,473,"1",480,2.60416666666667,6.553911205074,34.0380549682875,23.8900634249471,57.9281183932347,35.5179704016913,0.0599013389006343,34.3587033192389,0.168650793452381,96.7361111309524,31,161,113,274,168,0.283333333,162.5166667,12.5,473,2.60416666666667,6.553911205074,34.0380549682875,23.8900634249471,57.9281183932347,35.5179704016913,0.0599013389006343,34.3587033192389,0.168650793452381,96.7361111309524
"AF0280","1","SR",60,153.5,115.5,269,141,22.71666667,116.3666667,4.5,470,"1",480,0.9375,12.7659574468085,32.6595744680851,24.5744680851064,57.2340425531915,30,4.83333333404255,24.7588652553191,16.1111111134752,82.5295508510638,60,153.5,115.5,269,141,22.71666667,116.3666667,4.5,470,0.9375,12.7659574468085,32.6595744680851,24.5744680851064,57.2340425531915,30,4.83333333404255,24.7588652553191,16.1111111134752,82.5295508510638
"AF0286","1","SR",55.5,246.5,45.5,292,110,5.333333333,103.85,20.5,457.5,"1",480,4.27083333333333,12.1311475409836,53.879781420765,9.94535519125683,63.8251366120219,24.0437158469945,1.16575591978142,22.6994535519126,4.84848484818182,94.4090909090909,55.5,246.5,45.5,292,110,5.333333333,103.85,20.5,457.5,4.27083333333333,12.1311475409836,53.879781420765,9.94535519125683,63.8251366120219,24.0437158469945,1.16575591978142,22.6994535519126,4.84848484818182,94.4090909090909
"AF0288","1","SR",42,249.5,49.5,299,111.5,0.383333333,109.9666667,10,452.5,"2",480,2.08333333333333,9.28176795580111,55.1381215469613,10.939226519337,66.0773480662983,24.6408839779006,0.0847145487292818,24.3020257900552,0.343796711210762,98.6248131838565,42,249.5,49.5,299,111.5,0.383333333,109.9666667,10,452.5,2.08333333333333,9.28176795580111,55.1381215469613,10.939226519337,66.0773480662983,24.6408839779006,0.0847145487292818,24.3020257900552,0.343796711210762,98.6248131838565
"AF0295","1","SR",38,229,67.5,296.5,119,16.35,99.75,26.5,453.5,"2",480,5.52083333333333,8.37927232635061,50.4961411245865,14.8842337375965,65.380374862183,26.2403528114664,3.60529217199559,21.9955898566703,13.7394957983193,83.8235294117647,38,229,67.5,296.5,119,16.35,99.75,26.5,453.5,5.52083333333333,8.37927232635061,50.4961411245865,14.8842337375965,65.380374862183,26.2403528114664,3.60529217199559,21.9955898566703,13.7394957983193,83.8235294117647
"AF0307","1","SR",29.5,159,111,270,132,14.2,113.6833333,42,431.5,"2",480,8.75,6.83661645422943,36.8482039397451,25.7242178447277,62.5724217844728,30.5909617612978,3.29084588644264,26.3460795596756,10.7575757575758,86.1237373484849,29.5,159,111,270,132,14.2,113.6833333,42,431.5,8.75,6.83661645422943,36.8482039397451,25.7242178447277,62.5724217844728,30.5909617612978,3.29084588644264,26.3460795596756,10.7575757575758,86.1237373484849
"AF0309","1","SR",41,160.5,104.5,265,116,24.11666667,86.66666667,8,422,"2",480,1.66666666666667,9.71563981042654,38.0331753554502,24.7630331753554,62.7962085308057,27.4881516587678,5.71484992180095,20.5371248033175,20.790229887931,74.7126436810345,41,160.5,104.5,265,116,24.11666667,86.66666667,8,422,1.66666666666667,9.71563981042654,38.0331753554502,24.7630331753554,62.7962085308057,27.4881516587678,5.71484992180095,20.5371248033175,20.790229887931,74.7126436810345
"AF0314","1","SR",21,116,176,292,137.5,22.98333333,112.8833333,15.5,450.5,"1",480,3.22916666666667,4.661487236404,25.7491675915649,39.0677025527192,64.8168701442841,30.5216426193119,5.10173880799112,25.0573436847947,16.7151515127273,82.0969696727273,21,116,176,292,137.5,22.98333333,112.8833333,15.5,450.5,3.22916666666667,4.661487236404,25.7491675915649,39.0677025527192,64.8168701442841,30.5216426193119,5.10173880799112,25.0573436847947,16.7151515127273,82.0969696727273
"AF0318","1","SR",76,194.5,70,264.5,114.5,9.216666667,103.3166667,16.5,455,"2",480,3.4375,16.7032967032967,42.7472527472527,15.3846153846154,58.1318681318681,25.1648351648352,2.02564102571429,22.7069597142857,8.04949053886463,90.2328966812227,76,194.5,70,264.5,114.5,9.216666667,103.3166667,16.5,455,3.4375,16.7032967032967,42.7472527472527,15.3846153846154,58.1318681318681,25.1648351648352,2.02564102571429,22.7069597142857,8.04949053886463,90.2328966812227
"AF0320","1","SR",53,139,96.5,235.5,99.5,16.95,81.31666667,94.5,388,"1",480,19.6875,13.659793814433,35.8247422680412,24.8711340206186,60.6958762886598,25.6443298969072,4.36855670103093,20.9579037809278,17.035175879397,81.7252931356784,53,139,96.5,235.5,99.5,16.95,81.31666667,94.5,388,19.6875,13.659793814433,35.8247422680412,24.8711340206186,60.6958762886598,25.6443298969072,4.36855670103093,20.9579037809278,17.035175879397,81.7252931356784
"AF0336","1","SR",44,175,99,274,107.5,10.45,95.33333333,35.5,425.5,"2",480,7.39583333333333,10.3407755581669,41.1280846063455,23.2667450058754,64.3948296122209,25.2643948296122,2.45593419506463,22.4050137085781,9.72093023255814,88.6821705395349,44,175,99,274,107.5,10.45,95.33333333,35.5,425.5,7.39583333333333,10.3407755581669,41.1280846063455,23.2667450058754,64.3948296122209,25.2643948296122,2.45593419506463,22.4050137085781,9.72093023255814,88.6821705395349
"AF0355","1","SR",18,155,124,279,142,10.65,128.0166667,19.5,439,"1",480,4.0625,4.1002277904328,35.3075170842825,28.246013667426,63.5535307517084,32.3462414578588,2.42596810933941,29.1609719134396,7.5,90.1525821830986,18,155,124,279,142,10.65,128.0166667,19.5,439,4.0625,4.1002277904328,35.3075170842825,28.246013667426,63.5535307517084,32.3462414578588,2.42596810933941,29.1609719134396,7.5,90.1525821830986
"AF0361","1","SR",47,216.5,79.5,296,107,18.93333333,87.11666667,22,450,"1",480,4.58333333333333,10.4444444444444,48.1111111111111,17.6666666666667,65.7777777777778,23.7777777777778,4.20740740666667,19.35925926,17.694704046729,81.4174454859813,47,216.5,79.5,296,107,18.93333333,87.11666667,22,450,4.58333333333333,10.4444444444444,48.1111111111111,17.6666666666667,65.7777777777778,23.7777777777778,4.20740740666667,19.35925926,17.694704046729,81.4174454859813
"AF0378","1","SR",64,141,114.5,255.5,127,5.9,113.1166667,39,446.5,"1",480,8.125,14.3337066069429,31.5789473684211,25.6438969764838,57.2228443449048,28.4434490481523,1.32138857782755,25.3340798880179,4.64566929133858,89.068241496063,64,141,114.5,255.5,127,5.9,113.1166667,39,446.5,8.125,14.3337066069429,31.5789473684211,25.6438969764838,57.2228443449048,28.4434490481523,1.32138857782755,25.3340798880179,4.64566929133858,89.068241496063
"AF0386","1","SR",47,170.5,126,296.5,99,3.383333333,93.91666667,35.5,442.5,"1",480,7.39583333333333,10.6214689265537,38.5310734463277,28.4745762711864,67.0056497175141,22.3728813559322,0.764595103502825,21.2241054621469,3.41750841717172,94.8653198686869,47,170.5,126,296.5,99,3.383333333,93.91666667,35.5,442.5,7.39583333333333,10.6214689265537,38.5310734463277,28.4745762711864,67.0056497175141,22.3728813559322,0.764595103502825,21.2241054621469,3.41750841717172,94.8653198686869
"AF0388","1","SR",33,118.5,102,220.5,102.5,6.983333333,88.8,4.5,356,"1",480,0.9375,9.26966292134832,33.2865168539326,28.6516853932584,61.938202247191,28.7921348314607,1.96161048679775,24.9438202247191,6.8130081297561,86.6341463414634,33,118.5,102,220.5,102.5,6.983333333,88.8,4.5,356,0.9375,9.26966292134832,33.2865168539326,28.6516853932584,61.938202247191,28.7921348314607,1.96161048679775,24.9438202247191,6.8130081297561,86.6341463414634
"AF0399","1","SR",36.5,199.5,66.5,266,134.5,19.66666667,110.9166667,25.5,437,"1",480,5.3125,8.35240274599542,45.6521739130435,15.2173913043478,60.8695652173913,30.7780320366133,4.50038138901602,25.3813882608696,14.6220570037175,82.465923197026,36.5,199.5,66.5,266,134.5,19.66666667,110.9166667,25.5,437,5.3125,8.35240274599542,45.6521739130435,15.2173913043478,60.8695652173913,30.7780320366133,4.50038138901602,25.3813882608696,14.6220570037175,82.465923197026
"AF0406","1","SR",68,146.5,123,269.5,89,6.916666667,79.53333333,51,426.5,"2",480,10.625,15.9437280187573,34.3493552168816,28.8393903868699,63.1887456037515,20.8675263774912,1.62172723728019,18.6479093388042,7.77153558089888,89.3632958764045,68,146.5,123,269.5,89,6.916666667,79.53333333,51,426.5,10.625,15.9437280187573,34.3493552168816,28.8393903868699,63.1887456037515,20.8675263774912,1.62172723728019,18.6479093388042,7.77153558089888,89.3632958764045
"AF409","1","SR",11.5,105.5,124.5,230,114.5,4.166666667,104.5166667,1,356,"2",480,0.208333333333333,3.23033707865169,29.6348314606742,34.9719101123596,64.6067415730337,32.1629213483146,1.17041198511236,29.358614241573,3.63901018951965,91.2809316157205,11.5,105.5,124.5,230,114.5,4.166666667,104.5166667,1,356,0.208333333333333,3.23033707865169,29.6348314606742,34.9719101123596,64.6067415730337,32.1629213483146,1.17041198511236,29.358614241573,3.63901018951965,91.2809316157205
"AF0411","1","SR",31,194.5,146,340.5,106.5,8.9,96.6,9,478,"2",480,1.875,6.48535564853557,40.6903765690377,30.5439330543933,71.234309623431,22.2803347280335,1.86192468619247,20.2092050209205,8.35680751173709,90.7042253521127,31,194.5,146,340.5,106.5,8.9,96.6,9,478,1.875,6.48535564853557,40.6903765690377,30.5439330543933,71.234309623431,22.2803347280335,1.86192468619247,20.2092050209205,8.35680751173709,90.7042253521127
"AF0421","1","SR",42.5,161.5,117.5,279,145.5,14.91666667,126.7,14,467,"2",480,2.91666666666667,9.10064239828694,34.5824411134904,25.1605995717345,59.7430406852248,31.1563169164882,3.1941470385439,27.1306209850107,10.2520045841924,87.0790378006873,42.5,161.5,117.5,279,145.5,14.91666667,126.7,14,467,2.91666666666667,9.10064239828694,34.5824411134904,25.1605995717345,59.7430406852248,31.1563169164882,3.1941470385439,27.1306209850107,10.2520045841924,87.0790378006873
"AF0431","1","SR",47.5,169.5,119,288.5,142,4.9,134.65,1.5,478,"2",480,0.3125,9.93723849372385,35.4602510460251,24.8953974895398,60.3556485355649,29.7071129707113,1.02510460251046,28.1694560669456,3.45070422535211,94.8239436619718,47.5,169.5,119,288.5,142,4.9,134.65,1.5,478,0.3125,9.93723849372385,35.4602510460251,24.8953974895398,60.3556485355649,29.7071129707113,1.02510460251046,28.1694560669456,3.45070422535211,94.8239436619718
"AF0438","1","SR",29.5,194.5,102.5,297,146,9.9,134.4666667,12.5,472.5,"2",480,2.60416666666667,6.24338624338624,41.1640211640212,21.6931216931217,62.8571428571429,30.8994708994709,2.0952380952381,28.4585537989418,6.78082191780822,92.1004566438356,29.5,194.5,102.5,297,146,9.9,134.4666667,12.5,472.5,2.60416666666667,6.24338624338624,41.1640211640212,21.6931216931217,62.8571428571429,30.8994708994709,2.0952380952381,28.4585537989418,6.78082191780822,92.1004566438356
"AF0465","1","SR",30.5,179,117,296,143,14.18333333,126.8333333,2,469.5,"1",480,0.416666666666667,6.49627263045794,38.1256656017039,24.9201277955272,63.0457933972311,30.457933972311,3.02094426624068,27.0145544834931,9.91841491608392,88.6946386713287,30.5,179,117,296,143,14.18333333,126.8333333,2,469.5,0.416666666666667,6.49627263045794,38.1256656017039,24.9201277955272,63.0457933972311,30.457933972311,3.02094426624068,27.0145544834931,9.91841491608392,88.6946386713287
"AF0467","1","SR",51.5,150.5,140,290.5,137.5,2.5,133.2833333,0.5,479.5,"1",480,0.104166666666667,10.740354535975,31.3868613138686,29.1970802919708,60.5839416058394,28.6757038581856,0.521376433785193,27.7963155995829,1.81818181818182,96.9333333090909,51.5,150.5,140,290.5,137.5,2.5,133.2833333,0.5,479.5,0.104166666666667,10.740354535975,31.3868613138686,29.1970802919708,60.5839416058394,28.6757038581856,0.521376433785193,27.7963155995829,1.81818181818182,96.9333333090909
"AF0468","1","SR",64.5,161.5,136,297.5,94,7.433333333,83.53333333,23,456,"1",480,4.79166666666667,14.1447368421053,35.4166666666667,29.8245614035088,65.2412280701754,20.6140350877193,1.63011695899123,18.3187134495614,7.90780141808511,88.8652482234043,64.5,161.5,136,297.5,94,7.433333333,83.53333333,23,456,4.79166666666667,14.1447368421053,35.4166666666667,29.8245614035088,65.2412280701754,20.6140350877193,1.63011695899123,18.3187134495614,7.90780141808511,88.8652482234043
"AF0469","1","SR",24.5,168,145,313,133.5,8.316666667,119.7166667,7.5,471,"1",480,1.5625,5.20169851380042,35.6687898089172,30.7855626326964,66.4543524416136,28.343949044586,1.76574663842887,25.4175513163482,6.22971285917603,89.6754057677903,24.5,168,145,313,133.5,8.316666667,119.7166667,7.5,471,1.5625,5.20169851380042,35.6687898089172,30.7855626326964,66.4543524416136,28.343949044586,1.76574663842887,25.4175513163482,6.22971285917603,89.6754057677903
"AF0490","1","SR",59.5,104,140.5,244.5,153,3.4,147.7666667,15,457,"2",480,3.125,13.019693654267,22.7571115973742,30.7439824945295,53.5010940919037,33.4792122538293,0.74398249452954,32.3340627352298,2.22222222222222,96.5795207189542,59.5,104,140.5,244.5,153,3.4,147.7666667,15,457,3.125,13.019693654267,22.7571115973742,30.7439824945295,53.5010940919037,33.4792122538293,0.74398249452954,32.3340627352298,2.22222222222222,96.5795207189542
"AF0496","1","SR",43.5,190,115,305,96,24.68333333,68.91666667,37,444.5,"1",480,7.70833333333333,9.78627671541057,42.7446569178853,25.8717660292463,68.6164229471316,21.5973003374578,5.55305586726659,15.5043119617548,25.7118055520833,71.7881944479167,43.5,190,115,305,96,24.68333333,68.91666667,37,444.5,7.70833333333333,9.78627671541057,42.7446569178853,25.8717660292463,68.6164229471316,21.5973003374578,5.55305586726659,15.5043119617548,25.7118055520833,71.7881944479167
"AF0165","2","SE",81.5,208.5,149,357.5,137,29.35,104.8833333,8,576,"2",600,1.33333333333333,14.1493055555556,36.1979166666667,25.8680555555556,62.0659722222222,23.7847222222222,5.09548611111111,18.20891203125,21.4233576642336,76.5571775912409,43.5,165,149,314,98,21.78333333,74.63333333,10,455.5,2.08333333333333,9.54994511525796,36.2239297475302,32.7113062568606,68.9352360043908,21.5148188803513,4.78229052250274,16.3849249901207,22.2278911530612,76.1564625816327
"AF0170","2","SE",65.5,207.5,102,309.5,170.5,7.25,158.4666667,51,545.5,"2",600,8.5,12.0073327222731,38.038496791934,18.698441796517,56.736938588451,31.2557286892759,1.32905591200733,29.049801411549,4.25219941348974,92.9423265102639,38.5,189,92.5,281.5,142.5,5.516666667,133.8666667,11,462.5,2.29166666666667,8.32432432432432,40.8648648648649,20,60.8648648648649,30.8108108108108,1.19279279286486,28.9441441513514,3.87134502947368,93.9415204912281
"AF0182","2","SE",62.5,289,71.5,360.5,148,35.95,108.35,28,571,"1",600,4.66666666666667,10.9457092819615,50.6129597197898,12.5218914185639,63.1348511383538,25.9194395796848,6.29597197898424,18.9754816112084,24.2905405405405,73.2094594594595,45.5,198,91.5,289.5,132.5,24.46666667,104.15,6.5,467.5,1.35416666666667,9.73262032085561,42.3529411764706,19.572192513369,61.9251336898396,28.3422459893048,5.23351158716578,22.2780748663102,18.4654088075472,78.6037735849057
"AF0205","2","SE",82,211,81,292,161.5,3.916666667,156.4666667,48.5,535.5,"2",600,8.08333333333333,15.31279178338,39.4024276377218,15.1260504201681,54.5284780578898,30.1587301587302,0.73140367264239,29.218798636788,2.42518059876161,96.8833849535604,NA,NA,NA,NA,NA,NA,NA,NA,NA,NA,NA,NA,NA,NA,NA,NA,NA,NA,NA
"AF0214","2","SE",48,213.5,161.5,375,128,7.266666667,119.6833333,46,551,"2",600,7.66666666666667,8.71143375680581,38.7477313974592,29.3103448275862,68.0580762250454,23.2304900181488,1.31881427713249,21.7211131215971,5.67708333359375,93.502604140625,29,134.5,220,354.5,78.5,5.316666667,71.91666667,18.5,462,3.85416666666667,6.27705627705628,29.1125541125541,47.6190476190476,76.7316017316017,16.991341991342,1.1507936508658,15.5663780670996,6.77282377961783,91.6135881146497
"AF0233","2","SE",138,208.5,100.5,309,137.5,6.65,127.35,15.5,584.5,"1",600,2.58333333333333,23.6099230111206,35.6715141146279,17.1941830624465,52.8656971770744,23.524379811805,1.1377245508982,21.7878528656972,4.83636363636364,92.6181818181818,68.5,190,73,263,132.5,1.533333333,127.8666667,9,464,1.875,14.7629310344828,40.948275862069,15.7327586206897,56.6810344827586,28.5560344827586,0.330459770043103,27.5574712715517,1.15723270415094,96.5031446792453
"AF0250","2","SE",59,216,126,342,174.5,24.25,146.1333333,3.5,575.5,"2",600,0.583333333333333,10.251954821894,37.5325803649001,21.8940052128584,59.4265855777585,30.3214596003475,4.21372719374457,25.3924123892268,13.8968481375358,83.7440305444126,37.5,185,105.5,290.5,126.5,14.56666667,110.3833333,4,454.5,0.833333333333333,8.25082508250825,40.7040704070407,23.2123212321232,63.9163916391639,27.8327832783278,3.20498716611661,24.2867620022002,11.5151515177866,87.2595520158103
"AF0256","2","SE",50,227,100,327,189.5,2.966666667,182.25,34,566.5,"1",600,5.66666666666667,8.8261253309797,40.0706090026478,17.6522506619594,57.7228596646072,33.4510150044131,0.523683436363636,32.171226831421,1.56552330712401,96.1741424802111,47.5,194,80,274,139.5,4.25,132.1166667,27,461,5.625,10.3036876355748,42.0824295010846,17.353579175705,59.4360086767896,30.2603036876356,0.921908893709327,28.6587129501085,3.04659498207885,94.7072879569892
"AF0280","2","SE",45.5,199.5,109,308.5,223.5,32.81666667,187.3666667,14,577.5,"1",600,2.33333333333333,7.87878787878788,34.5454545454545,18.8744588744589,53.4199134199134,38.7012987012987,5.68253968311688,32.4444444502164,14.6830723355705,83.83296049217,46,189,95,284,127,13.58333333,111.45,12,457,2.5,10.0656455142232,41.3566739606127,20.7877461706783,62.144420131291,27.7899343544858,2.97228300437637,24.3873085339168,10.6955380551181,87.755905511811
"AF0286","2","SE",67.5,303.5,44.5,348,146,12.78333333,131.65,23,561.5,"1",600,3.83333333333333,12.0213713268032,54.0516473731077,7.92520035618878,61.9768477292965,26.0017809439003,2.27663995191451,23.4461264470169,8.75570776027397,90.1712328767123,51,251,33.5,284.5,127.5,5.716666667,121,12.5,463,2.60416666666667,11.0151187904968,54.2116630669546,7.2354211663067,61.4470842332613,27.5377969762419,1.23470122397408,26.133909287257,4.48366013098039,94.9019607843137
"AF0288","2","SE",56,282.5,53.5,336,170.5,13.21666667,155.3,2,562.5,"2",600,0.333333333333333,9.95555555555556,50.2222222222222,9.51111111111111,59.7333333333333,30.3111111111111,2.34962963022222,27.6088888888889,7.7517106568915,91.0850439882698,46,206.5,47,253.5,137.5,8.8,127.5666667,3,437,0.625,10.5263157894737,47.254004576659,10.7551487414188,58.0091533180778,31.4645308924485,2.0137299771167,29.1914569107551,6.4,92.7757576
"AF0295","2","SE",74,265.5,49,314.5,152,18,131.5166667,45,540.5,"2",600,7.5,13.691026827012,49.1211840888067,9.06567992599445,58.1868640148011,28.1221091581869,3.33024976873266,24.3324082701203,11.8421052631579,86.5241228289474,54.5,226,37.5,263.5,141,14.23333333,124.7666667,23,459,4.79166666666667,11.8736383442266,49.2374727668845,8.16993464052288,57.4074074074074,30.718954248366,3.10094408061002,27.1822803267974,10.0945626453901,88.4869976595745
"AF0307","2","SE",47,229,122,351,151.5,27,121.9,32,549.5,"2",600,5.33333333333333,8.55323020928117,41.6742493175614,22.2020018198362,63.8762511373976,27.5705186533212,4.91355777979982,22.1838034576888,17.8217821782178,80.4620462046205,34,159.5,127,286.5,141,18.35,121,11,461.5,2.29166666666667,7.36728060671723,34.5612134344529,27.5189599133261,62.080173347779,30.5525460455038,3.97616468039003,26.2188515709642,13.0141843971631,85.8156028368794
"AF0309","2","SE",86,178,115.5,293.5,145.5,26.63333333,112.4166667,45.5,525,"2",600,7.58333333333333,16.3809523809524,33.9047619047619,22,55.9047619047619,27.7142857142857,5.07301587238095,21.4126984190476,18.3046964467354,77.2623138831615,37,149.5,106.5,256,137,20.75,110.55,41,430,8.54166666666667,8.6046511627907,34.7674418604651,24.7674418604651,59.5348837209302,31.8604651162791,4.82558139534884,25.7093023255814,15.1459854014599,80.6934306569343
"AF0314","2","SE",29.5,198,164,362,133.5,21,109.7833333,66,525,"1",600,11,5.61904761904762,37.7142857142857,31.2380952380952,68.9523809523809,25.4285714285714,4,20.9111111047619,15.7303370786517,82.2347065917603,23,151.5,162,313.5,119,17.78333333,96.9,19.5,455.5,4.0625,5.04939626783754,33.2601536772777,35.5653128430296,68.8254665203074,26.1251372118551,3.90413464983535,21.2733260153677,14.9439775882353,81.4285714285714
"AF0318","2","SE",84,224.5,63.5,288,98.5,5.15,91.55,76.5,470.5,"2",600,12.75,17.8533475026567,47.7151965993624,13.4962805526036,61.211477151966,20.9351753453773,1.09458023379384,19.4580233793836,5.22842639593909,92.9441624365482,69,186,66,252,110,12.76666667,95.98333333,43,431,8.95833333333333,16.0092807424594,43.1554524361949,15.3132250580046,58.4686774941995,25.5220417633411,2.96210363573086,22.2699149257541,11.6060606090909,87.2575757545454
"AF0320","2","SE",61,192.5,82.5,275,151.5,16.01666667,129.6,91.5,487.5,"1",600,15.25,12.5128205128205,39.4871794871795,16.9230769230769,56.4102564102564,31.0769230769231,3.28547008615385,26.5846153846154,10.5720572079208,85.5445544554455,45,197,68.5,265.5,139.5,19.7,115.5,29,450,6.04166666666667,10,43.7777777777778,15.2222222222222,59,31,4.37777777777778,25.6666666666667,14.1218637992832,82.7956989247312
"AF0336","2","SE",81,236,110,346,125.5,12.01666667,111.15,30,552.5,"2",600,5,14.6606334841629,42.7149321266968,19.9095022624434,62.6244343891403,22.7149321266968,2.17496229321267,20.1176470588235,9.57503320318725,88.5657370517928,41,215.5,78.5,294,102.5,9.716666667,91.33333333,27,437.5,5.625,9.37142857142857,49.2571428571429,17.9428571428571,67.2,23.4285714285714,2.22095238102857,20.8761904754286,9.47967479707317,89.1056910536585
"AF0355","2","SE",41,219.5,110.5,330,155.5,17.01666667,135.2,5.5,526.5,"1",600,0.916666666666667,7.78727445394112,41.690408357075,20.9876543209877,62.6780626780627,29.5346628679962,3.23203545489079,25.679012345679,10.943194,86.9453376205788,30.5,161,133,294,135,5.966666667,81.3,2.5,459.5,0.520833333333333,6.63764961915125,35.038084874864,28.9445048966268,63.9825897714908,29.379760609358,1.29851287638738,17.6931447225245,4.41975308666667,60.2222222222222
"AF0361","2","SE",89.5,253.5,77.5,331,130,21.1,107.5833333,27,550.5,"1",600,4.5,16.2579473206176,46.0490463215259,14.078110808356,60.1271571298819,23.6148955495005,3.83287920072661,19.5428398365123,16.2307692307692,82.7564102307692,110,168.5,59,227.5,80,8.883333333,69.8,45.5,417.5,9.47916666666667,26.3473053892216,40.3592814371258,14.1317365269461,54.4910179640719,19.1616766467066,2.1277445108982,16.7185628742515,11.10416666625,87.25
"AF0378","2","SE",NA,NA,NA,NA,NA,NA,NA,NA,NA,"1",600,NA,NA,NA,NA,NA,NA,NA,NA,NA,NA,100.5,133.5,101,234.5,89,6.366666667,79.58333333,44,424,9.16666666666667,23.7028301886792,31.4858490566038,23.8207547169811,55.3066037735849,20.9905660377358,1.50157232712264,18.7696540872642,7.15355805280899,89.4194756516854
"AF0386","2","SE",86.5,230.5,97.5,328,124.5,6.433333333,116.65,58.5,539,"1",600,9.75,16.0482374768089,42.7643784786642,18.0890538033395,60.8534322820037,23.0983302411874,1.19356833636364,21.6419294990724,5.16733601044177,93.6947791164659,61.5,155.5,103,258.5,51,1.9,48.23333333,103.5,371,21.5625,16.5768194070081,41.9137466307278,27.7628032345013,69.6765498652291,13.7466307277628,0.512129380053908,13.0008984716981,3.72549019607843,94.5751633921569
"AF0388","2","SE",59,209.5,104,313.5,120.5,22.2,93.98333333,84,493,"1",600,14,11.9675456389452,42.4949290060852,21.0953346855984,63.5902636916836,24.4421906693712,4.50304259634888,19.0635564563895,18.4232365145228,77.9944674937759,57.5,171,121.5,292.5,99.5,12.51666667,84.05,23,449.5,4.79166666666667,12.7919911012236,38.0422691879866,27.0300333704116,65.0723025583982,22.1357063403782,2.78457545494994,18.698553948832,12.5795644924623,84.4723618090452
"AF0399","2","SE",NA,NA,NA,NA,NA,NA,NA,NA,NA,"1",600,NA,NA,NA,NA,NA,NA,NA,NA,NA,NA,89.5,209.5,44,253.5,85.5,9.35,75.18333333,34.5,428.5,7.1875,20.8868144690782,48.8914819136523,10.2683780630105,59.1598599766628,19.953325554259,2.18203033838973,17.5457020606768,10.9356725146199,87.9337231929825
"AF0406","2","SE",46,269.5,119,388.5,137,17.31666667,115.85,6.5,571.5,"2",600,1.08333333333333,8.04899387576553,47.156605424322,20.82239720035,67.9790026246719,23.9720034995626,3.03003791251094,20.2712160979878,12.6399026788321,84.5620437956204,31.5,170,105,275,117,16.16666667,96.93333333,16,423.5,3.33333333333333,7.43801652892562,40.1416765053129,24.7933884297521,64.9350649350649,27.6269185360094,3.81739472727273,22.8886265242031,13.8176638205128,82.8490028461538
"AF409","2","SE",31.5,229.5,120,349.5,211.5,21.86666667,185.0666667,4,592.5,"2",600,0.666666666666667,5.31645569620253,38.7341772151899,20.253164556962,58.9873417721519,35.6962025316456,3.69057665316456,31.2348804556962,10.3388494893617,87.501970070922,18,221.5,115.5,337,115.5,11.25,98.96666667,7.5,470.5,1.5625,3.82571732199788,47.0775770456961,24.548352816153,71.6259298618491,24.548352816153,2.39107332624867,21.0343606099894,9.74025974025974,85.6854256883117
"AF0411","2","SE",46,201.5,153,354.5,186.5,13.65,170.0666667,8.5,587,"2",600,1.41666666666667,7.83645655877342,34.3270868824532,26.0647359454855,60.3918228279387,31.7717206132879,2.32538330494038,28.9721749063032,7.31903485254692,91.188561233244,33,175,148,323,117.5,5.7,109.55,9,473.5,1.875,6.96937697993664,36.9588173178458,31.2565997888068,68.2154171066526,24.8152059134108,1.20380147835269,23.1362196409715,4.85106382978723,93.2340425531915
"AF0421","2","SE",75.5,221.5,129,350.5,140,19.25,116.55,27,566,"2",600,4.5,13.339222614841,39.1342756183746,22.791519434629,61.9257950530035,24.7349823321555,3.40106007067138,20.5918727915194,13.75,83.25,44.5,173.5,121.5,295,132.5,12.1,116.7666667,11.5,472,2.39583333333333,9.42796610169492,36.7584745762712,25.7415254237288,62.5,28.0720338983051,2.5635593220339,24.7387005720339,9.13207547169811,88.1257861886792
"AF0431","2","SE",70.5,235,118.5,353.5,174,16.21666667,155.4,13.5,598,"2",600,2.25,11.7892976588629,39.2976588628763,19.8160535117057,59.1137123745819,29.0969899665552,2.71181716889632,25.9866220735786,9.31992337356322,89.3103448275862,54.5,152,126,278,142.5,9.283333333,129.2,7.5,475,1.5625,11.4736842105263,32,26.5263157894737,58.5263157894737,30,1.95438596484211,27.2,6.51461988280702,90.6666666666667
"AF0438","2","SE",41,229,101,330,169,20.23333333,147.0166667,57.5,540,"2",600,9.58333333333333,7.59259259259259,42.4074074074074,18.7037037037037,61.1111111111111,31.2962962962963,3.74691357962963,27.2253086481482,11.9723865857988,86.9921104733728,36,178.5,94.5,273,168.5,12.21666667,155.5333333,4,477.5,0.833333333333333,7.53926701570681,37.3821989528796,19.7905759162304,57.1727748691099,35.2879581151832,2.55846422408377,32.5724258219895,7.25024728189911,92.30464884273
"AF0465","2","SE",38.5,259,110.5,369.5,189.5,29.51666667,157.3,3,597.5,"1",600,0.5,6.44351464435146,43.347280334728,18.4937238493724,61.8410041841004,31.7154811715481,4.94002789456067,26.326359832636,15.5760773984169,83.0079155672823,39.5,181.5,87,268.5,171,17.53333333,152.15,1.5,479,0.3125,8.24634655532359,37.8914405010438,18.1628392484342,56.0542797494781,35.6993736951983,3.66040361795407,31.7640918580376,10.2534113040936,88.9766081871345
"AF0467","2","SE",49.5,177,170,347,192.5,4.016666667,186.3833333,3.5,589,"1",600,0.583333333333333,8.40407470288625,30.0509337860781,28.8624787775891,58.9134125636672,32.6825127334465,0.681946802546689,31.6440294227504,2.08658008675325,96.8225108051948,41,146.5,145,291.5,126,2.75,121.2833333,5.5,458.5,1.14583333333333,8.94220283533261,31.9520174482007,31.6248636859324,63.576881134133,27.4809160305344,0.599781897491821,26.4521991930207,2.18253968253968,96.2566137301587
"AF0468","2","SE",88,183.5,159.5,343,134,13.13333333,111.5,34,565,"1",600,5.66666666666667,15.5752212389381,32.4778761061947,28.2300884955752,60.7079646017699,23.716814159292,2.32448377522124,19.7345132743363,9.80099502238806,83.2089552238806,60.5,138,167,305,100,10.05,86.71666667,18.5,465.5,3.85416666666667,12.9967776584318,29.6455424274973,35.875402792696,65.5209452201933,21.4822771213749,2.15896885069817,18.6287146444683,10.05,86.71666667
"AF0469","2","SE",51,259.5,128.5,388,146,10.31666667,133.2333333,9.5,585,"1",600,1.58333333333333,8.71794871794872,44.3589743589744,21.965811965812,66.3247863247863,24.957264957265,1.76353276410256,22.7749287692308,7.06621004794521,91.255707739726,25.5,190.5,121,311.5,132.5,5.1,126.7833333,9.5,469.5,1.97916666666667,5.43130990415335,40.5750798722045,25.7720979765708,66.3471778487753,28.2215122470714,1.08626198083067,27.00390485623,3.84905660377358,95.6855345660377
"AF0490","2","SE",71,129.5,164.5,294,201.5,11.03333333,187.4666667,23.5,566.5,"2",600,3.91666666666667,12.5330979699912,22.8596646072374,29.0379523389232,51.8976169461606,35.5692850838482,1.94763165578111,33.092085913504,5.4755996674938,93.0355666004963,47.5,164.5,118,282.5,133,5.8,125.25,13,463,2.70833333333333,10.2591792656587,35.5291576673866,25.4859611231102,61.0151187904968,28.7257019438445,1.25269978401728,27.0518358531317,4.3609022556391,94.1729323308271
"AF0496","2","SE",74.5,217.5,94.5,312,147.5,37.83333333,106.1833333,26,534,"1",600,4.33333333333333,13.9513108614232,40.7303370786517,17.6966292134831,58.4269662921348,27.6217228464419,7.08489388202247,19.8845193445693,25.6497175118644,71.9887005423729,55.5,207,87,294,98.5,29.06666667,67.23333333,19.5,448,4.0625,12.3883928571429,46.2053571428571,19.4196428571429,65.625,21.9866071428571,6.48809523883928,15.0074404754464,29.5093062639594,68.2571911979695
"AF0165","2","SR",24,108.5,148,256.5,71.5,10.55,59.13333333,3,352,"2",360,0.833333333333333,6.81818181818182,30.8238636363636,42.0454545454545,72.8693181818182,20.3125,2.99715909090909,16.7992424232955,14.7552447552448,82.7039626993007,55,168.5,140.5,309,92,19.53333333,70.43333333,20.5,456,4.27083333333333,12.0614035087719,36.9517543859649,30.8114035087719,67.7631578947368,20.1754385964912,4.28362573026316,15.4459064320175,21.2318840543478,76.5579710108696
"AF0170","2","SR",30,128.5,101.5,230,86.5,4.016666667,80.83333333,7.5,346.5,"2",360,2.08333333333333,8.65800865800866,37.0851370851371,29.2929292929293,66.3780663780664,24.963924963925,1.15921115930736,23.3285233275613,4.64354527976879,93.448940265896,56.5,192,86,278,124,8.9,112.7,4.5,458.5,0.9375,12.3227917121047,41.8756815703381,18.7568157033806,60.6324972737186,27.0447110141767,1.94111232279171,24.5801526717557,7.17741935483871,90.8870967741936
"AF0182","2","SR",32,120,107.5,227.5,96.5,17.06666667,75.26666667,3,356,"1",360,0.833333333333333,8.98876404494382,33.7078651685393,30.1966292134831,63.9044943820225,27.1067415730337,4.79400749157303,21.1423220983146,17.6856649430052,77.9965457720207,48,218.5,77.5,296,128.5,28.3,95.76666667,7,472.5,1.45833333333333,10.1587301587302,46.2433862433862,16.4021164021164,62.6455026455026,27.1957671957672,5.98941798941799,20.2680776021164,22.0233463035019,74.526588848249
"AF0205","2","SR",NA,NA,NA,NA,NA,NA,NA,NA,NA,"2",360,NA,NA,NA,NA,NA,NA,NA,NA,NA,NA,NA,NA,NA,NA,NA,NA,NA,NA,NA,NA,NA,NA,NA,NA,NA,NA,NA,NA,NA
"AF0214","2","SR",27.5,117,140.5,257.5,70,3.183333333,65.83333333,8,355,"2",360,2.22222222222222,7.74647887323944,32.9577464788732,39.5774647887324,72.5352112676056,19.7183098591549,0.896713614929578,18.5446009380282,4.54761904714286,94.0476190428571,21,171,177.5,348.5,83.5,7.666666667,75.46666667,28.5,453,5.9375,4.63576158940397,37.7483443708609,39.1832229580574,76.9315673289183,18.4326710816777,1.69242089779249,16.6593083156733,9.18163672694611,90.3792415209581
"AF0233","2","SR",57.5,105,93,198,64,3.116666667,58.35,9.5,319.5,"1",360,2.63888888888889,17.9968701095462,32.8638497652582,29.1079812206573,61.9718309859155,20.0312989045383,0.975482524882629,18.2629107981221,4.8697916671875,91.171875,87.5,194,92,286,95,6.25,85.5,2.5,468.5,0.520833333333333,18.6766275346852,41.4087513340448,19.6371398078975,61.0458911419424,20.2774813233725,1.33404482390608,18.2497331910352,6.57894736842105,90
"AF0250","2","SR",20.5,101.5,108.5,210,97,6.533333333,89.41666667,17.5,327.5,"2",360,4.86111111111111,6.25954198473282,30.9923664122137,33.1297709923664,64.1221374045801,29.618320610687,1.99491094137405,27.3027989832061,6.73539518865979,92.1821305876289,40.5,149,137,286,110.5,9.466666667,99.41666667,36,437,7.5,9.26773455377574,34.0961098398169,31.350114416476,65.4462242562929,25.2860411899314,2.1662852784897,22.7498093066362,8.56711915565611,89.9698340904977
"AF0256","2","SR",26,138.5,79.5,218,110.5,3.6,103,5,354.5,"1",360,1.38888888888889,7.33427362482369,39.0691114245416,22.425952045134,61.4950634696756,31.1706629055007,1.01551480959097,29.0550070521862,3.2579185520362,93.2126696832579,31,161,113,274,168,0.283333333,162.5166667,12.5,473,2.60416666666667,6.553911205074,34.0380549682875,23.8900634249471,57.9281183932347,35.5179704016913,0.0599013389006343,34.3587033192389,0.168650793452381,96.7361111309524
"AF0280","2","SR",51,107.5,85.5,193,107,9.533333333,94.75,8,351,"1",360,2.22222222222222,14.5299145299145,30.6267806267806,24.3589743589744,54.985754985755,30.4843304843305,2.71604938262108,26.994301994302,8.90965732056075,88.5514018691589,60,153.5,115.5,269,141,22.71666667,116.3666667,4.5,470,0.9375,12.7659574468085,32.6595744680851,24.5744680851064,57.2340425531915,30,4.83333333404255,24.7588652553191,16.1111111134752,82.5295508510638
"AF0286","2","SR",32.5,148.5,46,194.5,59.5,1.316666667,57.6,75,286.5,"1",360,20.8333333333333,11.3438045375218,51.8324607329843,16.0558464223386,67.8883071553229,20.7678883071553,0.459569517277487,20.1047120418848,2.21288515462185,96.8067226890756,55.5,246.5,45.5,292,110,5.333333333,103.85,20.5,457.5,4.27083333333333,12.1311475409836,53.879781420765,9.94535519125683,63.8251366120219,24.0437158469945,1.16575591978142,22.6994535519126,4.84848484818182,94.4090909090909
"AF0288","2","SR",34,158.5,51.5,210,94.5,7.266666667,86.91666667,5,338.5,"2",360,1.38888888888889,10.0443131462334,46.8242245199409,15.2141802067947,62.0384047267356,27.917282127031,2.14672575096012,25.6770064017725,7.68959435661376,91.9753086455026,42,249.5,49.5,299,111.5,0.383333333,109.9666667,10,452.5,2.08333333333333,9.28176795580111,55.1381215469613,10.939226519337,66.0773480662983,24.6408839779006,0.0847145487292818,24.3020257900552,0.343796711210762,98.6248131838565
"AF0295","2","SR",37.5,173.5,25.5,199,93.5,5.716666667,86.51666667,20,330,"2",360,5.55555555555556,11.3636363636364,52.5757575757576,7.72727272727273,60.3030303030303,28.3333333333333,1.73232323242424,26.2171717181818,6.11408199679144,92.5311942994652,38,229,67.5,296.5,119,16.35,99.75,26.5,453.5,5.52083333333333,8.37927232635061,50.4961411245865,14.8842337375965,65.380374862183,26.2403528114664,3.60529217199559,21.9955898566703,13.7394957983193,83.8235294117647
"AF0307","2","SR",29,86.5,118,204.5,119.5,14.01666667,103.5166667,8,353,"2",360,2.22222222222222,8.21529745042493,24.5042492917847,33.4277620396601,57.9320113314448,33.8526912181303,3.970727101983,29.3248347592068,11.7294281757322,86.6248256903766,29.5,159,111,270,132,14.2,113.6833333,42,431.5,8.75,6.83661645422943,36.8482039397451,25.7242178447277,62.5724217844728,30.5909617612978,3.29084588644264,26.3460795596756,10.7575757575758,86.1237373484849
"AF0309","2","SR",22.5,99.5,121,220.5,88.5,18.18333333,66.95,6.5,331.5,"2",360,1.80555555555556,6.78733031674208,30.0150829562594,36.500754147813,66.5158371040724,26.6968325791855,5.48516842533937,20.1960784313725,20.5461393559322,75.6497175141243,41,160.5,104.5,265,116,24.11666667,86.66666667,8,422,1.66666666666667,9.71563981042654,38.0331753554502,24.7630331753554,62.7962085308057,27.4881516587678,5.71484992180095,20.5371248033175,20.790229887931,74.7126436810345
"AF0314","2","SR",16.5,109.5,141.5,251,75,9,64.88333333,5,342.5,"1",360,1.38888888888889,4.81751824817518,31.970802919708,41.3138686131387,73.2846715328467,21.8978102189781,2.62773722627737,18.9440389284672,12,86.5111111066667,21,116,176,292,137.5,22.98333333,112.8833333,15.5,450.5,3.22916666666667,4.661487236404,25.7491675915649,39.0677025527192,64.8168701442841,30.5216426193119,5.10173880799112,25.0573436847947,16.7151515127273,82.0969696727273
"AF0318","2","SR",59.5,105,60.5,165.5,90.5,3.966666667,85.5,24,315.5,"2",360,6.66666666666667,18.8589540412044,33.2805071315372,19.175911251981,52.4564183835182,28.6846275752773,1.25726360285261,27.0998415213946,4.38305709060774,94.475138121547,76,194.5,70,264.5,114.5,9.216666667,103.3166667,16.5,455,3.4375,16.7032967032967,42.7472527472527,15.3846153846154,58.1318681318681,25.1648351648352,2.02564102571429,22.7069597142857,8.04949053886463,90.2328966812227
"AF0320","2","SR",NA,NA,NA,NA,NA,NA,NA,NA,NA,"1",360,NA,NA,NA,NA,NA,NA,NA,NA,NA,NA,53,139,96.5,235.5,99.5,16.95,81.31666667,94.5,388,19.6875,13.659793814433,35.8247422680412,24.8711340206186,60.6958762886598,25.6443298969072,4.36855670103093,20.9579037809278,17.035175879397,81.7252931356784
"AF0336","2","SR",13.5,117.5,87,204.5,117.5,9.233333333,104.95,19,335.5,"2",360,5.27777777777778,4.02384500745156,35.0223546944858,25.9314456035768,60.9538002980626,35.0223546944858,2.75211127660209,31.2816691505216,7.85815602808511,89.3191489361702,44,175,99,274,107.5,10.45,95.33333333,35.5,425.5,7.39583333333333,10.3407755581669,41.1280846063455,23.2667450058754,64.3948296122209,25.2643948296122,2.45593419506463,22.4050137085781,9.72093023255814,88.6821705395349
"AF0355","2","SR",17,110.5,105.5,216,112.5,7.1,103.2666667,4,345.5,"1",360,1.11111111111111,4.92040520984081,31.9826338639653,30.5354558610709,62.5180897250362,32.561505065123,2.05499276410999,29.8890496960926,6.31111111111111,91.7925926222222,18,155,124,279,142,10.65,128.0166667,19.5,439,4.0625,4.1002277904328,35.3075170842825,28.246013667426,63.5535307517084,32.3462414578588,2.42596810933941,29.1609719134396,7.5,90.1525821830986
"AF0361","2","SR",42,128,59,187,82,11.25,69.85,37.5,311,"1",360,10.4166666666667,13.5048231511254,41.1575562700965,18.9710610932476,60.128617363344,26.3665594855305,3.61736334405145,22.459807073955,13.719512195122,85.1829268292683,47,216.5,79.5,296,107,18.93333333,87.11666667,22,450,4.58333333333333,10.4444444444444,48.1111111111111,17.6666666666667,65.7777777777778,23.7777777777778,4.20740740666667,19.35925926,17.694704046729,81.4174454859813
"AF0378","2","SR",39.5,93.5,107,200.5,80.5,6.016666667,70.16666667,44,320.5,"1",360,12.2222222222222,12.3244929797192,29.1731669266771,33.3853354134165,62.5585023400936,25.1170046801872,1.87727509110764,21.8928757160686,7.47412008322981,87.1635610807453,64,141,114.5,255.5,127,5.9,113.1166667,39,446.5,8.125,14.3337066069429,31.5789473684211,25.6438969764838,57.2228443449048,28.4434490481523,1.32138857782755,25.3340798880179,4.64566929133858,89.068241496063
"AF0386","2","SR",29,133,89.5,222.5,95,4.633333333,88.95,7,346.5,"1",360,1.94444444444444,8.36940836940837,38.3838383838384,25.8297258297258,64.2135642135642,27.4170274170274,1.33718133708514,25.6709956709957,4.87719298210526,93.6315789473684,47,170.5,126,296.5,99,3.383333333,93.91666667,35.5,442.5,7.39583333333333,10.6214689265537,38.5310734463277,28.4745762711864,67.0056497175141,22.3728813559322,0.764595103502825,21.2241054621469,3.41750841717172,94.8653198686869
"AF0388","2","SR",36,107.5,108,215.5,94.5,14.46666667,75.3,3.5,346,"1",360,0.972222222222222,10.4046242774566,31.0693641618497,31.2138728323699,62.2832369942196,27.3121387283237,4.18111753468208,21.7630057803468,15.308641978836,79.6825396825397,33,118.5,102,220.5,102.5,6.983333333,88.8,4.5,356,0.9375,9.26966292134832,33.2865168539326,28.6516853932584,61.938202247191,28.7921348314607,1.96161048679775,24.9438202247191,6.8130081297561,86.6341463414634
"AF0399","2","SR",49.5,148,48.5,196.5,96.5,13.25,80.35,10,342.5,"1",360,2.77777777777778,14.4525547445255,43.2116788321168,14.1605839416058,57.3722627737226,28.1751824817518,3.86861313868613,23.4598540145985,13.7305699481865,83.2642487046632,36.5,199.5,66.5,266,134.5,19.66666667,110.9166667,25.5,437,5.3125,8.35240274599542,45.6521739130435,15.2173913043478,60.8695652173913,30.7780320366133,4.50038138901602,25.3813882608696,14.6220570037175,82.465923197026
"AF0406","2","SR",18.5,110.5,139.5,250,83,5.833333333,74.55,7,351.5,"2",360,1.94444444444444,5.26315789473684,31.4366998577525,39.6870554765292,71.1237553342816,23.6130867709815,1.65955429103841,21.2091038406828,7.02811244939759,89.8192771084337,68,146.5,123,269.5,89,6.916666667,79.53333333,51,426.5,10.625,15.9437280187573,34.3493552168816,28.8393903868699,63.1887456037515,20.8675263774912,1.62172723728019,18.6479093388042,7.77153558089888,89.3632958764045
"AF409","2","SR",20,118,119,237,100,9.65,85.5,4.5,357,"2",360,1.25,5.60224089635854,33.0532212885154,33.3333333333333,66.3865546218487,28.0112044817927,2.703081232493,23.9495798319328,9.65,85.5,11.5,105.5,124.5,230,114.5,4.166666667,104.5166667,1,356,0.208333333333333,3.23033707865169,29.6348314606742,34.9719101123596,64.6067415730337,32.1629213483146,1.17041198511236,29.358614241573,3.63901018951965,91.2809316157205
"AF0411","2","SR",20.5,115.5,159,274.5,58.5,1.933333333,55.91666667,1.5,353.5,"2",360,0.416666666666667,5.7991513437058,32.6732673267327,44.978783592645,77.6520509193777,16.5487977369165,0.546911833946252,15.8180103734088,3.3048433042735,95.5840455897436,31,194.5,146,340.5,106.5,8.9,96.6,9,478,1.875,6.48535564853557,40.6903765690377,30.5439330543933,71.234309623431,22.2803347280335,1.86192468619247,20.2092050209205,8.35680751173709,90.7042253521127
"AF0421","2","SR",39,114.5,108,222.5,73,7.133333333,61.66666667,12.5,334.5,"2",360,3.47222222222222,11.6591928251121,34.2301943198804,32.2869955156951,66.5171898355755,21.8236173393124,2.13253612346786,18.4354758355755,9.77168949726027,84.4748858493151,42.5,161.5,117.5,279,145.5,14.91666667,126.7,14,467,2.91666666666667,9.10064239828694,34.5824411134904,25.1605995717345,59.7430406852248,31.1563169164882,3.1941470385439,27.1306209850107,10.2520045841924,87.0790378006873
"AF0431","2","SR",31,107.5,107.5,215,103.5,4.35,95.33333333,9,349.5,"2",360,2.5,8.86981402002861,30.758226037196,30.758226037196,61.516452074392,29.6137339055794,1.24463519313305,27.2770624692418,4.20289855072464,92.1095008019324,47.5,169.5,119,288.5,142,4.9,134.65,1.5,478,0.3125,9.93723849372385,35.4602510460251,24.8953974895398,60.3556485355649,29.7071129707113,1.02510460251046,28.1694560669456,3.45070422535211,94.8239436619718
"AF0438","2","SR",28,126.5,74.5,201,126.5,10.18333333,115.2,3,355.5,"2",360,0.833333333333333,7.87623066104079,35.5836849507736,20.9563994374121,56.5400843881857,35.5836849507736,2.86451007876231,32.4050632911392,8.05006587351779,91.0671936758893,29.5,194.5,102.5,297,146,9.9,134.4666667,12.5,472.5,2.60416666666667,6.24338624338624,41.1640211640212,21.6931216931217,62.8571428571429,30.8994708994709,2.0952380952381,28.4585537989418,6.78082191780822,92.1004566438356
"AF0465","2","SR",27.5,103,118,221,111.5,8.333333333,102.3,0,360,"1",360,0,7.63888888888889,28.6111111111111,32.7777777777778,61.3888888888889,30.9722222222222,2.31481481472222,28.4166666666667,7.47384155426009,91.7488789237668,30.5,179,117,296,143,14.18333333,126.8333333,2,469.5,0.416666666666667,6.49627263045794,38.1256656017039,24.9201277955272,63.0457933972311,30.457933972311,3.02094426624068,27.0145544834931,9.91841491608392,88.6946386713287
"AF0467","2","SR",28.5,137.5,109,246.5,83.5,0.783333333,81.48333333,1,358.5,"1",360,0.277777777777778,7.94979079497908,38.3542538354254,30.4044630404463,68.7587168758717,23.2914923291492,0.218503021757322,22.7289632719665,0.938123752095808,97.5848303353293,51.5,150.5,140,290.5,137.5,2.5,133.2833333,0.5,479.5,0.104166666666667,10.740354535975,31.3868613138686,29.1970802919708,60.5839416058394,28.6757038581856,0.521376433785193,27.7963155995829,1.81818181818182,96.9333333090909
"AF0468","2","SR",38,90.5,143,233.5,80.5,4.783333333,74.18333333,7.5,352,"1",360,2.08333333333333,10.7954545454545,25.7102272727273,40.625,66.3352272727273,22.8693181818182,1.35890151505682,21.0748106051136,5.94202898509317,92.1532091055901,64.5,161.5,136,297.5,94,7.433333333,83.53333333,23,456,4.79166666666667,14.1447368421053,35.4166666666667,29.8245614035088,65.2412280701754,20.6140350877193,1.63011695899123,18.3187134495614,7.90780141808511,88.8652482234043
"AF0469","2","SR",18.5,130,129,259,79,0.7,74.43333333,7,356.5,"1",360,1.94444444444444,5.18934081346424,36.4656381486676,36.1851332398317,72.6507713884993,22.1598877980365,0.196353436185133,20.8789153800842,0.886075949367088,94.219409278481,24.5,168,145,313,133.5,8.316666667,119.7166667,7.5,471,1.5625,5.20169851380042,35.6687898089172,30.7855626326964,66.4543524416136,28.343949044586,1.76574663842887,25.4175513163482,6.22971285917603,89.6754057677903
"AF0490","2","SR",46,59,127.5,186.5,122.5,2.716666667,118.4,13,355,"2",360,3.61111111111111,12.9577464788732,16.6197183098592,35.9154929577465,52.5352112676056,34.5070422535211,0.765258216056338,33.3521126760563,2.21768707510204,96.6530612244898,59.5,104,140.5,244.5,153,3.4,147.7666667,15,457,3.125,13.019693654267,22.7571115973742,30.7439824945295,53.5010940919037,33.4792122538293,0.74398249452954,32.3340627352298,2.22222222222222,96.5795207189542
"AF0496","2","SR",42,94,109.5,203.5,86.5,15.68333333,68.65,19,332,"1",360,5.27777777777778,12.6506024096386,28.3132530120482,32.9819277108434,61.2951807228916,26.0542168674699,4.7238955813253,20.6777108433735,18.1310211907514,79.364161849711,43.5,190,115,305,96,24.68333333,68.91666667,37,444.5,7.70833333333333,9.78627671541057,42.7446569178853,25.8717660292463,68.6164229471316,21.5973003374578,5.55305586726659,15.5043119617548,25.7118055520833,71.7881944479167
"AF0165","3","SE",57.5,223,137,360,145.5,29.26666667,111.3333333,9,563,"2",600,1.5,10.2131438721137,39.6092362344583,24.3339253996448,63.943161634103,25.8436944937833,5.19834221492007,19.7750147957371,20.1145475395189,76.5177548453608,43.5,165,149,314,98,21.78333333,74.63333333,10,455.5,2.08333333333333,9.54994511525796,36.2239297475302,32.7113062568606,68.9352360043908,21.5148188803513,4.78229052250274,16.3849249901207,22.2278911530612,76.1564625816327
"AF0170","3","SE",72,195,91.5,286.5,189,12.85,172.0166667,38,547.5,"2",600,6.33333333333333,13.1506849315068,35.6164383561644,16.7123287671233,52.3287671232877,34.5205479452055,2.34703196347032,31.418569260274,6.7989417989418,91.0141093650794,38.5,189,92.5,281.5,142.5,5.516666667,133.8666667,11,462.5,2.29166666666667,8.32432432432432,40.8648648648649,20,60.8648648648649,30.8108108108108,1.19279279286486,28.9441441513514,3.87134502947368,93.9415204912281
"AF0182","3","SE",76.5,243.5,65,308.5,144.5,25.76666667,111.1833333,22.5,529.5,"1",600,3.75,14.4475920679887,45.9867799811143,12.275731822474,58.2625118035883,27.289896128423,4.866226,20.9977966572238,17.8316032318339,76.9434832525952,45.5,198,91.5,289.5,132.5,24.46666667,104.15,6.5,467.5,1.35416666666667,9.73262032085561,42.3529411764706,19.572192513369,61.9251336898396,28.3422459893048,5.23351158716578,22.2780748663102,18.4654088075472,78.6037735849057
"AF0205","3","SE",83.5,183.5,71.5,255,142,4.516666667,136.2666667,72.5,480.5,"2",600,12.0833333333333,17.3777315296566,38.1893860561915,14.8803329864724,53.0697190426639,29.5525494276795,0.939993062851197,28.3593479084287,3.18075117394366,95.9624413380282,NA,NA,NA,NA,NA,NA,NA,NA,NA,NA,NA,NA,NA,NA,NA,NA,NA,NA,NA
"AF0214","3","SE",NA,NA,NA,NA,NA,NA,NA,NA,NA,"2",600,NA,NA,NA,NA,NA,NA,NA,NA,NA,NA,29,134.5,220,354.5,78.5,5.316666667,71.91666667,18.5,462,3.85416666666667,6.27705627705628,29.1125541125541,47.6190476190476,76.7316017316017,16.991341991342,1.1507936508658,15.5663780670996,6.77282377961783,91.6135881146497
"AF0233","3","SE",72.5,217,89,306,133.5,3.216666667,125.9166667,19,512,"1",600,3.16666666666667,14.16015625,42.3828125,17.3828125,59.765625,26.07421875,0.628255208398438,24.5930989648437,2.40948814007491,94.3196005243446,68.5,190,73,263,132.5,1.533333333,127.8666667,9,464,1.875,14.7629310344828,40.948275862069,15.7327586206897,56.6810344827586,28.5560344827586,0.330459770043103,27.5574712715517,1.15723270415094,96.5031446792453
"AF0250","3","SE",53.5,200,87.5,287.5,156.5,24.28333333,129.0833333,9.5,497.5,"2",600,1.58333333333333,10.7537688442211,40.2010050251256,17.5879396984925,57.7889447236181,31.4572864321608,4.88107202613065,25.9463986532663,15.5165069201278,82.4813631309904,37.5,185,105.5,290.5,126.5,14.56666667,110.3833333,4,454.5,0.833333333333333,8.25082508250825,40.7040704070407,23.2123212321232,63.9163916391639,27.8327832783278,3.20498716611661,24.2867620022002,11.5151515177866,87.2595520158103
"AF0256","3","SE",52,227,82,309,119.5,3.116666667,114.7,112,480.5,"1",600,18.6666666666667,10.8220603537981,47.2424557752341,17.0655567117586,64.3080124869927,24.8699271592092,0.648629899479709,23.8709677419355,2.60808926108787,95.9832635983264,47.5,194,80,274,139.5,4.25,132.1166667,27,461,5.625,10.3036876355748,42.0824295010846,17.353579175705,59.4360086767896,30.2603036876356,0.921908893709327,28.6587129501085,3.04659498207885,94.7072879569892
"AF0280","3","SE",100.5,161,108.5,269.5,202.5,38.41666667,161.75,18,572.5,"1",600,3,17.5545851528384,28.1222707423581,18.9519650655022,47.0742358078603,35.3711790393013,6.71033478951965,28.2532751091703,18.9711934172839,79.8765432098765,46,189,95,284,127,13.58333333,111.45,12,457,2.5,10.0656455142232,41.3566739606127,20.7877461706783,62.144420131291,27.7899343544858,2.97228300437637,24.3873085339168,10.6955380551181,87.755905511811
"AF0286","3","SE",59,253,50.5,303.5,126,1.666666667,122.7166667,88.5,488.5,"1",600,14.75,12.0777891504606,51.7911975435005,10.3377686796315,62.128966223132,25.7932446264074,0.341180484544524,25.1211190788127,1.32275132301587,97.3941799206349,51,251,33.5,284.5,127.5,5.716666667,121,12.5,463,2.60416666666667,11.0151187904968,54.2116630669546,7.2354211663067,61.4470842332613,27.5377969762419,1.23470122397408,26.133909287257,4.48366013098039,94.9019607843137
"AF0288","3","SE",80,271,51.5,322.5,154.5,3.333333333,148.6166667,5,557,"2",600,0.833333333333333,14.3626570915619,48.6535008976661,9.245960502693,57.8994614003591,27.737881508079,0.598444045421903,26.6816277737882,2.15749730291262,96.1920172815534,46,206.5,47,253.5,137.5,8.8,127.5666667,3,437,0.625,10.5263157894737,47.254004576659,10.7551487414188,58.0091533180778,31.4645308924485,2.0137299771167,29.1914569107551,6.4,92.7757576
"AF0295","3","SE",78.5,250,57.5,307.5,139.5,15.66666667,121.05,56,525.5,"2",600,9.33333333333333,14.9381541389153,47.5737392959087,10.941960038059,58.5156993339677,26.546146527117,2.98128766317793,23.035204567079,11.2305854265233,86.7741935483871,54.5,226,37.5,263.5,141,14.23333333,124.7666667,23,459,4.79166666666667,11.8736383442266,49.2374727668845,8.16993464052288,57.4074074074074,30.718954248366,3.10094408061002,27.1822803267974,10.0945626453901,88.4869976595745
"AF0307","3","SE",53.5,219,98,317,150,20.01666667,128.4333333,46,520.5,"2",600,7.66666666666667,10.2785782901057,42.0749279538905,18.8280499519693,60.9029779058597,28.8184438040346,3.84566122382325,24.6749919884726,13.3444444466667,85.6222222,34,159.5,127,286.5,141,18.35,121,11,461.5,2.29166666666667,7.36728060671723,34.5612134344529,27.5189599133261,62.080173347779,30.5525460455038,3.97616468039003,26.2188515709642,13.0141843971631,85.8156028368794
"AF0309","3","SE",62,186,93,279,137.5,2.35,15.23333333,74,478.5,"2",600,12.3333333333333,12.957157784744,38.871473354232,19.435736677116,58.307210031348,28.735632183908,0.491118077324974,3.18355973458725,1.70909090909091,11.0787878763636,37,149.5,106.5,256,137,20.75,110.55,41,430,8.54166666666667,8.6046511627907,34.7674418604651,24.7674418604651,59.5348837209302,31.8604651162791,4.82558139534884,25.7093023255814,15.1459854014599,80.6934306569343
"AF0314","3","SE",40,188,147,335,136.5,0.666666667,117.5166667,65.5,511.5,"1",600,10.9166666666667,7.82013685239492,36.7546432062561,28.7390029325513,65.4936461388074,26.6862170087977,0.13033561427175,22.974910400782,0.488400488644689,86.0927961172161,23,151.5,162,313.5,119,17.78333333,96.9,19.5,455.5,4.0625,5.04939626783754,33.2601536772777,35.5653128430296,68.8254665203074,26.1251372118551,3.90413464983535,21.2733260153677,14.9439775882353,81.4285714285714
"AF0318","3","SE",111,199,55,254,69,4.45,63.26666667,159,434,"2",600,26.5,25.5760368663594,45.852534562212,12.6728110599078,58.5253456221198,15.8986175115207,1.02534562211982,14.5775729654378,6.44927536231884,91.6908212608696,69,186,66,252,110,12.76666667,95.98333333,43,431,8.95833333333333,16.0092807424594,43.1554524361949,15.3132250580046,58.4686774941995,25.5220417633411,2.96210363573086,22.2699149257541,11.6060606090909,87.2575757545454
"AF0320","3","SE",71,222.5,77.5,300,115.5,19.01666667,94.91666667,93.5,486.5,"1",600,15.5833333333333,14.5940390544707,45.7348406988695,15.9301130524152,61.6649537512847,23.7410071942446,3.90887290236382,19.5101062014388,16.4646464675325,82.1789321818182,45,197,68.5,265.5,139.5,19.7,115.5,29,450,6.04166666666667,10,43.7777777777778,15.2222222222222,59,31,4.37777777777778,25.6666666666667,14.1218637992832,82.7956989247312
"AF0336","3","SE",85.5,234,76.5,310.5,125,16.58333333,106.3166667,36.5,521,"2",600,6.08333333333333,16.4107485604607,44.9136276391555,14.6833013435701,59.5969289827255,23.9923224568138,3.1829814452975,20.40627,13.266666664,85.05333336,41,215.5,78.5,294,102.5,9.716666667,91.33333333,27,437.5,5.625,9.37142857142857,49.2571428571429,17.9428571428571,67.2,23.4285714285714,2.22095238102857,20.8761904754286,9.47967479707317,89.1056910536585
"AF0355","3","SE",49,222,88.5,310.5,142,20.83333333,115.4666667,2.5,501.5,"1",600,0.416666666666667,9.77068793619143,44.2671984047856,17.6470588235294,61.9142572283151,28.3150548354935,4.15420405383848,23.024260558325,14.6713615,81.3145540140845,30.5,161,133,294,135,5.966666667,81.3,2.5,459.5,0.520833333333333,6.63764961915125,35.038084874864,28.9445048966268,63.9825897714908,29.379760609358,1.29851287638738,17.6931447225245,4.41975308666667,60.2222222222222
"AF0361","3","SE",111.5,246,61.5,307.5,122,26.41666667,93.38333333,34.5,541,"1",600,5.75,20.6099815157116,45.4713493530499,11.3678373382625,56.8391866913124,22.550831792976,4.88293284103512,17.2612446081331,21.6530054672131,76.5437158442623,110,168.5,59,227.5,80,8.883333333,69.8,45.5,417.5,9.47916666666667,26.3473053892216,40.3592814371258,14.1317365269461,54.4910179640719,19.1616766467066,2.1277445108982,16.7185628742515,11.10416666625,87.25
"AF0378","3","SE",52,200.5,90,290.5,149,5.433333333,139.7,87,491.5,"1",600,14.5,10.5798575788403,40.793489318413,18.3112919633774,59.1047812817904,30.3153611393693,1.10545947772126,28.4231943031536,3.64653243825503,93.758389261745,100.5,133.5,101,234.5,89,6.366666667,79.58333333,44,424,9.16666666666667,23.7028301886792,31.4858490566038,23.8207547169811,55.3066037735849,20.9905660377358,1.50157232712264,18.7696540872642,7.15355805280899,89.4194756516854
"AF0386","3","SE",92.5,238,106,344,96.5,3.8,91.11666667,29.5,533,"1",600,4.91666666666667,17.3545966228893,44.6529080675422,19.8874296435272,64.5403377110694,18.1050656660413,0.712945590994371,17.095059412758,3.93782383419689,94.421416238342,61.5,155.5,103,258.5,51,1.9,48.23333333,103.5,371,21.5625,16.5768194070081,41.9137466307278,27.7628032345013,69.6765498652291,13.7466307277628,0.512129380053908,13.0008984716981,3.72549019607843,94.5751633921569
"AF0388","3","SE",58,240,87.5,327.5,106,16.08333333,86.25,96.5,491.5,"1",600,16.0833333333333,11.8006103763988,48.8301119023398,17.8026449643947,66.6327568667345,21.5666327568667,3.27229569277721,17.5483214649034,15.1729559716981,81.3679245283019,57.5,171,121.5,292.5,99.5,12.51666667,84.05,23,449.5,4.79166666666667,12.7919911012236,38.0422691879866,27.0300333704116,65.0723025583982,22.1357063403782,2.78457545494994,18.698553948832,12.5795644924623,84.4723618090452
"AF0399","3","SE",69,196,64,260,185,27.75,148.35,29.5,514,"1",600,4.91666666666667,13.4241245136187,38.1322957198444,12.4513618677043,50.5836575875486,35.9922178988327,5.3988326848249,28.8618677042802,15,80.1891891891892,89.5,209.5,44,253.5,85.5,9.35,75.18333333,34.5,428.5,7.1875,20.8868144690782,48.8914819136523,10.2683780630105,59.1598599766628,19.953325554259,2.18203033838973,17.5457020606768,10.9356725146199,87.9337231929825
"AF0406","3","SE",76,204.5,122.5,327,110.5,16.58333333,91.46666667,15.5,513.5,"2",600,2.58333333333333,14.8003894839338,39.8247322297955,23.8558909444985,63.6806231742941,21.5189873417722,3.2294709503408,17.8123985725414,15.0075414751131,82.7752639547511,31.5,170,105,275,117,16.16666667,96.93333333,16,423.5,3.33333333333333,7.43801652892562,40.1416765053129,24.7933884297521,64.9350649350649,27.6269185360094,3.81739472727273,22.8886265242031,13.8176638205128,82.8490028461538
"AF409","3","SE",37.5,230,111,341,177,26.85,145.25,10.5,555.5,"2",600,1.75,6.75067506750675,41.4041404140414,19.98199819982,61.3861386138614,31.8631863186319,4.83348334833483,26.1476147614761,15.1694915254237,82.0621468926554,18,221.5,115.5,337,115.5,11.25,98.96666667,7.5,470.5,1.5625,3.82571732199788,47.0775770456961,24.548352816153,71.6259298618491,24.548352816153,2.39107332624867,21.0343606099894,9.74025974025974,85.6854256883117
"AF0411","3","SE",81.5,212.5,126.5,339,154,15.9,135.9333333,1,574.5,"2",600,0.166666666666667,14.1862489120975,36.9886858137511,22.0191470844212,59.0078328981723,26.8059181897302,2.76762402088773,23.6611546214099,10.3246753246753,88.2683982467533,33,175,148,323,117.5,5.7,109.55,9,473.5,1.875,6.96937697993664,36.9588173178458,31.2565997888068,68.2154171066526,24.8152059134108,1.20380147835269,23.1362196409715,4.85106382978723,93.2340425531915
"AF0421","3","SE",53,77,91.5,168.5,41,6.633333333,33.03333333,340.5,262.5,"2",600,56.75,20.1904761904762,29.3333333333333,34.8571428571429,64.1904761904762,15.6190476190476,2.52698412685714,12.5841269828571,16.1788617878049,80.5691056829268,44.5,173.5,121.5,295,132.5,12.1,116.7666667,11.5,472,2.39583333333333,9.42796610169492,36.7584745762712,25.7415254237288,62.5,28.0720338983051,2.5635593220339,24.7387005720339,9.13207547169811,88.1257861886792
"AF0431","3","SE",96.5,213,109.5,322.5,172.5,15.36666667,154.55,0,591.5,"2",600,0,16.3144547759932,36.0101437024514,18.5122569737954,54.5224006762468,29.1631445477599,2.59791490617075,26.1284868977177,8.90821256231884,89.5942028985507,54.5,152,126,278,142.5,9.283333333,129.2,7.5,475,1.5625,11.4736842105263,32,26.5263157894737,58.5263157894737,30,1.95438596484211,27.2,6.51461988280702,90.6666666666667
"AF0438","3","SE",49,174,93.5,267.5,190.5,21,161.75,76,507,"2",600,12.6666666666667,9.66469428007889,34.3195266272189,18.4418145956607,52.7613412228797,37.5739644970414,4.14201183431953,31.9033530571992,11.0236220472441,84.9081364829396,36,178.5,94.5,273,168.5,12.21666667,155.5333333,4,477.5,0.833333333333333,7.53926701570681,37.3821989528796,19.7905759162304,57.1727748691099,35.2879581151832,2.55846422408377,32.5724258219895,7.25024728189911,92.30464884273
"AF0465","3","SE",39.5,256.5,103,359.5,191.5,31.23333333,153.8166667,4.5,590.5,"1",600,0.75,6.68924640135478,43.4377646062659,17.4428450465707,60.8806096528366,32.4301439458086,5.28930285012701,26.0485464352244,16.3098346370757,80.3220191644909,39.5,181.5,87,268.5,171,17.53333333,152.15,1.5,479,0.3125,8.24634655532359,37.8914405010438,18.1628392484342,56.0542797494781,35.6993736951983,3.66040361795407,31.7640918580376,10.2534113040936,88.9766081871345
"AF0467","3","SE",52,199,145,344,152.5,4.533333333,142.5666667,29.5,548.5,"1",600,4.91666666666667,9.48040109389243,36.2807657247037,26.4357338195077,62.7164995442115,27.8030993618961,0.82649650556062,25.9920996718323,2.97267759540984,93.4863388196721,41,146.5,145,291.5,126,2.75,121.2833333,5.5,458.5,1.14583333333333,8.94220283533261,31.9520174482007,31.6248636859324,63.576881134133,27.4809160305344,0.599781897491821,26.4521991930207,2.18253968253968,96.2566137301587
"AF0468","3","SE",78,209,155,364,129.5,11.81666667,113.0666667,12,571.5,"1",600,2,13.6482939632546,36.5704286964129,27.1216097987752,63.6920384951881,22.6596675415573,2.06765820997375,19.784193648294,9.12483912741313,87.3101673359073,60.5,138,167,305,100,10.05,86.71666667,18.5,465.5,3.85416666666667,12.9967776584318,29.6455424274973,35.875402792696,65.5209452201933,21.4822771213749,2.15896885069817,18.6287146444683,10.05,86.71666667
"AF0469","3","SE",62.5,240,115.5,355.5,169.5,13.46666667,154.3166667,12.5,587.5,"1",600,2.08333333333333,10.6382978723404,40.8510638297872,19.6595744680851,60.5106382978723,28.8510638297872,2.29219858212766,26.2666666723404,7.94493608849558,91.0422812389381,25.5,190.5,121,311.5,132.5,5.1,126.7833333,9.5,469.5,1.97916666666667,5.43130990415335,40.5750798722045,25.7720979765708,66.3471778487753,28.2215122470714,1.08626198083067,27.00390485623,3.84905660377358,95.6855345660377
"AF0490","3","SE",96.5,192,106,298,172,9.35,160.25,45.5,566.5,"2",600,7.58333333333333,17.0344218887908,33.8923212709621,18.711385701677,52.603706972639,30.3618711385702,1.6504854368932,28.2877316857899,5.43604651162791,93.1686046511628,47.5,164.5,118,282.5,133,5.8,125.25,13,463,2.70833333333333,10.2591792656587,35.5291576673866,25.4859611231102,61.0151187904968,28.7257019438445,1.25269978401728,27.0518358531317,4.3609022556391,94.1729323308271
"AF0496","3","SE",61,240.5,95,335.5,122.5,38.43333333,82.08333333,56.5,519,"1",600,9.41666666666667,11.7533718689788,46.3391136801541,18.3044315992293,64.6435452793834,23.6030828516378,7.40526653757226,15.8156711618497,31.3741496571429,67.0068027183674,55.5,207,87,294,98.5,29.06666667,67.23333333,19.5,448,4.0625,12.3883928571429,46.2053571428571,19.4196428571429,65.625,21.9866071428571,6.48809523883928,15.0074404754464,29.5093062639594,68.2571911979695
"AF0165","3","SR",15.5,101.5,155,256.5,80,18.98333333,59.31666667,5,352,"2",360,1.38888888888889,4.40340909090909,28.8352272727273,44.0340909090909,72.8693181818182,22.7272727272727,5.39299242329546,16.8513257585227,23.7291666625,74.1458333375,55,168.5,140.5,309,92,19.53333333,70.43333333,20.5,456,4.27083333333333,12.0614035087719,36.9517543859649,30.8114035087719,67.7631578947368,20.1754385964912,4.28362573026316,15.4459064320175,21.2318840543478,76.5579710108696
"AF0170","3","SR",24,133,96,229,94.5,3.65,88.83333333,7,347.5,"2",360,1.94444444444444,6.90647482014388,38.273381294964,27.6258992805755,65.8992805755396,27.1942446043165,1.05035971223022,25.5635491597122,3.86243386243386,94.0035273333333,56.5,192,86,278,124,8.9,112.7,4.5,458.5,0.9375,12.3227917121047,41.8756815703381,18.7568157033806,60.6324972737186,27.0447110141767,1.94111232279171,24.5801526717557,7.17741935483871,90.8870967741936
"AF0182","3","SR",36,126,94.5,220.5,90.5,15.33333333,71.36666667,8,347,"1",360,2.22222222222222,10.3746397694525,36.3112391930836,27.2334293948127,63.5446685878963,26.0806916426513,4.41882804899135,20.5667627291066,16.9429097569061,78.8581952154696,48,218.5,77.5,296,128.5,28.3,95.76666667,7,472.5,1.45833333333333,10.1587301587302,46.2433862433862,16.4021164021164,62.6455026455026,27.1957671957672,5.98941798941799,20.2680776021164,22.0233463035019,74.526588848249
"AF0205","3","SR",NA,NA,NA,NA,NA,NA,NA,NA,NA,"2",360,NA,NA,NA,NA,NA,NA,NA,NA,NA,NA,NA,NA,NA,NA,NA,NA,NA,NA,NA,NA,NA,NA,NA,NA,NA,NA,NA,NA,NA
"AF0214","3","SR",17,145,139.5,284.5,53,3.5,49.03333333,4,354.5,"2",360,1.11111111111111,4.79548660084626,40.9026798307475,39.3511988716502,80.2538787023977,14.950634696756,0.987306064880113,13.8316878222849,6.60377358490566,92.5157232641509,21,171,177.5,348.5,83.5,7.666666667,75.46666667,28.5,453,5.9375,4.63576158940397,37.7483443708609,39.1832229580574,76.9315673289183,18.4326710816777,1.69242089779249,16.6593083156733,9.18163672694611,90.3792415209581
"AF0233","3","SR",42.5,115,81,196,84,2.25,80.08333333,1,322.5,"1",360,0.277777777777778,13.1782945736434,35.6589147286822,25.1162790697674,60.7751937984496,26.046511627907,0.697674418604651,24.8320413426357,2.67857142857143,95.3373015833333,87.5,194,92,286,95,6.25,85.5,2.5,468.5,0.520833333333333,18.6766275346852,41.4087513340448,19.6371398078975,61.0458911419424,20.2774813233725,1.33404482390608,18.2497331910352,6.57894736842105,90
"AF0250","3","SR",12.5,58.5,111.5,170,118.5,5.116666667,111.7,46.5,301,"2",360,12.9166666666667,4.15282392026578,19.4352159468439,37.0431893687708,56.4784053156146,39.3687707641196,1.69988925813953,37.109634551495,4.31786216624473,94.2616033755274,40.5,149,137,286,110.5,9.466666667,99.41666667,36,437,7.5,9.26773455377574,34.0961098398169,31.350114416476,65.4462242562929,25.2860411899314,2.1662852784897,22.7498093066362,8.56711915565611,89.9698340904977
"AF0256","3","SR",23.5,123.5,94.5,218,117,1.733333333,112.0166667,1.5,358.5,"1",360,0.416666666666667,6.55509065550907,34.4490934449093,26.3598326359833,60.8089260808926,32.6359832635983,0.483496048256625,31.2459321338912,1.48148148119658,95.7407407692308,31,161,113,274,168,0.283333333,162.5166667,12.5,473,2.60416666666667,6.553911205074,34.0380549682875,23.8900634249471,57.9281183932347,35.5179704016913,0.0599013389006343,34.3587033192389,0.168650793452381,96.7361111309524
"AF0280","3","SR",39,113,72,185,89,10.88333333,76.56666667,42.5,313,"1",360,11.8055555555556,12.4600638977636,36.1022364217252,23.0031948881789,59.1054313099042,28.4345047923323,3.47710330031949,24.4621938242812,12.2284644157303,86.0299625505618,60,153.5,115.5,269,141,22.71666667,116.3666667,4.5,470,0.9375,12.7659574468085,32.6595744680851,24.5744680851064,57.2340425531915,30,4.83333333404255,24.7588652553191,16.1111111134752,82.5295508510638
"AF0286","3","SR",20.5,152.5,45.5,198,54,1.933333333,51.85,55,272.5,"1",360,15.2777777777778,7.52293577981651,55.9633027522936,16.697247706422,72.6605504587156,19.8165137614679,0.709480122201835,19.0275229357798,3.58024691296296,96.0185185185185,55.5,246.5,45.5,292,110,5.333333333,103.85,20.5,457.5,4.27083333333333,12.1311475409836,53.879781420765,9.94535519125683,63.8251366120219,24.0437158469945,1.16575591978142,22.6994535519126,4.84848484818182,94.4090909090909
"AF0288","3","SR",32,164,59,223,88.5,2.55,85.55,21,343.5,"2",360,5.83333333333333,9.31586608442504,47.7438136826783,17.1761280931587,64.919941775837,25.764192139738,0.74235807860262,24.9053857350801,2.88135593220339,96.6666666666667,42,249.5,49.5,299,111.5,0.383333333,109.9666667,10,452.5,2.08333333333333,9.28176795580111,55.1381215469613,10.939226519337,66.0773480662983,24.6408839779006,0.0847145487292818,24.3020257900552,0.343796711210762,98.6248131838565
"AF0295","3","SR",NA,NA,NA,NA,NA,NA,NA,NA,NA,"2",360,NA,NA,NA,NA,NA,NA,NA,NA,NA,NA,38,229,67.5,296.5,119,16.35,99.75,26.5,453.5,5.52083333333333,8.37927232635061,50.4961411245865,14.8842337375965,65.380374862183,26.2403528114664,3.60529217199559,21.9955898566703,13.7394957983193,83.8235294117647
"AF0307","3","SR",31.5,80,120,200,106,14.3,91.03333333,24,337.5,"2",360,6.66666666666667,9.33333333333333,23.7037037037037,35.5555555555556,59.2592592592593,31.4074074074074,4.23703703703704,26.9728395051852,13.4905660377358,85.8805031415094,29.5,159,111,270,132,14.2,113.6833333,42,431.5,8.75,6.83661645422943,36.8482039397451,25.7242178447277,62.5724217844728,30.5909617612978,3.29084588644264,26.3460795596756,10.7575757575758,86.1237373484849
"AF0309","3","SR",18.5,100.5,131,231.5,96.5,20.5,71.93333333,7.5,346.5,"2",360,2.08333333333333,5.33910533910534,29.004329004329,37.8066378066378,66.8109668109668,27.8499278499279,5.91630591630592,20.7599807590188,21.2435233160622,74.5423143316062,41,160.5,104.5,265,116,24.11666667,86.66666667,8,422,1.66666666666667,9.71563981042654,38.0331753554502,24.7630331753554,62.7962085308057,27.4881516587678,5.71484992180095,20.5371248033175,20.790229887931,74.7126436810345
"AF0314","3","SR",7.5,70.5,160.5,231,103.5,9.95,87.51666667,11.5,342,"1",360,3.19444444444444,2.19298245614035,20.6140350877193,46.9298245614035,67.5438596491228,30.2631578947368,2.9093567251462,25.5896686169591,9.61352657004831,84.5571658647343,21,116,176,292,137.5,22.98333333,112.8833333,15.5,450.5,3.22916666666667,4.661487236404,25.7491675915649,39.0677025527192,64.8168701442841,30.5216426193119,5.10173880799112,25.0573436847947,16.7151515127273,82.0969696727273
"AF0318","3","SR",55,174.5,51.5,226,65,4.7,59.23333333,11.5,346,"2",360,3.19444444444444,15.8959537572254,50.4335260115607,14.8843930635838,65.3179190751445,18.7861271676301,1.35838150289017,17.1194605,7.23076923076923,91.1282051230769,76,194.5,70,264.5,114.5,9.216666667,103.3166667,16.5,455,3.4375,16.7032967032967,42.7472527472527,15.3846153846154,58.1318681318681,25.1648351648352,2.02564102571429,22.7069597142857,8.04949053886463,90.2328966812227
"AF0320","3","SR",26.5,128.5,89,217.5,107.5,10.5,95.23333333,3,351.5,"1",360,0.833333333333333,7.53911806543385,36.5576102418208,25.3200568990043,61.877667140825,30.5832147937411,2.98719772403983,27.093409197724,9.76744186046512,88.5891472837209,53,139,96.5,235.5,99.5,16.95,81.31666667,94.5,388,19.6875,13.659793814433,35.8247422680412,24.8711340206186,60.6958762886598,25.6443298969072,4.36855670103093,20.9579037809278,17.035175879397,81.7252931356784
"AF0336","3","SR",37,110,108.5,218.5,82.5,3.35,77.85,4,338,"2",360,1.11111111111111,10.9467455621302,32.5443786982249,32.1005917159763,64.6449704142012,24.4082840236686,0.99112426035503,23.0325443786982,4.06060606060606,94.3636363636364,44,175,99,274,107.5,10.45,95.33333333,35.5,425.5,7.39583333333333,10.3407755581669,41.1280846063455,23.2667450058754,64.3948296122209,25.2643948296122,2.45593419506463,22.4050137085781,9.72093023255814,88.6821705395349
"AF0355","3","SR",18,122,119,241,93.5,8.3,83.41666667,3.5,352.5,"1",360,0.972222222222222,5.1063829787234,34.6099290780142,33.7588652482269,68.3687943262411,26.5248226950355,2.35460992907801,23.6643026014184,8.87700534759358,89.2156862780749,18,155,124,279,142,10.65,128.0166667,19.5,439,4.0625,4.1002277904328,35.3075170842825,28.246013667426,63.5535307517084,32.3462414578588,2.42596810933941,29.1609719134396,7.5,90.1525821830986
"AF0361","3","SR",35.5,129.5,78,207.5,98,8.716666667,88.46666667,9.5,341,"1",360,2.63888888888889,10.4105571847507,37.9765395894428,22.8739002932551,60.8504398826979,28.7390029325513,2.55620723372434,25.9433040087977,8.89455782346939,90.2721088469388,47,216.5,79.5,296,107,18.93333333,87.11666667,22,450,4.58333333333333,10.4444444444444,48.1111111111111,17.6666666666667,65.7777777777778,23.7777777777778,4.20740740666667,19.35925926,17.694704046729,81.4174454859813
"AF0378","3","SR",37,70,118,188,119,2.533333333,112.9333333,15.5,344,"1",360,4.30555555555556,10.7558139534884,20.3488372093023,34.3023255813954,54.6511627906977,34.593023255814,0.736434108430233,32.8294573546512,2.12885154033613,94.9019607563025,64,141,114.5,255.5,127,5.9,113.1166667,39,446.5,8.125,14.3337066069429,31.5789473684211,25.6438969764838,57.2228443449048,28.4434490481523,1.32138857782755,25.3340798880179,4.64566929133858,89.068241496063
"AF0386","3","SR",39.5,135.5,84.5,220,86,5.666666667,79.8,6.5,345.5,"1",360,1.80555555555556,11.4327062228654,39.2185238784371,24.4573082489146,63.6758321273517,24.8914616497829,1.64013507004342,23.0969609261939,6.5891472872093,92.7906976744186,47,170.5,126,296.5,99,3.383333333,93.91666667,35.5,442.5,7.39583333333333,10.6214689265537,38.5310734463277,28.4745762711864,67.0056497175141,22.3728813559322,0.764595103502825,21.2241054621469,3.41750841717172,94.8653198686869
"AF0388","3","SR",33,118.5,102,220.5,102.5,12.36666667,84.93333333,4,356,"1",360,1.11111111111111,9.26966292134832,33.2865168539326,28.6516853932584,61.938202247191,28.7921348314607,3.47378277247191,23.8576779016854,12.0650406536585,82.8617886146342,33,118.5,102,220.5,102.5,6.983333333,88.8,4.5,356,0.9375,9.26966292134832,33.2865168539326,28.6516853932584,61.938202247191,28.7921348314607,1.96161048679775,24.9438202247191,6.8130081297561,86.6341463414634
"AF0399","3","SR",33.5,160.5,56,216.5,86.5,11,74.5,19.5,336.5,"1",360,5.41666666666667,9.9554234769688,47.6968796433878,16.6419019316493,64.3387815750371,25.7057949479941,3.26894502228826,22.1396731054978,12.7167630057803,86.1271676300578,36.5,199.5,66.5,266,134.5,19.66666667,110.9166667,25.5,437,5.3125,8.35240274599542,45.6521739130435,15.2173913043478,60.8695652173913,30.7780320366133,4.50038138901602,25.3813882608696,14.6220570037175,82.465923197026
"AF0406","3","SR",33,133,119,252,67,5.733333333,59.35,1,352,"2",360,0.277777777777778,9.375,37.7840909090909,33.8068181818182,71.5909090909091,19.0340909090909,1.62878787869318,16.8607954545455,8.55721392985075,88.5820895522388,68,146.5,123,269.5,89,6.916666667,79.53333333,51,426.5,10.625,15.9437280187573,34.3493552168816,28.8393903868699,63.1887456037515,20.8675263774912,1.62172723728019,18.6479093388042,7.77153558089888,89.3632958764045
"AF409","3","SR",11.5,105.5,124.5,230,114.5,7.683333333,103.3333333,1,356,"2",360,0.277777777777778,3.23033707865169,29.6348314606742,34.9719101123596,64.6067415730337,32.1629213483146,2.1582397002809,29.0262172191011,6.71033478864629,90.2474526637555,11.5,105.5,124.5,230,114.5,4.166666667,104.5166667,1,356,0.208333333333333,3.23033707865169,29.6348314606742,34.9719101123596,64.6067415730337,32.1629213483146,1.17041198511236,29.358614241573,3.63901018951965,91.2809316157205
"AF0411","3","SR",21.5,135,114,249,85.5,4.883333333,79.65,1,356,"2",360,0.277777777777778,6.03932584269663,37.9213483146067,32.0224719101124,69.9438202247191,24.0168539325843,1.37172284634831,22.373595505618,5.71150097426901,93.1578947368421,31,194.5,146,340.5,106.5,8.9,96.6,9,478,1.875,6.48535564853557,40.6903765690377,30.5439330543933,71.234309623431,22.2803347280335,1.86192468619247,20.2092050209205,8.35680751173709,90.7042253521127
"AF0421","3","SR",26.5,101.5,115.5,217,99,12.33333333,84.03333333,3,342.5,"2",360,0.833333333333333,7.73722627737226,29.6350364963504,33.7226277372263,63.3576642335766,28.9051094890511,3.6009732350365,24.5352798043796,12.4579124545455,84.8821548787879,42.5,161.5,117.5,279,145.5,14.91666667,126.7,14,467,2.91666666666667,9.10064239828694,34.5824411134904,25.1605995717345,59.7430406852248,31.1563169164882,3.1941470385439,27.1306209850107,10.2520045841924,87.0790378006873
"AF0431","3","SR",31.5,128,110.5,238.5,84,3.616666667,79.4,5.5,354,"2",360,1.52777777777778,8.89830508474576,36.1581920903955,31.2146892655367,67.3728813559322,23.728813559322,1.02165725056497,22.4293785310734,4.30555555595238,94.5238095238095,47.5,169.5,119,288.5,142,4.9,134.65,1.5,478,0.3125,9.93723849372385,35.4602510460251,24.8953974895398,60.3556485355649,29.7071129707113,1.02510460251046,28.1694560669456,3.45070422535211,94.8239436619718
"AF0438","3","SR",23,138.5,91.5,230,103,7.883333333,94.48333333,2.5,356,"2",360,0.694444444444444,6.46067415730337,38.9044943820225,25.7022471910112,64.6067415730337,28.9325842696629,2.2144194755618,26.5402621713483,7.65372168252427,91.7313915825243,29.5,194.5,102.5,297,146,9.9,134.4666667,12.5,472.5,2.60416666666667,6.24338624338624,41.1640211640212,21.6931216931217,62.8571428571429,30.8994708994709,2.0952380952381,28.4585537989418,6.78082191780822,92.1004566438356
"AF0465","3","SR",29.5,150.5,82,232.5,87.5,10.03333333,76.55,5,349.5,"1",360,1.38888888888889,8.44062947067239,43.0615164520744,23.4620886981402,66.5236051502146,25.035765379113,2.87076776251788,21.9027181688126,11.4666666628571,87.4857142857143,30.5,179,117,296,143,14.18333333,126.8333333,2,469.5,0.416666666666667,6.49627263045794,38.1256656017039,24.9201277955272,63.0457933972311,30.457933972311,3.02094426624068,27.0145544834931,9.91841491608392,88.6946386713287
"AF0467","3","SR",27.5,129.5,132,261.5,70.5,0.633333333,68.53333333,4,359.5,"1",360,1.11111111111111,7.64951321279555,36.0222531293463,36.7176634214186,72.7399165507649,19.6105702364395,0.176170607232267,19.0635141390821,0.898345153191489,97.2104018865248,51.5,150.5,140,290.5,137.5,2.5,133.2833333,0.5,479.5,0.104166666666667,10.740354535975,31.3868613138686,29.1970802919708,60.5839416058394,28.6757038581856,0.521376433785193,27.7963155995829,1.81818181818182,96.9333333090909
"AF0468","3","SR",50.5,99.5,152,251.5,46.5,2.05,42.61666667,10,348.5,"1",360,2.77777777777778,14.4906743185079,28.5509325681492,43.6154949784792,72.1664275466284,13.3428981348637,0.588235294117647,12.2285987575323,4.40860215053763,91.6487455268817,64.5,161.5,136,297.5,94,7.433333333,83.53333333,23,456,4.79166666666667,14.1447368421053,35.4166666666667,29.8245614035088,65.2412280701754,20.6140350877193,1.63011695899123,18.3187134495614,7.90780141808511,88.8652482234043
"AF0469","3","SR",19.5,141,127,268,70.5,3.45,66.65,1.5,358,"1",360,0.416666666666667,5.44692737430168,39.3854748603352,35.4748603351955,74.8603351955307,19.6927374301676,0.963687150837989,18.6173184357542,4.8936170212766,94.5390070921986,24.5,168,145,313,133.5,8.316666667,119.7166667,7.5,471,1.5625,5.20169851380042,35.6687898089172,30.7855626326964,66.4543524416136,28.343949044586,1.76574663842887,25.4175513163482,6.22971285917603,89.6754057677903
"AF0490","3","SR",46.5,62.5,120,182.5,83,0.966666667,81.36666667,22,312,"2",360,6.11111111111111,14.9038461538462,20.0320512820513,38.4615384615385,58.4935897435897,26.6025641025641,0.309829059935897,26.0790598301282,1.16465863493976,98.0321285180723,59.5,104,140.5,244.5,153,3.4,147.7666667,15,457,3.125,13.019693654267,22.7571115973742,30.7439824945295,53.5010940919037,33.4792122538293,0.74398249452954,32.3340627352298,2.22222222222222,96.5795207189542
"AF0496","3","SR",27.5,97.5,135.5,233,71.5,8.3,61.26666667,19,332,"1",360,5.27777777777778,8.28313253012048,29.3674698795181,40.8132530120482,70.1807228915663,21.5361445783133,2.5,18.4538152620482,11.6083916083916,85.6876456923077,43.5,190,115,305,96,24.68333333,68.91666667,37,444.5,7.70833333333333,9.78627671541057,42.7446569178853,25.8717660292463,68.6164229471316,21.5973003374578,5.55305586726659,15.5043119617548,25.7118055520833,71.7881944479167
"AF0165","4","SE",89.5,210.5,132.5,343,127,43.43333333,80.66666667,22,559.5,"2",600,3.66666666666667,15.9964253798034,37.6228775692583,23.6818588025022,61.3047363717605,22.6988382484361,7.76288352636282,14.4176347935657,34.1994750629921,63.5170603700787,43.5,165,149,314,98,21.78333333,74.63333333,10,455.5,2.08333333333333,9.54994511525796,36.2239297475302,32.7113062568606,68.9352360043908,21.5148188803513,4.78229052250274,16.3849249901207,22.2278911530612,76.1564625816327
"AF0170","4","SE",67,182,92,274,148,11.75,132.4833333,80.5,489,"2",600,13.4166666666667,13.7014314928425,37.2188139059305,18.8139059304703,56.0327198364008,30.2658486707566,2.40286298568507,27.092706196319,7.93918918918919,89.5157657432433,38.5,189,92.5,281.5,142.5,5.516666667,133.8666667,11,462.5,2.29166666666667,8.32432432432432,40.8648648648649,20,60.8648648648649,30.8108108108108,1.19279279286486,28.9441441513514,3.87134502947368,93.9415204912281
"AF0182","4","SE",73.5,270.5,66,336.5,114,28.21666667,82.53333333,9,524,"1",600,1.5,14.0267175572519,51.6221374045802,12.5954198473282,64.2175572519084,21.7557251908397,5.38486005152672,15.7506361316794,24.7514619912281,72.3976608157895,45.5,198,91.5,289.5,132.5,24.46666667,104.15,6.5,467.5,1.35416666666667,9.73262032085561,42.3529411764706,19.572192513369,61.9251336898396,28.3422459893048,5.23351158716578,22.2780748663102,18.4654088075472,78.6037735849057
"AF0205","4","SE",81.5,198.5,81,279.5,131.5,6.283333333,124.1333333,74,492.5,"2",600,12.3333333333333,16.5482233502538,40.3045685279188,16.4467005076142,56.751269035533,26.7005076142132,1.27580372243655,25.2047377258883,4.77820025323194,94.3979720912548,NA,NA,NA,NA,NA,NA,NA,NA,NA,NA,NA,NA,NA,NA,NA,NA,NA,NA,NA
"AF0214","4","SE",45.5,257,139.5,396.5,81,8.65,71.48333333,75,523,"2",600,12.5,8.69980879541109,49.1395793499044,26.6730401529637,75.8126195028681,15.4875717017208,1.65391969407266,13.6679413632887,10.679012345679,88.2510288024691,29,134.5,220,354.5,78.5,5.316666667,71.91666667,18.5,462,3.85416666666667,6.27705627705628,29.1125541125541,47.6190476190476,76.7316017316017,16.991341991342,1.1507936508658,15.5663780670996,6.77282377961783,91.6135881146497
"AF0233","4","SE",94,204,100.5,304.5,140,5.383333333,130.4166667,7,538.5,"1",600,1.16666666666667,17.455896007428,37.883008356546,18.6629526462396,56.5459610027855,25.9981429897864,0.99969049823584,24.2185082079851,3.845238095,93.1547619285714,68.5,190,73,263,132.5,1.533333333,127.8666667,9,464,1.875,14.7629310344828,40.948275862069,15.7327586206897,56.6810344827586,28.5560344827586,0.330459770043103,27.5574712715517,1.15723270415094,96.5031446792453
"AF0250","4","SE",45.5,214,100,314,156,19.9,117.7833333,10.5,515.5,"2",600,1.75,8.82638215324927,41.5130940834142,19.3986420950533,60.9117361784675,30.2618816682832,3.86032977691562,22.8483672744908,12.7564102564103,75.5021367307692,37.5,185,105.5,290.5,126.5,14.56666667,110.3833333,4,454.5,0.833333333333333,8.25082508250825,40.7040704070407,23.2123212321232,63.9163916391639,27.8327832783278,3.20498716611661,24.2867620022002,11.5151515177866,87.2595520158103
"AF0256","4","SE",65,182.5,87.5,270,112,2.9,107,151.5,447,"1",600,25.25,14.5413870246085,40.82774049217,19.5749440715884,60.4026845637584,25.0559284116331,0.648769574944072,23.9373601789709,2.58928571428571,95.5357142857143,47.5,194,80,274,139.5,4.25,132.1166667,27,461,5.625,10.3036876355748,42.0824295010846,17.353579175705,59.4360086767896,30.2603036876356,0.921908893709327,28.6587129501085,3.04659498207885,94.7072879569892
"AF0280","4","SE",72.5,182.5,95,277.5,161.5,18.65,139.3666667,22.5,511.5,"1",600,3.75,14.1739980449658,35.6793743890518,18.5728250244379,54.2521994134897,31.5738025415445,3.64613880742913,27.2466601564027,11.5479876160991,86.2951496594427,46,189,95,284,127,13.58333333,111.45,12,457,2.5,10.0656455142232,41.3566739606127,20.7877461706783,62.144420131291,27.7899343544858,2.97228300437637,24.3873085339168,10.6955380551181,87.755905511811
"AF0286","4","SE",41,200.5,51.5,252,107.5,8.233333333,94.78333333,160.5,400.5,"1",600,26.75,10.2372034956305,50.0624219725343,12.8589263420724,62.9213483146067,26.8414481897628,2.05576362871411,23.6662505193508,7.65891472837209,88.1705426325582,51,251,33.5,284.5,127.5,5.716666667,121,12.5,463,2.60416666666667,11.0151187904968,54.2116630669546,7.2354211663067,61.4470842332613,27.5377969762419,1.23470122397408,26.133909287257,4.48366013098039,94.9019607843137
"AF0288","4","SE",82,282.5,33.5,316,129,9.9,118.6,6,527,"2",600,1,15.5597722960152,53.6053130929791,6.35673624288425,59.9620493358634,24.4781783681214,1.87855787476281,22.5047438330171,7.67441860465116,91.937984496124,46,206.5,47,253.5,137.5,8.8,127.5666667,3,437,0.625,10.5263157894737,47.254004576659,10.7551487414188,58.0091533180778,31.4645308924485,2.0137299771167,29.1914569107551,6.4,92.7757576
"AF0295","4","SE",91.5,242,55.5,297.5,135,20.16666667,108.2833333,35,524,"2",600,5.83333333333333,17.4618320610687,46.1832061068702,10.5916030534351,56.7748091603053,25.763358778626,3.84860050954198,20.6647582633588,14.9382716074074,80.2098765185185,54.5,226,37.5,263.5,141,14.23333333,124.7666667,23,459,4.79166666666667,11.8736383442266,49.2374727668845,8.16993464052288,57.4074074074074,30.718954248366,3.10094408061002,27.1822803267974,10.0945626453901,88.4869976595745
"AF0307","4","SE",41,214,87,301,156,15.26666667,139.1333333,60,498,"2",600,10,8.23293172690763,42.9718875502008,17.4698795180723,60.4417670682731,31.3253012048193,3.06559571686747,27.9384203413655,9.78632478846154,89.1880341666667,34,159.5,127,286.5,141,18.35,121,11,461.5,2.29166666666667,7.36728060671723,34.5612134344529,27.5189599133261,62.080173347779,30.5525460455038,3.97616468039003,26.2188515709642,13.0141843971631,85.8156028368794
"AF0309","4","SE",40,190,78,268,153,31.81666667,112.2333333,69,461,"2",600,11.5,8.67678958785249,41.2147505422993,16.9197396963124,58.1344902386117,33.1887201735358,6.90166305206074,24.3456254446855,20.7952069738562,73.3551198039216,37,149.5,106.5,256,137,20.75,110.55,41,430,8.54166666666667,8.6046511627907,34.7674418604651,24.7674418604651,59.5348837209302,31.8604651162791,4.82558139534884,25.7093023255814,15.1459854014599,80.6934306569343
"AF0314","4","SE",39.5,180.5,126,306.5,169.5,28.08333333,138.7833333,52,515.5,"1",600,8.66666666666667,7.66246362754607,35.0145489815713,24.4422890397672,59.4568380213385,32.8806983511154,5.44778532104753,26.922082114452,16.5683382477876,81.8780727433628,23,151.5,162,313.5,119,17.78333333,96.9,19.5,455.5,4.0625,5.04939626783754,33.2601536772777,35.5653128430296,68.8254665203074,26.1251372118551,3.90413464983535,21.2733260153677,14.9439775882353,81.4285714285714
"AF0318","4","SE",108.5,220.5,71.5,292,129.5,11.25,116.5833333,74.5,530,"2",600,12.4166666666667,20.4716981132075,41.6037735849057,13.4905660377358,55.0943396226415,24.4339622641509,2.12264150943396,21.9968553396226,8.68725868725869,90.02574,69,186,66,252,110,12.76666667,95.98333333,43,431,8.95833333333333,16.0092807424594,43.1554524361949,15.3132250580046,58.4686774941995,25.5220417633411,2.96210363573086,22.2699149257541,11.6060606090909,87.2575757545454
"AF0320","4","SE",43.5,160,77,237,114.5,12.1,100.8833333,177.5,395,"1",600,29.5833333333333,11.0126582278481,40.5063291139241,19.493670886076,60,28.9873417721519,3.06329113924051,25.5400843797468,10.5676855895196,88.1077146724891,45,197,68.5,265.5,139.5,19.7,115.5,29,450,6.04166666666667,10,43.7777777777778,15.2222222222222,59,31,4.37777777777778,25.6666666666667,14.1218637992832,82.7956989247312
"AF0336","4","SE",113.5,225.5,75,300.5,115,14.86666667,98.26666667,44,529,"2",600,7.33333333333333,21.4555765595463,42.6275992438563,14.1776937618147,56.8052930056711,21.7391304347826,2.81033396408318,18.5759294272212,12.9275362347826,85.4492753652174,41,215.5,78.5,294,102.5,9.716666667,91.33333333,27,437.5,5.625,9.37142857142857,49.2571428571429,17.9428571428571,67.2,23.4285714285714,2.22095238102857,20.8761904754286,9.47967479707317,89.1056910536585
"AF0355","4","SE",43,178.5,93,271.5,204,20.3,181.7333333,3,518.5,"1",600,0.5,8.29315332690453,34.4262295081967,17.9363548698168,52.3625843780135,39.344262295082,3.91513982642237,35.0498232015429,9.95098039215686,89.0849673039216,30.5,161,133,294,135,5.966666667,81.3,2.5,459.5,0.520833333333333,6.63764961915125,35.038084874864,28.9445048966268,63.9825897714908,29.379760609358,1.29851287638738,17.6931447225245,4.41975308666667,60.2222222222222
"AF0361","4","SE",69.5,230,71.5,301.5,110,21.26666667,87.63333333,82,481,"1",600,13.6666666666667,14.4490644490644,47.8170478170478,14.8648648648649,62.6819126819127,22.8690228690229,4.42134442203742,18.2189882182952,19.3333333363636,79.6666666636364,110,168.5,59,227.5,80,8.883333333,69.8,45.5,417.5,9.47916666666667,26.3473053892216,40.3592814371258,14.1317365269461,54.4910179640719,19.1616766467066,2.1277445108982,16.7185628742515,11.10416666625,87.25
"AF0378","4","SE",80.5,236,86,322,112,4.05,97.31666667,69,514.5,"1",600,11.5,15.6462585034014,45.8697764820214,16.7152575315841,62.5850340136054,21.7687074829932,0.787172011661808,18.9148040174927,3.61607142857143,86.8898809553571,100.5,133.5,101,234.5,89,6.366666667,79.58333333,44,424,9.16666666666667,23.7028301886792,31.4858490566038,23.8207547169811,55.3066037735849,20.9905660377358,1.50157232712264,18.7696540872642,7.15355805280899,89.4194756516854
"AF0386","4","SE",NA,NA,NA,NA,NA,NA,NA,NA,NA,"1",600,NA,NA,NA,NA,NA,NA,NA,NA,NA,NA,61.5,155.5,103,258.5,51,1.9,48.23333333,103.5,371,21.5625,16.5768194070081,41.9137466307278,27.7628032345013,69.6765498652291,13.7466307277628,0.512129380053908,13.0008984716981,3.72549019607843,94.5751633921569
"AF0388","4","SE",NA,NA,NA,NA,NA,NA,NA,NA,NA,"1",600,NA,NA,NA,NA,NA,NA,NA,NA,NA,NA,57.5,171,121.5,292.5,99.5,12.51666667,84.05,23,449.5,4.79166666666667,12.7919911012236,38.0422691879866,27.0300333704116,65.0723025583982,22.1357063403782,2.78457545494994,18.698553948832,12.5795644924623,84.4723618090452
"AF0399","4","SE",67,211.5,49.5,261,161,24.53333333,133.5666667,71,489,"1",600,11.8333333333333,13.7014314928425,43.2515337423313,10.1226993865031,53.3742331288344,32.9243353783231,5.0170415807771,27.3142467689162,15.2380952360248,82.9606625465839,89.5,209.5,44,253.5,85.5,9.35,75.18333333,34.5,428.5,7.1875,20.8868144690782,48.8914819136523,10.2683780630105,59.1598599766628,19.953325554259,2.18203033838973,17.5457020606768,10.9356725146199,87.9337231929825
"AF0406","4","SE",58,231.5,121,352.5,95.5,12.58333333,79.28333333,31,506,"2",600,5.16666666666667,11.4624505928854,45.7509881422925,23.9130434782609,69.6640316205534,18.8735177865613,2.4868247687747,15.6686429505929,13.1762652670157,83.0191972041885,31.5,170,105,275,117,16.16666667,96.93333333,16,423.5,3.33333333333333,7.43801652892562,40.1416765053129,24.7933884297521,64.9350649350649,27.6269185360094,3.81739472727273,22.8886265242031,13.8176638205128,82.8490028461538
"AF409","4","SE",34.5,234.5,108.5,343,154,23.55,126.35,13,531.5,"2",600,2.16666666666667,6.49106302916275,44.1204139228598,20.4139228598307,64.5343367826905,28.9746001881468,4.43085606773283,23.7723424270931,15.2922077922078,82.0454545454545,18,221.5,115.5,337,115.5,11.25,98.96666667,7.5,470.5,1.5625,3.82571732199788,47.0775770456961,24.548352816153,71.6259298618491,24.548352816153,2.39107332624867,21.0343606099894,9.74025974025974,85.6854256883117
"AF0411","4","SE",65,242.5,116,358.5,139.5,13.85,123.2666667,18.5,563,"2",600,3.08333333333333,11.5452930728242,43.0728241563055,20.6039076376554,63.6767317939609,24.7779751332149,2.46003552397869,21.8946122024867,9.92831541218638,88.3632019354839,33,175,148,323,117.5,5.7,109.55,9,473.5,1.875,6.96937697993664,36.9588173178458,31.2565997888068,68.2154171066526,24.8152059134108,1.20380147835269,23.1362196409715,4.85106382978723,93.2340425531915
"AF0421","4","SE",85.5,194,90.5,284.5,114.5,17.91666667,93.66666667,89,484.5,"2",600,14.8333333333333,17.6470588235294,40.0412796697626,18.6790505675955,58.7203302373581,23.6326109391125,3.69797041692466,19.3326453395253,15.6477438165939,81.8049490567686,44.5,173.5,121.5,295,132.5,12.1,116.7666667,11.5,472,2.39583333333333,9.42796610169492,36.7584745762712,25.7415254237288,62.5,28.0720338983051,2.5635593220339,24.7387005720339,9.13207547169811,88.1257861886792
"AF0431","4","SE",67.5,253,106,359,152,19.1,130.6666667,20.5,578.5,"2",600,3.41666666666667,11.6681071737252,43.733794295592,18.3232497839239,62.057044079516,26.2748487467589,3.30164217804667,22.5871506828003,12.5657894736842,85.9649123026316,54.5,152,126,278,142.5,9.283333333,129.2,7.5,475,1.5625,11.4736842105263,32,26.5263157894737,58.5263157894737,30,1.95438596484211,27.2,6.51461988280702,90.6666666666667
"AF0438","4","SE",51,212.5,99,311.5,139,17.05,118.7833333,83.5,501.5,"2",600,13.9166666666667,10.1694915254237,42.3728813559322,19.740777666999,62.1136590229312,27.7168494516451,3.39980059820538,23.6856098305085,12.2661870503597,85.4556354676259,36,178.5,94.5,273,168.5,12.21666667,155.5333333,4,477.5,0.833333333333333,7.53926701570681,37.3821989528796,19.7905759162304,57.1727748691099,35.2879581151832,2.55846422408377,32.5724258219895,7.25024728189911,92.30464884273
"AF0465","4","SE",55,226.5,98.5,325,206.5,25.78333333,177.6833333,231.5,586.5,"1",600,38.5833333333333,9.37766410912191,38.618925831202,16.7945439045183,55.4134697357204,35.2088661551577,4.39613526513214,30.2955384995737,12.4858757046005,86.0451977239709,39.5,181.5,87,268.5,171,17.53333333,152.15,1.5,479,0.3125,8.24634655532359,37.8914405010438,18.1628392484342,56.0542797494781,35.6993736951983,3.66040361795407,31.7640918580376,10.2534113040936,88.9766081871345
"AF0467","4","SE",53,221,160.5,381.5,144,8.15,133.5833333,8.5,578.5,"1",600,1.41666666666667,9.16162489196197,38.2022471910112,27.7441659464131,65.9464131374244,24.8919619706137,1.40881590319793,23.0913281417459,5.65972222222222,92.7662036805555,41,146.5,145,291.5,126,2.75,121.2833333,5.5,458.5,1.14583333333333,8.94220283533261,31.9520174482007,31.6248636859324,63.576881134133,27.4809160305344,0.599781897491821,26.4521991930207,2.18253968253968,96.2566137301587
"AF0468","4","SE",80.5,184,156,340,124,15.36666667,103.6166667,42.5,544.5,"1",600,7.08333333333333,14.7842056932966,33.7924701561065,28.6501377410468,62.4426078971534,22.77318640955,2.82216100459137,19.0296908539945,12.3924731209677,83.561827983871,60.5,138,167,305,100,10.05,86.71666667,18.5,465.5,3.85416666666667,12.9967776584318,29.6455424274973,35.875402792696,65.5209452201933,21.4822771213749,2.15896885069817,18.6287146444683,10.05,86.71666667
"AF0469","4","SE",58.5,267.5,116.5,384,151,12.26666667,137.2833333,7,593.5,"1",600,1.16666666666667,9.85678180286437,45.0716090985678,19.6293176074137,64.7009267059815,25.4422914911542,2.06683515922494,23.1311429317607,8.12362031125828,90.9161147682119,25.5,190.5,121,311.5,132.5,5.1,126.7833333,9.5,469.5,1.97916666666667,5.43130990415335,40.5750798722045,25.7720979765708,66.3471778487753,28.2215122470714,1.08626198083067,27.00390485623,3.84905660377358,95.6855345660377
"AF0490","4","SE",85.5,189.5,117,306.5,165.5,8.916666667,153.8,41.5,557.5,"2",600,6.91666666666667,15.3363228699552,33.9910313901345,20.9865470852018,54.9775784753363,29.6860986547085,1.59940209273543,27.5874439461883,5.38771399818731,92.9305135951662,47.5,164.5,118,282.5,133,5.8,125.25,13,463,2.70833333333333,10.2591792656587,35.5291576673866,25.4859611231102,61.0151187904968,28.7257019438445,1.25269978401728,27.0518358531317,4.3609022556391,94.1729323308271
"AF0496","4","SE",79,229.5,89.5,319,121.5,33.9,83.91666667,275.5,519.5,"1",600,45.9166666666667,15.2069297401347,44.177093358999,17.228103946102,61.4051973051011,23.3878729547642,6.52550529355149,16.1533525832531,27.9012345679012,69.0672153662551,55.5,207,87,294,98.5,29.06666667,67.23333333,19.5,448,4.0625,12.3883928571429,46.2053571428571,19.4196428571429,65.625,21.9866071428571,6.48809523883928,15.0074404754464,29.5093062639594,68.2571911979695
"AF0165","4","SR",21,95.5,164,259.5,75,15.81666667,57.71666667,5,355.5,"2",360,1.38888888888889,5.90717299578059,26.8635724331927,46.1322081575246,72.9957805907173,21.0970464135021,4.44913267791843,16.2353492742616,21.0888888933333,76.95555556,55,168.5,140.5,309,92,19.53333333,70.43333333,20.5,456,4.27083333333333,12.0614035087719,36.9517543859649,30.8114035087719,67.7631578947368,20.1754385964912,4.28362573026316,15.4459064320175,21.2318840543478,76.5579710108696
"AF0170","4","SR",27,143,85,228,90.5,0.25,83.4,6.5,345.5,"2",360,1.80555555555556,7.81476121562952,41.3892908827786,24.602026049204,65.9913169319826,26.1939218523878,0.0723589001447178,24.1389290882779,0.276243093922652,92.1546961325967,56.5,192,86,278,124,8.9,112.7,4.5,458.5,0.9375,12.3227917121047,41.8756815703381,18.7568157033806,60.6324972737186,27.0447110141767,1.94111232279171,24.5801526717557,7.17741935483871,90.8870967741936
"AF0182","4","SR",36.5,135,100,235,77.5,10.58333333,64.16666667,10.5,349,"1",360,2.91666666666667,10.458452722063,38.6819484240688,28.6532951289398,67.3352435530086,22.2063037249284,3.03247373352436,18.3858643753582,13.6559139741935,82.7956989290323,48,218.5,77.5,296,128.5,28.3,95.76666667,7,472.5,1.45833333333333,10.1587301587302,46.2433862433862,16.4021164021164,62.6455026455026,27.1957671957672,5.98941798941799,20.2680776021164,22.0233463035019,74.526588848249
"AF0205","4","SR",NA,NA,NA,NA,NA,NA,NA,NA,NA,"2",360,NA,NA,NA,NA,NA,NA,NA,NA,NA,NA,NA,NA,NA,NA,NA,NA,NA,NA,NA,NA,NA,NA,NA,NA,NA,NA,NA,NA,NA
"AF0214","4","SR",16,102.5,175.5,278,62.5,5.683333333,56.28333333,3,356.5,"2",360,0.833333333333333,4.48807854137447,28.7517531556802,49.2286115007013,77.9803646563815,17.531556802244,1.59420289845722,15.7877512847125,9.0933333328,90.053333328,21,171,177.5,348.5,83.5,7.666666667,75.46666667,28.5,453,5.9375,4.63576158940397,37.7483443708609,39.1832229580574,76.9315673289183,18.4326710816777,1.69242089779249,16.6593083156733,9.18163672694611,90.3792415209581
"AF0233","4","SR",46,112.5,124.5,237,72.5,1.816666667,68.75,2,355.5,"1",360,0.555555555555556,12.9395218002813,31.6455696202532,35.0210970464135,66.6666666666667,20.393811533052,0.511017346554149,19.3389592123769,2.50574712689655,94.8275862068966,87.5,194,92,286,95,6.25,85.5,2.5,468.5,0.520833333333333,18.6766275346852,41.4087513340448,19.6371398078975,61.0458911419424,20.2774813233725,1.33404482390608,18.2497331910352,6.57894736842105,90
"AF0250","4","SR",25.5,83,129,212,99.5,7.716666667,90.7,4,337,"2",360,1.11111111111111,7.56676557863502,24.6290801186944,38.2789317507418,62.9080118694362,29.5252225519288,2.28981206735905,26.9139465875371,7.75544388643216,91.1557788944724,40.5,149,137,286,110.5,9.466666667,99.41666667,36,437,7.5,9.26773455377574,34.0961098398169,31.350114416476,65.4462242562929,25.2860411899314,2.1662852784897,22.7498093066362,8.56711915565611,89.9698340904977
"AF0256","4","SR",19.5,123,84,207,125,3.35,108.7,11.5,351.5,"1",360,3.19444444444444,5.54765291607397,34.9928876244666,23.8975817923186,58.8904694167852,35.5618776671408,0.953058321479374,30.9246088193457,2.68,86.96,31,161,113,274,168,0.283333333,162.5166667,12.5,473,2.60416666666667,6.553911205074,34.0380549682875,23.8900634249471,57.9281183932347,35.5179704016913,0.0599013389006343,34.3587033192389,0.168650793452381,96.7361111309524
"AF0280","4","SR",31,125.5,98,223.5,93.5,15.35,76.53333333,3,348,"1",360,0.833333333333333,8.9080459770115,36.0632183908046,28.1609195402299,64.2241379310345,26.867816091954,4.41091954022989,21.9923371637931,16.4171122994652,81.8538324385027,60,153.5,115.5,269,141,22.71666667,116.3666667,4.5,470,0.9375,12.7659574468085,32.6595744680851,24.5744680851064,57.2340425531915,30,4.83333333404255,24.7588652553191,16.1111111134752,82.5295508510638
"AF0286","4","SR",27.5,166.5,67,233.5,81.5,2.6,77.73333333,6,342.5,"1",360,1.66666666666667,8.02919708029197,48.6131386861314,19.5620437956204,68.1751824817518,23.7956204379562,0.759124087591241,22.6958637459854,3.19018404907975,95.3783231042945,55.5,246.5,45.5,292,110,5.333333333,103.85,20.5,457.5,4.27083333333333,12.1311475409836,53.879781420765,9.94535519125683,63.8251366120219,24.0437158469945,1.16575591978142,22.6994535519126,4.84848484818182,94.4090909090909
"AF0288","4","SR",28,180.5,51.5,232,80.5,5.133333333,74.8,3,340.5,"2",360,0.833333333333333,8.22320117474302,53.0102790014684,15.1248164464024,68.1350954478708,23.6417033773862,1.50758688193833,21.9676945668135,6.37681159378882,92.9192546583851,42,249.5,49.5,299,111.5,0.383333333,109.9666667,10,452.5,2.08333333333333,9.28176795580111,55.1381215469613,10.939226519337,66.0773480662983,24.6408839779006,0.0847145487292818,24.3020257900552,0.343796711210762,98.6248131838565
"AF0295","4","SR",38.5,212,31,243,73,3.266666667,68.36666667,4.5,354.5,"2",360,1.25,10.8603667136812,59.802538787024,8.74471086036671,68.5472496473907,20.5923836389281,0.921485660648801,19.2853784682652,4.47488584520548,93.6529680410959,38,229,67.5,296.5,119,16.35,99.75,26.5,453.5,5.52083333333333,8.37927232635061,50.4961411245865,14.8842337375965,65.380374862183,26.2403528114664,3.60529217199559,21.9955898566703,13.7394957983193,83.8235294117647
"AF0307","4","SR",24,87,146.5,233.5,95,13.48333333,78.28333333,5,352.5,"2",360,1.38888888888889,6.80851063829787,24.6808510638298,41.5602836879433,66.241134751773,26.9503546099291,3.82505910070922,22.2080378241135,14.1929824526316,82.4035087684211,29.5,159,111,270,132,14.2,113.6833333,42,431.5,8.75,6.83661645422943,36.8482039397451,25.7242178447277,62.5724217844728,30.5909617612978,3.29084588644264,26.3460795596756,10.7575757575758,86.1237373484849
"AF0309","4","SR",19.5,77,108,185,116,22.51666667,88.56666667,30,320.5,"2",360,8.33333333333333,6.08424336973479,24.0249609984399,33.6973478939158,57.7223088923557,36.1934477379095,7.02548102028081,27.6339053572543,19.4109195431034,76.3505747155173,41,160.5,104.5,265,116,24.11666667,86.66666667,8,422,1.66666666666667,9.71563981042654,38.0331753554502,24.7630331753554,62.7962085308057,27.4881516587678,5.71484992180095,20.5371248033175,20.790229887931,74.7126436810345
"AF0314","4","SR",12,97,161,258,79,9.516666667,68.81666667,11.5,349,"1",360,3.19444444444444,3.43839541547278,27.7936962750716,46.1318051575931,73.9255014326648,22.6361031518625,2.72683858653295,19.7182425988539,12.0464135025316,87.1097046455696,21,116,176,292,137.5,22.98333333,112.8833333,15.5,450.5,3.22916666666667,4.661487236404,25.7491675915649,39.0677025527192,64.8168701442841,30.5216426193119,5.10173880799112,25.0573436847947,16.7151515127273,82.0969696727273
"AF0318","4","SR",40.5,178.5,55.5,234,80.5,6.266666667,72.86666667,5.5,355,"2",360,1.52777777777778,11.4084507042254,50.2816901408451,15.6338028169014,65.9154929577465,22.6760563380282,1.76525821605634,20.5258215971831,7.78467908944099,90.5175983478261,76,194.5,70,264.5,114.5,9.216666667,103.3166667,16.5,455,3.4375,16.7032967032967,42.7472527472527,15.3846153846154,58.1318681318681,25.1648351648352,2.02564102571429,22.7069597142857,8.04949053886463,90.2328966812227
"AF0320","4","SR",40.5,125,76,201,104.5,15.06666667,88.25,12.5,346,"1",360,3.47222222222222,11.7052023121387,36.1271676300578,21.9653179190751,58.0924855491329,30.2023121387283,4.35452793930636,25.5057803468208,14.4178628421053,84.4497607655502,53,139,96.5,235.5,99.5,16.95,81.31666667,94.5,388,19.6875,13.659793814433,35.8247422680412,24.8711340206186,60.6958762886598,25.6443298969072,4.36855670103093,20.9579037809278,17.035175879397,81.7252931356784
"AF0336","4","SR",28,110,112,222,96.5,9.016666667,84.9,6,346.5,"2",360,1.66666666666667,8.08080808080808,31.7460317460317,32.3232323232323,64.0692640692641,27.8499278499279,2.6022126023088,24.5021645021645,9.34369602797928,87.979274611399,44,175,99,274,107.5,10.45,95.33333333,35.5,425.5,7.39583333333333,10.3407755581669,41.1280846063455,23.2667450058754,64.3948296122209,25.2643948296122,2.45593419506463,22.4050137085781,9.72093023255814,88.6821705395349
"AF0355","4","SR",15,129.5,120.5,250,60,4.216666667,53.58333333,24.5,325,"1",360,6.80555555555556,4.61538461538462,39.8461538461538,37.0769230769231,76.9230769230769,18.4615384615385,1.29743589753846,16.4871794861538,7.02777777833333,89.30555555,18,155,124,279,142,10.65,128.0166667,19.5,439,4.0625,4.1002277904328,35.3075170842825,28.246013667426,63.5535307517084,32.3462414578588,2.42596810933941,29.1609719134396,7.5,90.1525821830986
"AF0361","4","SR",39,105.5,86,191.5,90.5,8.116666667,81.38333333,28.5,321,"1",360,7.91666666666667,12.1495327102804,32.8660436137072,26.791277258567,59.6573208722741,28.1931464174455,2.528556594081,25.3530633426791,8.96869244972376,89.9263351712707,47,216.5,79.5,296,107,18.93333333,87.11666667,22,450,4.58333333333333,10.4444444444444,48.1111111111111,17.6666666666667,65.7777777777778,23.7777777777778,4.20740740666667,19.35925926,17.694704046729,81.4174454859813
"AF0378","4","SR",28.5,103.5,102,205.5,115.5,1.9,112.3666667,5,349.5,"1",360,1.38888888888889,8.15450643776824,29.6137339055794,29.1845493562232,58.7982832618026,33.0472103004292,0.543633762517883,32.1506914735336,1.64502164502165,97.2871573160173,64,141,114.5,255.5,127,5.9,113.1166667,39,446.5,8.125,14.3337066069429,31.5789473684211,25.6438969764838,57.2228443449048,28.4434490481523,1.32138857782755,25.3340798880179,4.64566929133858,89.068241496063
"AF0386","4","SR",NA,NA,NA,NA,NA,NA,NA,NA,NA,"1",360,NA,NA,NA,NA,NA,NA,NA,NA,NA,NA,47,170.5,126,296.5,99,3.383333333,93.91666667,35.5,442.5,7.39583333333333,10.6214689265537,38.5310734463277,28.4745762711864,67.0056497175141,22.3728813559322,0.764595103502825,21.2241054621469,3.41750841717172,94.8653198686869
"AF0388","4","SR",35,104.5,113,217.5,94.5,10.53333333,80.85,28.5,347,"1",360,7.91666666666667,10.0864553314121,30.1152737752161,32.5648414985591,62.6801152737752,27.2334293948127,3.03554274639769,23.299711815562,11.1463844761905,85.5555555555556,33,118.5,102,220.5,102.5,6.983333333,88.8,4.5,356,0.9375,9.26966292134832,33.2865168539326,28.6516853932584,61.938202247191,28.7921348314607,1.96161048679775,24.9438202247191,6.8130081297561,86.6341463414634
"AF0399","4","SR",35,137.5,67,204.5,96.5,10,85.93333333,8,336,"1",360,2.22222222222222,10.4166666666667,40.922619047619,19.9404761904762,60.8630952380952,28.7202380952381,2.97619047619048,25.5753968244048,10.3626943005181,89.0500863523316,36.5,199.5,66.5,266,134.5,19.66666667,110.9166667,25.5,437,5.3125,8.35240274599542,45.6521739130435,15.2173913043478,60.8695652173913,30.7780320366133,4.50038138901602,25.3813882608696,14.6220570037175,82.465923197026
"AF0406","4","SR",25,133.5,111,244.5,73.5,7.25,64.86666667,3.5,343,"2",360,0.972222222222222,7.28862973760933,38.9212827988338,32.3615160349854,71.2827988338192,21.4285714285714,2.11370262390671,18.9115646268222,9.86394557823129,88.2539682585034,68,146.5,123,269.5,89,6.916666667,79.53333333,51,426.5,10.625,15.9437280187573,34.3493552168816,28.8393903868699,63.1887456037515,20.8675263774912,1.62172723728019,18.6479093388042,7.77153558089888,89.3632958764045
"AF409","4","SR",18,139.5,103.5,243,94,9.216666667,83.66666667,0.5,355,"2",360,0.138888888888889,5.07042253521127,39.2957746478873,29.1549295774648,68.4507042253521,26.4788732394366,2.5962441315493,23.5680751183099,9.8049645393617,89.0070922021277,11.5,105.5,124.5,230,114.5,4.166666667,104.5166667,1,356,0.208333333333333,3.23033707865169,29.6348314606742,34.9719101123596,64.6067415730337,32.1629213483146,1.17041198511236,29.358614241573,3.63901018951965,91.2809316157205
"AF0411","4","SR",15,118.5,144.5,263,71,3.3,66.3,4.5,349,"2",360,1.25,4.29799426934097,33.9541547277937,41.404011461318,75.3581661891118,20.3438395415473,0.945558739255014,18.9971346704871,4.64788732394366,93.3802816901408,31,194.5,146,340.5,106.5,8.9,96.6,9,478,1.875,6.48535564853557,40.6903765690377,30.5439330543933,71.234309623431,22.2803347280335,1.86192468619247,20.2092050209205,8.35680751173709,90.7042253521127
"AF0421","4","SR",36,103,118,221,88.5,6.366666667,79.68333333,1,345.5,"2",360,0.277777777777778,10.4196816208394,29.8118668596237,34.1534008683068,63.9652677279305,25.6150506512301,1.84273999044863,23.0631934384949,7.19397363502825,90.037664779661,42.5,161.5,117.5,279,145.5,14.91666667,126.7,14,467,2.91666666666667,9.10064239828694,34.5824411134904,25.1605995717345,59.7430406852248,31.1563169164882,3.1941470385439,27.1306209850107,10.2520045841924,87.0790378006873
"AF0431","4","SR",16,87,115.5,202.5,139.5,9.7,129.2333333,0,358,"2",360,0,4.46927374301676,24.3016759776536,32.2625698324022,56.5642458100559,38.9664804469274,2.70949720670391,36.098696452514,6.95340501792115,92.6403822939068,47.5,169.5,119,288.5,142,4.9,134.65,1.5,478,0.3125,9.93723849372385,35.4602510460251,24.8953974895398,60.3556485355649,29.7071129707113,1.02510460251046,28.1694560669456,3.45070422535211,94.8239436619718
"AF0438","4","SR",20.5,125,101,226,108,6.65,99.68333333,1,354.5,"2",360,0.277777777777778,5.78279266572638,35.2609308885755,28.490832157969,63.7517630465444,30.4654442877292,1.87588152327221,28.1194170183357,6.15740740740741,92.299382712963,29.5,194.5,102.5,297,146,9.9,134.4666667,12.5,472.5,2.60416666666667,6.24338624338624,41.1640211640212,21.6931216931217,62.8571428571429,30.8994708994709,2.0952380952381,28.4585537989418,6.78082191780822,92.1004566438356
"AF0465","4","SR",22,127.5,96,223.5,100,10.43333333,88.68333333,5.5,345.5,"1",360,1.52777777777778,6.36758321273517,36.9030390738061,27.7858176555716,64.6888567293777,28.9435600578871,3.0197780984081,25.6681138437048,10.43333333,88.68333333,30.5,179,117,296,143,14.18333333,126.8333333,2,469.5,0.416666666666667,6.49627263045794,38.1256656017039,24.9201277955272,63.0457933972311,30.457933972311,3.02094426624068,27.0145544834931,9.91841491608392,88.6946386713287
"AF0467","4","SR",24,136.5,100.5,237,96,0.15,55.98333333,0.5,357,"1",360,0.138888888888889,6.72268907563025,38.2352941176471,28.1512605042017,66.3865546218487,26.890756302521,0.0420168067226891,15.6816059747899,0.15625,58.31597221875,51.5,150.5,140,290.5,137.5,2.5,133.2833333,0.5,479.5,0.104166666666667,10.740354535975,31.3868613138686,29.1970802919708,60.5839416058394,28.6757038581856,0.521376433785193,27.7963155995829,1.81818181818182,96.9333333090909
"AF0468","4","SR",50,64,162.5,226.5,69.5,2.233333333,65.36666667,12,346,"1",360,3.33333333333333,14.4508670520231,18.4971098265896,46.9653179190751,65.4624277456647,20.0867052023121,0.645472061560694,18.8921001936416,3.21342925611511,94.0527577985611,64.5,161.5,136,297.5,94,7.433333333,83.53333333,23,456,4.79166666666667,14.1447368421053,35.4166666666667,29.8245614035088,65.2412280701754,20.6140350877193,1.63011695899123,18.3187134495614,7.90780141808511,88.8652482234043
"AF0469","4","SR",36,123.5,101.5,225,96.5,4.083333333,92,2.5,357.5,"1",360,0.694444444444444,10.0699300699301,34.5454545454545,28.3916083916084,62.9370629370629,26.993006993007,1.1421911420979,25.7342657342657,4.23143350569948,95.3367875647668,24.5,168,145,313,133.5,8.316666667,119.7166667,7.5,471,1.5625,5.20169851380042,35.6687898089172,30.7855626326964,66.4543524416136,28.343949044586,1.76574663842887,25.4175513163482,6.22971285917603,89.6754057677903
"AF0490","4","SR",28,64.5,136.5,201,122.5,1.883333333,119.9,1.5,351.5,"2",360,0.416666666666667,7.96586059743954,18.3499288762447,38.8335704125178,57.1834992887624,34.850640113798,0.535798956756757,34.1109530583215,1.53741496571429,97.8775510204082,59.5,104,140.5,244.5,153,3.4,147.7666667,15,457,3.125,13.019693654267,22.7571115973742,30.7439824945295,53.5010940919037,33.4792122538293,0.74398249452954,32.3340627352298,2.22222222222222,96.5795207189542
"AF0496","4","SR",33.5,124,126,250,55.5,4.166666667,50.05,13,339,"1",360,3.61111111111111,9.88200589970502,36.5781710914454,37.1681415929204,73.7463126843658,16.3716814159292,1.22910521150442,14.76401179941,7.50750750810811,90.1801801801802,43.5,190,115,305,96,24.68333333,68.91666667,37,444.5,7.70833333333333,9.78627671541057,42.7446569178853,25.8717660292463,68.6164229471316,21.5973003374578,5.55305586726659,15.5043119617548,25.7118055520833,71.7881944479167
"AF0165","5","SE",61.5,219,119,338,157.5,33.51666667,120.8166667,20,557,"2",600,3.33333333333333,11.0412926391382,39.3177737881508,21.3644524236984,60.6822262118492,28.2764811490126,6.01735487791742,21.6906044344704,21.2804232825397,76.7089947301587,43.5,165,149,314,98,21.78333333,74.63333333,10,455.5,2.08333333333333,9.54994511525796,36.2239297475302,32.7113062568606,68.9352360043908,21.5148188803513,4.78229052250274,16.3849249901207,22.2278911530612,76.1564625816327
"AF0170","5","SE",89.5,222.5,90,312.5,138.5,7.5,127.6333333,44,540.5,"2",600,7.33333333333333,16.5587419056429,41.1655874190564,16.6512488436633,57.8168362627197,25.6244218316374,1.38760407030527,23.6139377058279,5.41516245487365,92.1540312635379,38.5,189,92.5,281.5,142.5,5.516666667,133.8666667,11,462.5,2.29166666666667,8.32432432432432,40.8648648648649,20,60.8648648648649,30.8108108108108,1.19279279286486,28.9441441513514,3.87134502947368,93.9415204912281
"AF0182","5","SE",63,263.5,63,326.5,160,23.93333333,131.8833333,9.5,549.5,"1",600,1.58333333333333,11.4649681528662,47.9526842584167,11.4649681528662,59.417652411283,29.1173794358508,4.3554746733394,24.0006066060055,14.95833333125,82.4270833125,45.5,198,91.5,289.5,132.5,24.46666667,104.15,6.5,467.5,1.35416666666667,9.73262032085561,42.3529411764706,19.572192513369,61.9251336898396,28.3422459893048,5.23351158716578,22.2780748663102,18.4654088075472,78.6037735849057
"AF0205","5","SE",65,175,91.5,266.5,152.5,6.933333333,143.65,93.5,484,"2",600,15.5833333333333,13.4297520661157,36.1570247933884,18.904958677686,55.0619834710744,31.5082644628099,1.43250688698347,29.6797520661157,4.54644808721311,94.1967213114754,NA,NA,NA,NA,NA,NA,NA,NA,NA,NA,NA,NA,NA,NA,NA,NA,NA,NA,NA
"AF0214","5","SE",36,206,173,379,115.5,9.716666667,104.6666667,69,530.5,"2",600,11.5,6.78605089538171,38.8312912346843,32.6107445805844,71.4420358152686,21.7719132893497,1.83160540377003,19.7298146465598,8.41269841298701,90.6204906493506,29,134.5,220,354.5,78.5,5.316666667,71.91666667,18.5,462,3.85416666666667,6.27705627705628,29.1125541125541,47.6190476190476,76.7316017316017,16.991341991342,1.1507936508658,15.5663780670996,6.77282377961783,91.6135881146497
"AF0233","5","SE",96,210.5,71.5,282,144,9.95,130.2666667,25,522,"1",600,4.16666666666667,18.3908045977011,40.3256704980843,13.6973180076628,54.0229885057471,27.5862068965517,1.90613026819923,24.9553001340996,6.90972222222222,90.4629629861111,68.5,190,73,263,132.5,1.533333333,127.8666667,9,464,1.875,14.7629310344828,40.948275862069,15.7327586206897,56.6810344827586,28.5560344827586,0.330459770043103,27.5574712715517,1.15723270415094,96.5031446792453
"AF0250","5","SE",52.5,184.5,101.5,286,152,20.76666667,127.9166667,13,490.5,"2",600,2.16666666666667,10.7033639143731,37.6146788990826,20.6931702344546,58.3078491335372,30.9887869520897,4.23377506014271,26.0788311314985,13.6622807039474,84.1557017763158,37.5,185,105.5,290.5,126.5,14.56666667,110.3833333,4,454.5,0.833333333333333,8.25082508250825,40.7040704070407,23.2123212321232,63.9163916391639,27.8327832783278,3.20498716611661,24.2867620022002,11.5151515177866,87.2595520158103
"AF0256","5","SE",79,225,104,329,155.5,2.666666667,150.1166667,40.5,563.5,"1",600,6.75,14.019520851819,39.9290150842946,18.4560780834073,58.3850931677019,27.5953859804791,0.473232771428571,26.6400473291925,1.71489817813505,96.5380493247588,47.5,194,80,274,139.5,4.25,132.1166667,27,461,5.625,10.3036876355748,42.0824295010846,17.353579175705,59.4360086767896,30.2603036876356,0.921908893709327,28.6587129501085,3.04659498207885,94.7072879569892
"AF0280","5","SE",92,180,109,289,169.5,27.45,139.15,23,550.5,"1",600,3.83333333333333,16.7120799273388,32.6975476839237,19.8001816530427,52.4977293369664,30.7901907356948,4.98637602179836,25.2770208900999,16.1946902654867,82.094395280236,46,189,95,284,127,13.58333333,111.45,12,457,2.5,10.0656455142232,41.3566739606127,20.7877461706783,62.144420131291,27.7899343544858,2.97228300437637,24.3873085339168,10.6955380551181,87.755905511811
"AF0286","5","SE",39,244.5,42,286.5,112,9.616666667,100.6166667,116,437.5,"1",600,19.3333333333333,8.91428571428571,55.8857142857143,9.6,65.4857142857143,25.6,2.19809523817143,22.9980952457143,8.58630952410714,89.8363095535714,51,251,33.5,284.5,127.5,5.716666667,121,12.5,463,2.60416666666667,11.0151187904968,54.2116630669546,7.2354211663067,61.4470842332613,27.5377969762419,1.23470122397408,26.133909287257,4.48366013098039,94.9019607843137
"AF0288","5","SE",70,289,40,329,160,10.91666667,147.5166667,8,559,"2",600,1.33333333333333,12.5223613595707,51.6994633273703,7.15563506261181,58.8550983899821,28.6225402504472,1.95289206976744,26.3893858139535,6.82291666875,92.1979166875,46,206.5,47,253.5,137.5,8.8,127.5666667,3,437,0.625,10.5263157894737,47.254004576659,10.7551487414188,58.0091533180778,31.4645308924485,2.0137299771167,29.1914569107551,6.4,92.7757576
"AF0295","5","SE",98.5,217,22.5,239.5,121,17.15,97.61666667,104,459,"2",600,17.3333333333333,21.4596949891068,47.276688453159,4.90196078431373,52.1786492374728,26.3616557734205,3.73638344226579,21.2672476405229,14.1735537190083,80.6749311322314,54.5,226,37.5,263.5,141,14.23333333,124.7666667,23,459,4.79166666666667,11.8736383442266,49.2374727668845,8.16993464052288,57.4074074074074,30.718954248366,3.10094408061002,27.1822803267974,10.0945626453901,88.4869976595745
"AF0307","5","SE",46,209,113.5,322.5,169.5,20.81666667,146.3333333,40.5,538,"2",600,6.75,8.55018587360595,38.8475836431227,21.0966542750929,59.9442379182156,31.5055762081784,3.86926889776952,27.199504330855,12.2812192743363,86.3323500294985,34,159.5,127,286.5,141,18.35,121,11,461.5,2.29166666666667,7.36728060671723,34.5612134344529,27.5189599133261,62.080173347779,30.5525460455038,3.97616468039003,26.2188515709642,13.0141843971631,85.8156028368794
"AF0309","5","SE",57.5,149,106.5,255.5,123,22.93333333,90.61666667,100.5,436,"2",600,16.75,13.1880733944954,34.1743119266055,24.4266055045872,58.6009174311927,28.2110091743119,5.25993883715596,20.7836391444954,18.6449864471545,73.6720867235772,37,149.5,106.5,256,137,20.75,110.55,41,430,8.54166666666667,8.6046511627907,34.7674418604651,24.7674418604651,59.5348837209302,31.8604651162791,4.82558139534884,25.7093023255814,15.1459854014599,80.6934306569343
"AF0314","5","SE",50,189,138.5,327.5,132.5,25.03333333,105.35,51.5,510,"1",600,8.58333333333333,9.80392156862745,37.0588235294118,27.156862745098,64.2156862745098,25.9803921568627,4.90849673137255,20.656862745098,18.8930817584906,79.5094339622641,23,151.5,162,313.5,119,17.78333333,96.9,19.5,455.5,4.0625,5.04939626783754,33.2601536772777,35.5653128430296,68.8254665203074,26.1251372118551,3.90413464983535,21.2733260153677,14.9439775882353,81.4285714285714
"AF0318","5","SE",NA,NA,NA,NA,NA,NA,NA,NA,NA,"2",600,NA,NA,NA,NA,NA,NA,NA,NA,NA,NA,69,186,66,252,110,12.76666667,95.98333333,43,431,8.95833333333333,16.0092807424594,43.1554524361949,15.3132250580046,58.4686774941995,25.5220417633411,2.96210363573086,22.2699149257541,11.6060606090909,87.2575757545454
"AF0320","5","SE",58,186,102.5,288.5,129.5,18.3,109.5333333,105,476,"1",600,17.5,12.1848739495798,39.0756302521008,21.5336134453782,60.609243697479,27.2058823529412,3.84453781512605,23.0112044747899,14.1312741312741,84.5817245559846,45,197,68.5,265.5,139.5,19.7,115.5,29,450,6.04166666666667,10,43.7777777777778,15.2222222222222,59,31,4.37777777777778,25.6666666666667,14.1218637992832,82.7956989247312
"AF0336","5","SE",91,231,81.5,312.5,112,12.3,97.8,34.5,515.5,"2",600,5.75,17.6527643064985,44.8108632395732,15.8098933074685,60.6207565470417,21.7264791464597,2.38603297769156,18.9718719689622,10.9821428571429,87.3214285714286,41,215.5,78.5,294,102.5,9.716666667,91.33333333,27,437.5,5.625,9.37142857142857,49.2571428571429,17.9428571428571,67.2,23.4285714285714,2.22095238102857,20.8761904754286,9.47967479707317,89.1056910536585
"AF0355","5","SE",46,223,101.5,324.5,117,13.48333333,101.45,29,487.5,"1",600,4.83333333333333,9.43589743589744,45.7435897435897,20.8205128205128,66.5641025641026,24,2.76581196512821,20.8102564102564,11.5242165213675,86.7094017094017,30.5,161,133,294,135,5.966666667,81.3,2.5,459.5,0.520833333333333,6.63764961915125,35.038084874864,28.9445048966268,63.9825897714908,29.379760609358,1.29851287638738,17.6931447225245,4.41975308666667,60.2222222222222
"AF0361","5","SE",66,271,64,335,116.5,23.25,91.28333333,41,517.5,"1",600,6.83333333333333,12.7536231884058,52.3671497584541,12.3671497584541,64.7342995169082,22.512077294686,4.49275362318841,17.6392914647343,19.9570815450644,78.3547925579399,110,168.5,59,227.5,80,8.883333333,69.8,45.5,417.5,9.47916666666667,26.3473053892216,40.3592814371258,14.1317365269461,54.4910179640719,19.1616766467066,2.1277445108982,16.7185628742515,11.10416666625,87.25
"AF0378","5","SE",52,136.5,85,221.5,103,2.316666667,93.85,162,376.5,"1",600,27,13.8114209827357,36.2549800796813,22.5763612217795,58.8313413014608,27.3572377158034,0.615316511819389,24.9269588313413,2.24919093883495,91.1165048543689,100.5,133.5,101,234.5,89,6.366666667,79.58333333,44,424,9.16666666666667,23.7028301886792,31.4858490566038,23.8207547169811,55.3066037735849,20.9905660377358,1.50157232712264,18.7696540872642,7.15355805280899,89.4194756516854
"AF0386","5","SE",113.5,212,84.5,296.5,91,8.35,81.61666667,60,501,"1",600,10,22.6546906187625,42.315369261477,16.8662674650699,59.1816367265469,18.1636726546906,1.66666666666667,16.2907518303393,9.17582417582418,89.6886446923077,61.5,155.5,103,258.5,51,1.9,48.23333333,103.5,371,21.5625,16.5768194070081,41.9137466307278,27.7628032345013,69.6765498652291,13.7466307277628,0.512129380053908,13.0008984716981,3.72549019607843,94.5751633921569
"AF0388","5","SE",69,239.5,93.5,333,115,18.91666667,90.45,43.5,517,"1",600,7.25,13.3462282398453,46.3249516441006,18.0851063829787,64.4100580270793,22.2437137330754,3.65892972340426,17.495164410058,16.4492753652174,78.6521739130435,57.5,171,121.5,292.5,99.5,12.51666667,84.05,23,449.5,4.79166666666667,12.7919911012236,38.0422691879866,27.0300333704116,65.0723025583982,22.1357063403782,2.78457545494994,18.698553948832,12.5795644924623,84.4723618090452
"AF0399","5","SE",66,200,53.5,253.5,133,27.96666667,102.7166667,81.5,452.5,"1",600,13.5833333333333,14.585635359116,44.1988950276243,11.8232044198895,56.0220994475138,29.3922651933702,6.18047882209945,22.6998158453039,21.027568924812,77.2305764661654,89.5,209.5,44,253.5,85.5,9.35,75.18333333,34.5,428.5,7.1875,20.8868144690782,48.8914819136523,10.2683780630105,59.1598599766628,19.953325554259,2.18203033838973,17.5457020606768,10.9356725146199,87.9337231929825
"AF0406","5","SE",39,234,113,347,140.5,13.71666667,123.0166667,16,526.5,"2",600,2.66666666666667,7.40740740740741,44.4444444444444,21.4624881291548,65.9069325735992,26.6856600189934,2.60525482811016,23.3649889268756,9.76275207829182,87.556346405694,31.5,170,105,275,117,16.16666667,96.93333333,16,423.5,3.33333333333333,7.43801652892562,40.1416765053129,24.7933884297521,64.9350649350649,27.6269185360094,3.81739472727273,22.8886265242031,13.8176638205128,82.8490028461538
"AF409","5","SE",NA,NA,NA,NA,NA,NA,NA,NA,NA,"2",600,NA,NA,NA,NA,NA,NA,NA,NA,NA,NA,18,221.5,115.5,337,115.5,11.25,98.96666667,7.5,470.5,1.5625,3.82571732199788,47.0775770456961,24.548352816153,71.6259298618491,24.548352816153,2.39107332624867,21.0343606099894,9.74025974025974,85.6854256883117
"AF0411","5","SE",60.5,199.5,134,333.5,143,10.13333333,129.5333333,2.5,537,"2",600,0.416666666666667,11.2662942271881,37.1508379888268,24.9534450651769,62.1042830540037,26.6294227188082,1.88702669087523,24.121663556797,7.08624708391608,90.5827505594406,33,175,148,323,117.5,5.7,109.55,9,473.5,1.875,6.96937697993664,36.9588173178458,31.2565997888068,68.2154171066526,24.8152059134108,1.20380147835269,23.1362196409715,4.85106382978723,93.2340425531915
"AF0421","5","SE",82.5,242.5,87,329.5,117.5,14.91666667,99.31666667,38,529.5,"2",600,6.33333333333333,15.5807365439093,45.7979225684608,16.4305949008499,62.2285174693107,22.19074598678,2.8171230727101,18.756688700661,12.6950354638298,84.5248226978724,44.5,173.5,121.5,295,132.5,12.1,116.7666667,11.5,472,2.39583333333333,9.42796610169492,36.7584745762712,25.7415254237288,62.5,28.0720338983051,2.5635593220339,24.7387005720339,9.13207547169811,88.1257861886792
"AF0431","5","SE",90,199.5,102,301.5,136,14.36666667,119.2333333,51.5,527.5,"2",600,8.58333333333333,17.0616113744076,37.8199052132701,19.3364928909953,57.1563981042654,25.781990521327,2.72353870521327,22.603475507109,10.5637254926471,87.6715686029412,54.5,152,126,278,142.5,9.283333333,129.2,7.5,475,1.5625,11.4736842105263,32,26.5263157894737,58.5263157894737,30,1.95438596484211,27.2,6.51461988280702,90.6666666666667
"AF0438","5","SE",42,183.5,92.5,276,137,16.58333333,118.6,113.5,455,"2",600,18.9166666666667,9.23076923076923,40.3296703296703,20.3296703296703,60.6593406593407,30.1098901098901,3.64468864395604,26.0659340659341,12.1046228686131,86.5693430656934,36,178.5,94.5,273,168.5,12.21666667,155.5333333,4,477.5,0.833333333333333,7.53926701570681,37.3821989528796,19.7905759162304,57.1727748691099,35.2879581151832,2.55846422408377,32.5724258219895,7.25024728189911,92.30464884273
"AF0465","5","SE",46.5,282,91,373,154,25.03333333,126.3,1.5,573.5,"1",600,0.25,8.10810810810811,49.1717523975588,15.8674803836094,65.0392327811683,26.8526591107236,4.36501017088056,22.0226678291194,16.2554112532468,82.012987012987,39.5,181.5,87,268.5,171,17.53333333,152.15,1.5,479,0.3125,8.24634655532359,37.8914405010438,18.1628392484342,56.0542797494781,35.6993736951983,3.66040361795407,31.7640918580376,10.2534113040936,88.9766081871345
"AF0467","5","SE",NA,NA,NA,NA,NA,NA,NA,NA,NA,"1",600,NA,NA,NA,NA,NA,NA,NA,NA,NA,NA,41,146.5,145,291.5,126,2.75,121.2833333,5.5,458.5,1.14583333333333,8.94220283533261,31.9520174482007,31.6248636859324,63.576881134133,27.4809160305344,0.599781897491821,26.4521991930207,2.18253968253968,96.2566137301587
"AF0468","5","SE",76.5,156,140,296,121,12.75,102.2333333,86,493.5,"1",600,14.3333333333333,15.5015197568389,31.6109422492401,28.3687943262411,59.9797365754813,24.5187436676798,2.58358662613982,20.7159743262411,10.5371900826446,84.4903580991736,60.5,138,167,305,100,10.05,86.71666667,18.5,465.5,3.85416666666667,12.9967776584318,29.6455424274973,35.875402792696,65.5209452201933,21.4822771213749,2.15896885069817,18.6287146444683,10.05,86.71666667
"AF0469","5","SE",NA,NA,NA,NA,NA,NA,NA,NA,NA,"1",600,NA,NA,NA,NA,NA,NA,NA,NA,NA,NA,25.5,190.5,121,311.5,132.5,5.1,126.7833333,9.5,469.5,1.97916666666667,5.43130990415335,40.5750798722045,25.7720979765708,66.3471778487753,28.2215122470714,1.08626198083067,27.00390485623,3.84905660377358,95.6855345660377
"AF0490","5","SE",101.5,210,115,325,118,9.166666667,106.7,242,544.5,"2",600,40.3333333333333,18.6409550045914,38.5674931129477,21.1202938475666,59.6877869605142,21.6712580348944,1.6835016835629,19.5959595959596,7.76836158220339,90.4237288135593,47.5,164.5,118,282.5,133,5.8,125.25,13,463,2.70833333333333,10.2591792656587,35.5291576673866,25.4859611231102,61.0151187904968,28.7257019438445,1.25269978401728,27.0518358531317,4.3609022556391,94.1729323308271
"AF0496","5","SE",65,237.5,96,333.5,128,31.75,93.61666667,35.5,526.5,"1",600,5.91666666666667,12.3456790123457,45.1092117758784,18.2336182336182,63.3428300094967,24.3114909781576,6.0303893637227,17.780943337132,24.8046875,73.1380208359375,55.5,207,87,294,98.5,29.06666667,67.23333333,19.5,448,4.0625,12.3883928571429,46.2053571428571,19.4196428571429,65.625,21.9866071428571,6.48809523883928,15.0074404754464,29.5093062639594,68.2571911979695
"AF0165","5","SR",21,74,156.5,230.5,103.5,16.11666667,84.85,3.5,355,"2",360,0.972222222222222,5.91549295774648,20.8450704225352,44.0845070422535,64.9295774647887,29.1549295774648,4.53990610422535,23.9014084507042,15.5716586183575,81.9806763285024,55,168.5,140.5,309,92,19.53333333,70.43333333,20.5,456,4.27083333333333,12.0614035087719,36.9517543859649,30.8114035087719,67.7631578947368,20.1754385964912,4.28362573026316,15.4459064320175,21.2318840543478,76.5579710108696
"AF0170","5","SR",26,97.5,99.5,197,124.5,6.766666667,114.7333333,1,347.5,"2",360,0.277777777777778,7.48201438848921,28.0575539568345,28.6330935251799,56.6906474820144,35.8273381294964,1.94724220633094,33.0167865611511,5.43507362811245,92.1552877911647,56.5,192,86,278,124,8.9,112.7,4.5,458.5,0.9375,12.3227917121047,41.8756815703381,18.7568157033806,60.6324972737186,27.0447110141767,1.94111232279171,24.5801526717557,7.17741935483871,90.8870967741936
"AF0182","5","SR",24.5,143.5,104,247.5,77,18.31666667,56.01666667,7,349,"1",360,1.94444444444444,7.02005730659026,41.1174785100287,29.7994269340974,70.9169054441261,22.0630372492837,5.24832855873925,16.0506208223496,23.7878787922078,72.7489177532468,48,218.5,77.5,296,128.5,28.3,95.76666667,7,472.5,1.45833333333333,10.1587301587302,46.2433862433862,16.4021164021164,62.6455026455026,27.1957671957672,5.98941798941799,20.2680776021164,22.0233463035019,74.526588848249
"AF0205","5","SR",NA,NA,NA,NA,NA,NA,NA,NA,NA,"2",360,NA,NA,NA,NA,NA,NA,NA,NA,NA,NA,NA,NA,NA,NA,NA,NA,NA,NA,NA,NA,NA,NA,NA,NA,NA,NA,NA,NA,NA
"AF0214","5","SR",18.5,94,171,265,71.5,4.8,66.6,2,355,"2",360,0.555555555555556,5.2112676056338,26.4788732394366,48.169014084507,74.6478873239437,20.1408450704225,1.35211267605634,18.7605633802817,6.71328671328671,93.1468531468531,21,171,177.5,348.5,83.5,7.666666667,75.46666667,28.5,453,5.9375,4.63576158940397,37.7483443708609,39.1832229580574,76.9315673289183,18.4326710816777,1.69242089779249,16.6593083156733,9.18163672694611,90.3792415209581
"AF0233","5","SR",48,118.5,93.5,212,92.5,3.7,86.68333333,21.5,352.5,"1",360,5.97222222222222,13.6170212765957,33.6170212765957,26.5248226950355,60.1418439716312,26.241134751773,1.04964539007092,24.5910165475177,4,93.7117117081081,87.5,194,92,286,95,6.25,85.5,2.5,468.5,0.520833333333333,18.6766275346852,41.4087513340448,19.6371398078975,61.0458911419424,20.2774813233725,1.33404482390608,18.2497331910352,6.57894736842105,90
"AF0250","5","SR",17,67,140,207,114.5,9.316666667,104.3333333,1,338.5,"2",360,0.277777777777778,5.02215657311669,19.7932053175775,41.3589364844904,61.152141802068,33.8257016248154,2.75233874948301,30.8222550369276,8.13682678340611,91.1208151091703,40.5,149,137,286,110.5,9.466666667,99.41666667,36,437,7.5,9.26773455377574,34.0961098398169,31.350114416476,65.4462242562929,25.2860411899314,2.1662852784897,22.7498093066362,8.56711915565611,89.9698340904977
"AF0256","5","SR",15.5,83.5,126.5,210,125,2.033333333,119.8,13,350.5,"1",360,3.61111111111111,4.42225392296719,23.8231098430813,36.0912981455064,59.9144079885877,35.6633380884451,0.580123632810271,34.1797432239658,1.6266666664,95.84,31,161,113,274,168,0.283333333,162.5166667,12.5,473,2.60416666666667,6.553911205074,34.0380549682875,23.8900634249471,57.9281183932347,35.5179704016913,0.0599013389006343,34.3587033192389,0.168650793452381,96.7361111309524
"AF0280","5","SR",42,101,117,218,91.5,9.383333333,79.4,8.5,351.5,"1",360,2.36111111111111,11.9487908961593,28.7339971550498,33.2859174964438,62.0199146514936,26.0312944523471,2.66951161678521,22.5889046941679,10.2550091071038,86.775956284153,60,153.5,115.5,269,141,22.71666667,116.3666667,4.5,470,0.9375,12.7659574468085,32.6595744680851,24.5744680851064,57.2340425531915,30,4.83333333404255,24.7588652553191,16.1111111134752,82.5295508510638
"AF0286","5","SR",32.5,162.5,72,234.5,77.5,2.683333333,74.13333333,16,344.5,"1",360,4.44444444444444,9.43396226415094,47.1698113207547,20.899854862119,68.0696661828737,22.4963715529753,0.778906627866473,21.519109820029,3.46236559096774,95.6559139741936,55.5,246.5,45.5,292,110,5.333333333,103.85,20.5,457.5,4.27083333333333,12.1311475409836,53.879781420765,9.94535519125683,63.8251366120219,24.0437158469945,1.16575591978142,22.6994535519126,4.84848484818182,94.4090909090909
"AF0288","5","SR",36,146.5,58.5,205,103.5,5.866666667,97,2.5,344.5,"2",360,0.694444444444444,10.4499274310595,42.5253991291727,16.9811320754717,59.5065312046444,30.0435413642961,1.70295113701016,28.1567489114659,5.66827697294686,93.719806763285,42,249.5,49.5,299,111.5,0.383333333,109.9666667,10,452.5,2.08333333333333,9.28176795580111,55.1381215469613,10.939226519337,66.0773480662983,24.6408839779006,0.0847145487292818,24.3020257900552,0.343796711210762,98.6248131838565
"AF0295","5","SR",37,135,61,196,119.5,5.566666667,111.8166667,5,352.5,"2",360,1.38888888888889,10.4964539007092,38.2978723404255,17.3049645390071,55.6028368794326,33.9007092198582,1.57919621758865,31.7210401985816,4.65829846610879,93.5704323849372,38,229,67.5,296.5,119,16.35,99.75,26.5,453.5,5.52083333333333,8.37927232635061,50.4961411245865,14.8842337375965,65.380374862183,26.2403528114664,3.60529217199559,21.9955898566703,13.7394957983193,83.8235294117647
"AF0307","5","SR",23,64.5,134.5,199,130,12.31666667,115.2666667,5,352,"2",360,1.38888888888889,6.53409090909091,18.3238636363636,38.2102272727273,56.5340909090909,36.9318181818182,3.49905303125,32.7462121306818,9.47435897692308,88.6666666923077,29.5,159,111,270,132,14.2,113.6833333,42,431.5,8.75,6.83661645422943,36.8482039397451,25.7242178447277,62.5724217844728,30.5909617612978,3.29084588644264,26.3460795596756,10.7575757575758,86.1237373484849
"AF0309","5","SR",25.5,76.5,136.5,213,107,11.31666667,90.71666667,12,345.5,"2",360,3.33333333333333,7.38060781476122,22.1418234442836,39.5079594790159,61.6497829232996,30.9696092619392,3.27544621418234,26.2566329001447,10.5763239906542,84.7819314672897,41,160.5,104.5,265,116,24.11666667,86.66666667,8,422,1.66666666666667,9.71563981042654,38.0331753554502,24.7630331753554,62.7962085308057,27.4881516587678,5.71484992180095,20.5371248033175,20.790229887931,74.7126436810345
"AF0314","5","SR",16.5,115.5,124.5,240,92,7.366666667,77.78333333,17.5,348.5,"1",360,4.86111111111111,4.73457675753228,33.142037302726,35.7245337159254,68.8665710186514,26.3988522238164,2.11382113830703,22.3194643701578,8.00724637717391,84.5471014456522,21,116,176,292,137.5,22.98333333,112.8833333,15.5,450.5,3.22916666666667,4.661487236404,25.7491675915649,39.0677025527192,64.8168701442841,30.5216426193119,5.10173880799112,25.0573436847947,16.7151515127273,82.0969696727273
"AF0318","5","SR",59.5,143.5,56.5,200,78,5.5,71.01666667,13.5,337.5,"2",360,3.75,17.6296296296296,42.5185185185185,16.7407407407407,59.2592592592593,23.1111111111111,1.62962962962963,21.0419753096296,7.05128205128205,91.0470085512821,76,194.5,70,264.5,114.5,9.216666667,103.3166667,16.5,455,3.4375,16.7032967032967,42.7472527472527,15.3846153846154,58.1318681318681,25.1648351648352,2.02564102571429,22.7069597142857,8.04949053886463,90.2328966812227
"AF0320","5","SR",23.5,137,107,244,81.5,7.633333333,71.43333333,9,349,"1",360,2.5,6.73352435530086,39.2550143266476,30.6590257879656,69.9140401146132,23.352435530086,2.18720152808023,20.4680038194842,9.36605316932515,87.6482617546012,53,139,96.5,235.5,99.5,16.95,81.31666667,94.5,388,19.6875,13.659793814433,35.8247422680412,24.8711340206186,60.6958762886598,25.6443298969072,4.36855670103093,20.9579037809278,17.035175879397,81.7252931356784
"AF0336","5","SR",33,107,98.5,205.5,107.5,14.18333333,91.51666667,10,346,"2",360,2.77777777777778,9.53757225433526,30.9248554913295,28.4682080924855,59.393063583815,31.0693641618497,4.09922928612717,26.4499036618497,13.1937984465116,85.1317829488372,44,175,99,274,107.5,10.45,95.33333333,35.5,425.5,7.39583333333333,10.3407755581669,41.1280846063455,23.2667450058754,64.3948296122209,25.2643948296122,2.45593419506463,22.4050137085781,9.72093023255814,88.6821705395349
"AF0355","5","SR",17.5,92.5,140,232.5,94,7.916666667,84.81666667,2,344,"1",360,0.555555555555556,5.08720930232558,26.8895348837209,40.6976744186046,67.5872093023256,27.3255813953488,2.30135658924419,24.656007752907,8.42198581595745,90.2304964574468,18,155,124,279,142,10.65,128.0166667,19.5,439,4.0625,4.1002277904328,35.3075170842825,28.246013667426,63.5535307517084,32.3462414578588,2.42596810933941,29.1609719134396,7.5,90.1525821830986
"AF0361","5","SR",23.5,147,93.5,240.5,85,8.816666667,74.83333333,4,349,"1",360,1.11111111111111,6.73352435530086,42.1203438395415,26.7908309455587,68.9111747851003,24.3553008595989,2.52626552063037,21.4422158538682,10.37254902,88.0392156823529,47,216.5,79.5,296,107,18.93333333,87.11666667,22,450,4.58333333333333,10.4444444444444,48.1111111111111,17.6666666666667,65.7777777777778,23.7777777777778,4.20740740666667,19.35925926,17.694704046729,81.4174454859813
"AF0378","5","SR",22,135.5,98,233.5,92.5,4.816666667,84.03333333,12.5,348,"1",360,3.47222222222222,6.32183908045977,38.9367816091954,28.1609195402299,67.0977011494253,26.5804597701149,1.38409961695402,24.1475095775862,5.20720720756757,90.8468468432432,64,141,114.5,255.5,127,5.9,113.1166667,39,446.5,8.125,14.3337066069429,31.5789473684211,25.6438969764838,57.2228443449048,28.4434490481523,1.32138857782755,25.3340798880179,4.64566929133858,89.068241496063
"AF0386","5","SR",35.5,87.5,93.5,181,122.5,9.283333333,110.3,0,339,"1",360,0,10.4719764011799,25.811209439528,27.5811209439528,53.3923303834808,36.1356932153392,2.73844641091445,32.5368731563422,7.5782312922449,90.0408163265306,47,170.5,126,296.5,99,3.383333333,93.91666667,35.5,442.5,7.39583333333333,10.6214689265537,38.5310734463277,28.4745762711864,67.0056497175141,22.3728813559322,0.764595103502825,21.2241054621469,3.41750841717172,94.8653198686869
"AF0388","5","SR",35.5,87.5,93.5,181,122,8.583333333,108.9,0,338.5,"1",360,0,10.4874446085672,25.8493353028065,27.6218611521418,53.4711964549483,36.0413589364845,2.53569670103397,32.1713441654357,7.03551912540984,89.2622950819672,33,118.5,102,220.5,102.5,6.983333333,88.8,4.5,356,0.9375,9.26966292134832,33.2865168539326,28.6516853932584,61.938202247191,28.7921348314607,1.96161048679775,24.9438202247191,6.8130081297561,86.6341463414634
"AF0399","5","SR",42.5,150,51,201,104,10.46666667,91.71666667,6,347.5,"1",360,1.66666666666667,12.2302158273381,43.1654676258993,14.6762589928058,57.841726618705,29.9280575539568,3.01199040863309,26.3932853726619,10.0641025673077,88.1891025673077,36.5,199.5,66.5,266,134.5,19.66666667,110.9166667,25.5,437,5.3125,8.35240274599542,45.6521739130435,15.2173913043478,60.8695652173913,30.7780320366133,4.50038138901602,25.3813882608696,14.6220570037175,82.465923197026
"AF0406","5","SR",34.5,107.5,120.5,228,88.5,5.35,79.66666667,1.5,351,"2",360,0.416666666666667,9.82905982905983,30.6267806267806,34.3304843304843,64.957264957265,25.2136752136752,1.52421652421652,22.697056031339,6.04519774011299,90.0188323954802,68,146.5,123,269.5,89,6.916666667,79.53333333,51,426.5,10.625,15.9437280187573,34.3493552168816,28.8393903868699,63.1887456037515,20.8675263774912,1.62172723728019,18.6479093388042,7.77153558089888,89.3632958764045
"AF409","5","SR",15,110,140,250,92.5,7.55,83.36666667,3.5,357.5,"2",360,0.972222222222222,4.1958041958042,30.7692307692308,39.1608391608392,69.9300699300699,25.8741258741259,2.11188811188811,23.3193473202797,8.16216216216216,90.1261261297297,11.5,105.5,124.5,230,114.5,4.166666667,104.5166667,1,356,0.208333333333333,3.23033707865169,29.6348314606742,34.9719101123596,64.6067415730337,32.1629213483146,1.17041198511236,29.358614241573,3.63901018951965,91.2809316157205
"AF0411","5","SR",21,127.5,116.5,244,92.5,3.066666667,88.55,0.5,357.5,"2",360,0.138888888888889,5.87412587412587,35.6643356643357,32.5874125874126,68.2517482517483,25.8741258741259,0.857808857902098,24.7692307692308,3.31531531567567,95.7297297297297,31,194.5,146,340.5,106.5,8.9,96.6,9,478,1.875,6.48535564853557,40.6903765690377,30.5439330543933,71.234309623431,22.2803347280335,1.86192468619247,20.2092050209205,8.35680751173709,90.7042253521127
"AF0421","5","SR",22.5,107,133,240,89.5,7.1,80.05,2.5,352,"2",360,0.694444444444444,6.39204545454545,30.3977272727273,37.7840909090909,68.1818181818182,25.4261363636364,2.01704545454545,22.7414772727273,7.93296089385475,89.4413407821229,42.5,161.5,117.5,279,145.5,14.91666667,126.7,14,467,2.91666666666667,9.10064239828694,34.5824411134904,25.1605995717345,59.7430406852248,31.1563169164882,3.1941470385439,27.1306209850107,10.2520045841924,87.0790378006873
"AF0431","5","SR",24,133,103,236,98,13.53333333,83.26666667,16,358,"2",360,4.44444444444444,6.70391061452514,37.1508379888268,28.7709497206704,65.9217877094972,27.3743016759777,3.78026070670391,23.2588454385475,13.8095238061224,84.9659863979592,47.5,169.5,119,288.5,142,4.9,134.65,1.5,478,0.3125,9.93723849372385,35.4602510460251,24.8953974895398,60.3556485355649,29.7071129707113,1.02510460251046,28.1694560669456,3.45070422535211,94.8239436619718
"AF0438","5","SR",22.5,135.5,93,228.5,104.5,9.583333333,94.06666667,1,355.5,"2",360,0.277777777777778,6.32911392405063,38.1153305203938,26.1603375527426,64.2756680731364,29.3952180028129,2.69573370829817,26.4603844360056,9.17065390717703,90.0159489665072,29.5,194.5,102.5,297,146,9.9,134.4666667,12.5,472.5,2.60416666666667,6.24338624338624,41.1640211640212,21.6931216931217,62.8571428571429,30.8994708994709,2.0952380952381,28.4585537989418,6.78082191780822,92.1004566438356
"AF0465","5","SR",28,132,82,214,111.5,8.966666667,101.9,1.5,353.5,"1",360,0.416666666666667,7.92079207920792,37.3408769448373,23.1966053748232,60.5374823196605,31.5417256011315,2.53653936831683,28.8260254596888,8.04185351300448,91.390134529148,30.5,179,117,296,143,14.18333333,126.8333333,2,469.5,0.416666666666667,6.49627263045794,38.1256656017039,24.9201277955272,63.0457933972311,30.457933972311,3.02094426624068,27.0145544834931,9.91841491608392,88.6946386713287
"AF0467","5","SR",24,114,142,256,77.5,1.5,74.16666667,1,357.5,"1",360,0.277777777777778,6.71328671328671,31.8881118881119,39.7202797202797,71.6083916083916,21.6783216783217,0.41958041958042,20.7459207468531,1.93548387096774,95.6989247354839,51.5,150.5,140,290.5,137.5,2.5,133.2833333,0.5,479.5,0.104166666666667,10.740354535975,31.3868613138686,29.1970802919708,60.5839416058394,28.6757038581856,0.521376433785193,27.7963155995829,1.81818181818182,96.9333333090909
"AF0468","5","SR",36.5,85,161,246,69.5,5.75,62.21666667,6.5,352,"1",360,1.80555555555556,10.3693181818182,24.1477272727273,45.7386363636364,69.8863636363636,19.7443181818182,1.63352272727273,17.6751893948864,8.27338129496403,89.5203836978417,64.5,161.5,136,297.5,94,7.433333333,83.53333333,23,456,4.79166666666667,14.1447368421053,35.4166666666667,29.8245614035088,65.2412280701754,20.6140350877193,1.63011695899123,18.3187134495614,7.90780141808511,88.8652482234043
"AF0469","5","SR",41.5,120.5,129.5,250,63.5,4.933333333,58.08333333,7,355,"1",360,1.94444444444444,11.6901408450704,33.943661971831,36.4788732394366,70.4225352112676,17.887323943662,1.38967136140845,16.3615023464789,7.76902887086614,91.4698162677165,24.5,168,145,313,133.5,8.316666667,119.7166667,7.5,471,1.5625,5.20169851380042,35.6687898089172,30.7855626326964,66.4543524416136,28.343949044586,1.76574663842887,25.4175513163482,6.22971285917603,89.6754057677903
"AF0490","5","SR",29,98,117.5,215.5,98,1.533333333,94.81666667,3.5,342.5,"2",360,0.972222222222222,8.46715328467153,28.6131386861314,34.3065693430657,62.9197080291971,28.6131386861314,0.447688564379562,27.6836982978102,1.56462585,96.7517006836735,59.5,104,140.5,244.5,153,3.4,147.7666667,15,457,3.125,13.019693654267,22.7571115973742,30.7439824945295,53.5010940919037,33.4792122538293,0.74398249452954,32.3340627352298,2.22222222222222,96.5795207189542
"AF0496","5","SR",31.5,96,95.5,191.5,117.5,16.55,98.35,85.5,340.5,"1",360,23.75,9.2511013215859,28.1938325991189,28.0469897209985,56.2408223201175,34.5080763582966,4.86049926578561,28.8839941262849,14.0851063829787,83.7021276595745,43.5,190,115,305,96,24.68333333,68.91666667,37,444.5,7.70833333333333,9.78627671541057,42.7446569178853,25.8717660292463,68.6164229471316,21.5973003374578,5.55305586726659,15.5043119617548,25.7118055520833,71.7881944479167
"AF0165","6","SE",60,193,170.5,363.5,138,33.78333333,100.2166667,14,561.5,"2",600,2.33333333333333,10.6856634016028,34.3722172751558,30.3650934995548,64.7373107747106,24.5770258236866,6.01662214247551,17.848026126447,24.480676326087,72.6207729710145,43.5,165,149,314,98,21.78333333,74.63333333,10,455.5,2.08333333333333,9.54994511525796,36.2239297475302,32.7113062568606,68.9352360043908,21.5148188803513,4.78229052250274,16.3849249901207,22.2278911530612,76.1564625816327
"AF0170","6","SE",76.5,194.5,94.5,289,141.5,4.066666667,133.4,21.5,507,"2",600,3.58333333333333,15.0887573964497,38.3629191321499,18.6390532544379,57.0019723865878,27.9092702169625,0.802103879092702,26.3116370808679,2.87396937597173,94.2756183745583,38.5,189,92.5,281.5,142.5,5.516666667,133.8666667,11,462.5,2.29166666666667,8.32432432432432,40.8648648648649,20,60.8648648648649,30.8108108108108,1.19279279286486,28.9441441513514,3.87134502947368,93.9415204912281
"AF0182","6","SE",97,256.5,71,327.5,138.5,40.21666667,95.21666667,6,563,"1",600,1,17.2291296625222,45.5595026642984,12.6110124333925,58.1705150976909,24.6003552397869,7.14328004795737,16.9123741865009,29.0373044548736,68.7484957906137,45.5,198,91.5,289.5,132.5,24.46666667,104.15,6.5,467.5,1.35416666666667,9.73262032085561,42.3529411764706,19.572192513369,61.9251336898396,28.3422459893048,5.23351158716578,22.2780748663102,18.4654088075472,78.6037735849057
"AF0205","6","SE",64.5,214.5,86.5,301,137,10.53333333,124.8833333,73.5,502.5,"2",600,12.25,12.8358208955224,42.6865671641791,17.2139303482587,59.9004975124378,27.2636815920398,2.09618573731343,24.8524046368159,7.68856447445255,91.1557177372263,NA,NA,NA,NA,NA,NA,NA,NA,NA,NA,NA,NA,NA,NA,NA,NA,NA,NA,NA
"AF0214","6","SE",49,218.5,150,368.5,109,8.833333333,99.21666667,54.5,526.5,"2",600,9.08333333333333,9.30674264007597,41.5004748338082,28.4900284900285,69.9905033238367,20.7027540360874,1.67774612212726,18.8445710674264,8.10397553486239,91.0244648348624,29,134.5,220,354.5,78.5,5.316666667,71.91666667,18.5,462,3.85416666666667,6.27705627705628,29.1125541125541,47.6190476190476,76.7316017316017,16.991341991342,1.1507936508658,15.5663780670996,6.77282377961783,91.6135881146497
"AF0233","6","SE",105.5,186,91,277,122,8.216666667,110.3166667,5.5,504.5,"1",600,0.916666666666667,20.9117938553023,36.8681863230922,18.0376610505451,54.9058473736373,24.1823587710605,1.62867525609514,21.8665345292369,6.73497267786885,90.423497295082,68.5,190,73,263,132.5,1.533333333,127.8666667,9,464,1.875,14.7629310344828,40.948275862069,15.7327586206897,56.6810344827586,28.5560344827586,0.330459770043103,27.5574712715517,1.15723270415094,96.5031446792453
"AF0250","6","SE",48,168,100,268,170.5,19.7,146.1333333,12,486.5,"2",600,2,9.86639260020555,34.5323741007194,20.5549845837616,55.087358684481,35.0462487153135,4.04933196300103,30.0376841315519,11.5542521994135,85.7086998826979,37.5,185,105.5,290.5,126.5,14.56666667,110.3833333,4,454.5,0.833333333333333,8.25082508250825,40.7040704070407,23.2123212321232,63.9163916391639,27.8327832783278,3.20498716611661,24.2867620022002,11.5151515177866,87.2595520158103
"AF0256","6","SE",52,187,79,266,225,7.75,214.2333333,63.5,543,"1",600,10.5833333333333,9.57642725598527,34.4383057090239,14.548802946593,48.9871086556169,41.4364640883978,1.42725598526704,39.4536525414365,3.44444444444444,95.2148148,47.5,194,80,274,139.5,4.25,132.1166667,27,461,5.625,10.3036876355748,42.0824295010846,17.353579175705,59.4360086767896,30.2603036876356,0.921908893709327,28.6587129501085,3.04659498207885,94.7072879569892
"AF0280","6","SE",81,168,86.5,254.5,201,31.71666667,164.0166667,34.5,536.5,"1",600,5.75,15.0978564771668,31.314072693383,16.1230195712954,47.4370922646785,37.4650512581547,5.91177384342964,30.5716060950606,15.7794361542289,81.6003316915423,46,189,95,284,127,13.58333333,111.45,12,457,2.5,10.0656455142232,41.3566739606127,20.7877461706783,62.144420131291,27.7899343544858,2.97228300437637,24.3873085339168,10.6955380551181,87.755905511811
"AF0286","6","SE",35,181.5,60,241.5,89.5,5.866666667,82.36666667,178,366,"1",600,29.6666666666667,9.56284153005464,49.5901639344262,16.3934426229508,65.983606557377,24.4535519125683,1.60291438989071,22.5045537349727,6.55493482346369,92.0297951620112,51,251,33.5,284.5,127.5,5.716666667,121,12.5,463,2.60416666666667,11.0151187904968,54.2116630669546,7.2354211663067,61.4470842332613,27.5377969762419,1.23470122397408,26.133909287257,4.48366013098039,94.9019607843137
"AF0288","6","SE",72.5,283.5,43,326.5,136,12.76666667,121.8833333,20.5,535,"2",600,3.41666666666667,13.5514018691589,52.9906542056075,8.03738317757009,61.0280373831776,25.4205607476636,2.38629283551402,22.7819314579439,9.38725490441176,89.6200980147059,46,206.5,47,253.5,137.5,8.8,127.5666667,3,437,0.625,10.5263157894737,47.254004576659,10.7551487414188,58.0091533180778,31.4645308924485,2.0137299771167,29.1914569107551,6.4,92.7757576
"AF0295","6","SE",73.5,226,58.5,284.5,159.5,24.46666667,129.5333333,72.5,517.5,"2",600,12.0833333333333,14.2028985507246,43.6714975845411,11.304347826087,54.975845410628,30.8212560386473,4.72785829371981,25.0305958067633,15.3396029278997,81.2121211912226,54.5,226,37.5,263.5,141,14.23333333,124.7666667,23,459,4.79166666666667,11.8736383442266,49.2374727668845,8.16993464052288,57.4074074074074,30.718954248366,3.10094408061002,27.1822803267974,10.0945626453901,88.4869976595745
"AF0307","6","SE",47,190.5,105.5,296,159.5,16.18333333,140.0833333,56.5,502.5,"2",600,9.41666666666667,9.35323383084577,37.910447761194,20.9950248756219,58.9054726368159,31.7412935323383,3.22056384676617,27.8772802587065,10.1462904890282,87.8265412539185,34,159.5,127,286.5,141,18.35,121,11,461.5,2.29166666666667,7.36728060671723,34.5612134344529,27.5189599133261,62.080173347779,30.5525460455038,3.97616468039003,26.2188515709642,13.0141843971631,85.8156028368794
"AF0309","6","SE",39.5,198.5,79.5,278,144.5,16.73333333,121.25,97,462,"2",600,16.1666666666667,8.54978354978355,42.965367965368,17.2077922077922,60.1731601731602,31.2770562770563,3.62193362121212,26.2445887445887,11.5801614740484,83.9100346020761,37,149.5,106.5,256,137,20.75,110.55,41,430,8.54166666666667,8.6046511627907,34.7674418604651,24.7674418604651,59.5348837209302,31.8604651162791,4.82558139534884,25.7093023255814,15.1459854014599,80.6934306569343
"AF0314","6","SE",42,189.5,115.5,305,143.5,24.26666667,115.8666667,50.5,490.5,"1",600,8.41666666666667,8.56269113149847,38.6340468909276,23.5474006116208,62.1814475025484,29.2558613659531,4.94733265443425,23.6221542711519,16.9105691080139,80.7433217421603,23,151.5,162,313.5,119,17.78333333,96.9,19.5,455.5,4.0625,5.04939626783754,33.2601536772777,35.5653128430296,68.8254665203074,26.1251372118551,3.90413464983535,21.2733260153677,14.9439775882353,81.4285714285714
"AF0318","6","SE",68,210,45.5,255.5,80,14.03333333,64.55,148,403.5,"2",600,24.6666666666667,16.8525402726146,52.0446096654275,11.276332094176,63.3209417596035,19.8265179677819,3.47790169268897,15.997521685254,17.5416666625,80.6875,69,186,66,252,110,12.76666667,95.98333333,43,431,8.95833333333333,16.0092807424594,43.1554524361949,15.3132250580046,58.4686774941995,25.5220417633411,2.96210363573086,22.2699149257541,11.6060606090909,87.2575757545454
"AF0320","6","SE",44.5,168,68,236,141,18.86666667,119.9333333,133,421.5,"1",600,22.1666666666667,10.5575326215896,39.8576512455516,16.1328588374852,55.9905100830368,33.4519572953737,4.47607750177936,28.4539343534994,13.3806146595745,85.0591016312057,45,197,68.5,265.5,139.5,19.7,115.5,29,450,6.04166666666667,10,43.7777777777778,15.2222222222222,59,31,4.37777777777778,25.6666666666667,14.1218637992832,82.7956989247312
"AF0336","6","SE",92.5,228,76.5,304.5,117,20.16666667,94.88333333,36,514,"2",600,6,17.9961089494163,44.3579766536965,14.8832684824903,59.2412451361868,22.7626459143969,3.92347600583658,18.4597924766537,17.2364672393162,81.0968660940171,41,215.5,78.5,294,102.5,9.716666667,91.33333333,27,437.5,5.625,9.37142857142857,49.2571428571429,17.9428571428571,67.2,23.4285714285714,2.22095238102857,20.8761904754286,9.47967479707317,89.1056910536585
"AF0355","6","SE",32.5,175,97.5,272.5,168,13.26666667,151.9333333,3,473,"1",600,0.5,6.87103594080338,36.9978858350951,20.6131078224102,57.6109936575053,35.5179704016913,2.80479210782241,32.1212121141649,7.89682539880952,90.4365079166667,30.5,161,133,294,135,5.966666667,81.3,2.5,459.5,0.520833333333333,6.63764961915125,35.038084874864,28.9445048966268,63.9825897714908,29.379760609358,1.29851287638738,17.6931447225245,4.41975308666667,60.2222222222222
"AF0361","6","SE",83,172.5,58.5,231,88,15.41666667,71.68333333,160.5,402,"1",600,26.75,20.6467661691542,42.910447761194,14.5522388059702,57.4626865671642,21.8905472636816,3.83499170895522,17.8316749577114,17.5189393977273,81.4583333295455,110,168.5,59,227.5,80,8.883333333,69.8,45.5,417.5,9.47916666666667,26.3473053892216,40.3592814371258,14.1317365269461,54.4910179640719,19.1616766467066,2.1277445108982,16.7185628742515,11.10416666625,87.25
"AF0378","6","SE",NA,NA,NA,NA,NA,NA,NA,NA,NA,"1",600,NA,NA,NA,NA,NA,NA,NA,NA,NA,NA,100.5,133.5,101,234.5,89,6.366666667,79.58333333,44,424,9.16666666666667,23.7028301886792,31.4858490566038,23.8207547169811,55.3066037735849,20.9905660377358,1.50157232712264,18.7696540872642,7.15355805280899,89.4194756516854
"AF0386","6","SE",73,186,96.5,282.5,146,7.583333333,136.6666667,22.5,501.5,"1",600,3.75,14.5563310069791,37.0887337986042,19.2422731804586,56.3310069790628,29.1126620139581,1.51213027577268,27.2515786041874,5.19406392671233,93.6073059589041,61.5,155.5,103,258.5,51,1.9,48.23333333,103.5,371,21.5625,16.5768194070081,41.9137466307278,27.7628032345013,69.6765498652291,13.7466307277628,0.512129380053908,13.0008984716981,3.72549019607843,94.5751633921569
"AF0388","6","SE",57,189,101.5,290.5,150,18.21666667,125.55,83,497.5,"1",600,13.8333333333333,11.4572864321608,37.9899497487437,20.4020100502513,58.391959798995,30.1507537688442,3.66164154170854,25.2361809045226,12.1444444466667,83.7,57.5,171,121.5,292.5,99.5,12.51666667,84.05,23,449.5,4.79166666666667,12.7919911012236,38.0422691879866,27.0300333704116,65.0723025583982,22.1357063403782,2.78457545494994,18.698553948832,12.5795644924623,84.4723618090452
"AF0399","6","SE",70.5,260.5,55,315.5,152.5,29.83333333,118.8666667,29,538.5,"1",600,4.83333333333333,13.091922005571,48.3751160631383,10.213556174559,58.5886722376973,28.3194057567317,5.54008046982358,22.0736614113278,19.5628415278689,77.9453552131148,89.5,209.5,44,253.5,85.5,9.35,75.18333333,34.5,428.5,7.1875,20.8868144690782,48.8914819136523,10.2683780630105,59.1598599766628,19.953325554259,2.18203033838973,17.5457020606768,10.9356725146199,87.9337231929825
"AF0406","6","SE",39.5,145.5,124.5,270,127.5,14.18333333,109.7666667,4.5,437,"2",600,0.75,9.03890160183066,33.2951945080092,28.4897025171625,61.7848970251716,29.1762013729977,3.24561403432494,25.1182303661327,11.1241830039216,86.0915032941176,31.5,170,105,275,117,16.16666667,96.93333333,16,423.5,3.33333333333333,7.43801652892562,40.1416765053129,24.7933884297521,64.9350649350649,27.6269185360094,3.81739472727273,22.8886265242031,13.8176638205128,82.8490028461538
"AF409","6","SE",NA,NA,NA,NA,NA,NA,NA,NA,NA,"2",600,NA,NA,NA,NA,NA,NA,NA,NA,NA,NA,18,221.5,115.5,337,115.5,11.25,98.96666667,7.5,470.5,1.5625,3.82571732199788,47.0775770456961,24.548352816153,71.6259298618491,24.548352816153,2.39107332624867,21.0343606099894,9.74025974025974,85.6854256883117
"AF0411","6","SE",81,222,128.5,350.5,125,9.55,113.5666667,5,556.5,"2",600,0.833333333333333,14.55525606469,39.8921832884097,23.0907457322552,62.9829290206649,22.4618149146451,1.71608265947889,20.4073075831087,7.64,90.85333336,33,175,148,323,117.5,5.7,109.55,9,473.5,1.875,6.96937697993664,36.9588173178458,31.2565997888068,68.2154171066526,24.8152059134108,1.20380147835269,23.1362196409715,4.85106382978723,93.2340425531915
"AF0421","6","SE",85,232.5,94,326.5,129,2,121.65,71,540.5,"2",600,11.8333333333333,15.7261794634598,43.0157261794635,17.3913043478261,60.4070305272895,23.8667900092507,0.370027752081406,22.5069380203515,1.55038759689922,94.3023255813954,44.5,173.5,121.5,295,132.5,12.1,116.7666667,11.5,472,2.39583333333333,9.42796610169492,36.7584745762712,25.7415254237288,62.5,28.0720338983051,2.5635593220339,24.7387005720339,9.13207547169811,88.1257861886792
"AF0431","6","SE",73.5,246,109,355,162,17.18333333,141.95,5,590.5,"2",600,0.833333333333333,12.4470787468247,41.6596104995766,18.458933107536,60.1185436071126,27.4343776460627,2.90996330736664,24.038950042337,10.606995882716,87.6234567901235,54.5,152,126,278,142.5,9.283333333,129.2,7.5,475,1.5625,11.4736842105263,32,26.5263157894737,58.5263157894737,30,1.95438596484211,27.2,6.51461988280702,90.6666666666667
"AF0438","6","SE",47.5,166,94,260,150.5,17.4,130.85,134.5,458,"2",600,22.4166666666667,10.3711790393013,36.2445414847162,20.5240174672489,56.7685589519651,32.8602620087336,3.79912663755458,28.5698689956332,11.5614617940199,86.9435215946844,36,178.5,94.5,273,168.5,12.21666667,155.5333333,4,477.5,0.833333333333333,7.53926701570681,37.3821989528796,19.7905759162304,57.1727748691099,35.2879581151832,2.55846422408377,32.5724258219895,7.25024728189911,92.30464884273
"AF0465","6","SE",71.5,274,92,366,126,18.41666667,106.3166667,22,563.5,"1",600,3.66666666666667,12.6885536823425,48.6246672582076,16.3265306122449,64.9511978704525,22.360248447205,3.26826382786158,18.8671990594499,14.6164021190476,84.3783069047619,39.5,181.5,87,268.5,171,17.53333333,152.15,1.5,479,0.3125,8.24634655532359,37.8914405010438,18.1628392484342,56.0542797494781,35.6993736951983,3.66040361795407,31.7640918580376,10.2534113040936,88.9766081871345
"AF0467","6","SE",60.5,210.5,138,348.5,162.5,3.733333333,156.9833333,0.5,571.5,"1",600,0.0833333333333333,10.586176727909,36.832895888014,24.1469816272966,60.9798775153106,28.4339457567804,0.653251676815398,27.4686497462817,2.29743589723077,96.6051281846154,41,146.5,145,291.5,126,2.75,121.2833333,5.5,458.5,1.14583333333333,8.94220283533261,31.9520174482007,31.6248636859324,63.576881134133,27.4809160305344,0.599781897491821,26.4521991930207,2.18253968253968,96.2566137301587
"AF0468","6","SE",88,208,150.5,358.5,112.5,11.11666667,96.13333333,29,559,"1",600,4.83333333333333,15.742397137746,37.2093023255814,26.9230769230769,64.1323792486583,20.1252236135957,1.9886702450805,17.1973762665474,9.88148148444444,85.4518518488889,60.5,138,167,305,100,10.05,86.71666667,18.5,465.5,3.85416666666667,12.9967776584318,29.6455424274973,35.875402792696,65.5209452201933,21.4822771213749,2.15896885069817,18.6287146444683,10.05,86.71666667
"AF0469","6","SE",66.5,287.5,78,365.5,120.5,11.16666667,108.7333333,34,552.5,"1",600,5.66666666666667,12.0361990950226,52.0361990950226,14.1176470588235,66.1538461538461,21.8099547511312,2.02111613936652,19.680241321267,9.26694329460581,90.2351313692946,25.5,190.5,121,311.5,132.5,5.1,126.7833333,9.5,469.5,1.97916666666667,5.43130990415335,40.5750798722045,25.7720979765708,66.3471778487753,28.2215122470714,1.08626198083067,27.00390485623,3.84905660377358,95.6855345660377
"AF0490","6","SE",98.5,187,104,291,140.5,8.366666667,130.2833333,25.5,530,"2",600,4.25,18.5849056603774,35.2830188679245,19.622641509434,54.9056603773585,26.5094339622642,1.57861635226415,24.581761,5.95492289466192,92.7283511032029,47.5,164.5,118,282.5,133,5.8,125.25,13,463,2.70833333333333,10.2591792656587,35.5291576673866,25.4859611231102,61.0151187904968,28.7257019438445,1.25269978401728,27.0518358531317,4.3609022556391,94.1729323308271
"AF0496","6","SE",NA,NA,NA,NA,NA,NA,NA,NA,NA,"1",600,NA,NA,NA,NA,NA,NA,NA,NA,NA,NA,55.5,207,87,294,98.5,29.06666667,67.23333333,19.5,448,4.0625,12.3883928571429,46.2053571428571,19.4196428571429,65.625,21.9866071428571,6.48809523883928,15.0074404754464,29.5093062639594,68.2571911979695
"AF0165","6","SR",20,83,162.5,245.5,93,16.41666667,74.25,6.5,358.5,"2",360,1.80555555555556,5.57880055788006,23.1520223152022,45.3277545327755,68.4797768479777,25.9414225941423,4.57926545885635,20.7112970711297,17.6523297526882,79.8387096774193,55,168.5,140.5,309,92,19.53333333,70.43333333,20.5,456,4.27083333333333,12.0614035087719,36.9517543859649,30.8114035087719,67.7631578947368,20.1754385964912,4.28362573026316,15.4459064320175,21.2318840543478,76.5579710108696
"AF0170","6","SR",30.5,102,95.5,197.5,120.5,5.983333333,111.95,11,348.5,"2",360,3.05555555555556,8.75179340028694,29.2682926829268,27.403156384505,56.6714490674319,34.5767575322812,1.71688187460545,32.1233859397418,4.96542185311203,92.9045643153527,56.5,192,86,278,124,8.9,112.7,4.5,458.5,0.9375,12.3227917121047,41.8756815703381,18.7568157033806,60.6324972737186,27.0447110141767,1.94111232279171,24.5801526717557,7.17741935483871,90.8870967741936
"AF0182","6","SR",27.5,115.5,108.5,224,93,20.8,70.16666667,9.5,344.5,"1",360,2.63888888888889,7.98258345428157,33.5268505079826,31.4949201741655,65.021770682148,26.9956458635704,6.0377358490566,20.3676826328012,22.3655913978495,75.4480286774194,48,218.5,77.5,296,128.5,28.3,95.76666667,7,472.5,1.45833333333333,10.1587301587302,46.2433862433862,16.4021164021164,62.6455026455026,27.1957671957672,5.98941798941799,20.2680776021164,22.0233463035019,74.526588848249
"AF0205","6","SR",NA,NA,NA,NA,NA,NA,NA,NA,NA,"2",360,NA,NA,NA,NA,NA,NA,NA,NA,NA,NA,NA,NA,NA,NA,NA,NA,NA,NA,NA,NA,NA,NA,NA,NA,NA,NA,NA,NA,NA
"AF0214","6","SR",16.5,88,175,263,78,4.6,72.8,5.5,357.5,"2",360,1.52777777777778,4.61538461538462,24.6153846153846,48.951048951049,73.5664335664336,21.8181818181818,1.28671328671329,20.3636363636364,5.8974358974359,93.3333333333333,21,171,177.5,348.5,83.5,7.666666667,75.46666667,28.5,453,5.9375,4.63576158940397,37.7483443708609,39.1832229580574,76.9315673289183,18.4326710816777,1.69242089779249,16.6593083156733,9.18163672694611,90.3792415209581
"AF0233","6","SR",54,146.5,78,224.5,71,1.483333333,66.96666667,8.5,349.5,"1",360,2.36111111111111,15.450643776824,41.9170243204578,22.3175965665236,64.2346208869814,20.3147353361946,0.42441583204578,19.1607057711016,2.08920187746479,94.3192488309859,87.5,194,92,286,95,6.25,85.5,2.5,468.5,0.520833333333333,18.6766275346852,41.4087513340448,19.6371398078975,61.0458911419424,20.2774813233725,1.33404482390608,18.2497331910352,6.57894736842105,90
"AF0250","6","SR",21.5,79,139,218,110,0.283333333,106.9333333,3.5,349.5,"2",360,0.972222222222222,6.1516452074392,22.6037195994278,39.7711015736767,62.3748211731044,31.4735336194564,0.0810681925608012,30.5960896423462,0.257575757272727,97.2121211818182,40.5,149,137,286,110.5,9.466666667,99.41666667,36,437,7.5,9.26773455377574,34.0961098398169,31.350114416476,65.4462242562929,25.2860411899314,2.1662852784897,22.7498093066362,8.56711915565611,89.9698340904977
"AF0256","6","SR",21,127,107,234,101,1.45,97.85,6.5,356,"1",360,1.80555555555556,5.89887640449438,35.6741573033708,30.0561797752809,65.7303370786517,28.3707865168539,0.407303370786517,27.4859550561798,1.43564356435644,96.8811881188119,31,161,113,274,168,0.283333333,162.5166667,12.5,473,2.60416666666667,6.553911205074,34.0380549682875,23.8900634249471,57.9281183932347,35.5179704016913,0.0599013389006343,34.3587033192389,0.168650793452381,96.7361111309524
"AF0280","6","SR",39,100,96,196,116,13.53333333,100.5,7,351,"1",360,1.94444444444444,11.1111111111111,28.4900284900285,27.3504273504274,55.8404558404558,33.048433048433,3.85565052136752,28.6324786324786,11.6666666637931,86.6379310344828,60,153.5,115.5,269,141,22.71666667,116.3666667,4.5,470,0.9375,12.7659574468085,32.6595744680851,24.5744680851064,57.2340425531915,30,4.83333333404255,24.7588652553191,16.1111111134752,82.5295508510638
"AF0286","6","SR",34,151.5,62.5,214,99,3.633333333,94.38333333,16,347,"1",360,4.44444444444444,9.79827089337176,43.6599423631124,18.0115273775216,61.671469740634,28.5302593659942,1.04707012478386,27.1998078760807,3.67003366969697,95.3367003333333,55.5,246.5,45.5,292,110,5.333333333,103.85,20.5,457.5,4.27083333333333,12.1311475409836,53.879781420765,9.94535519125683,63.8251366120219,24.0437158469945,1.16575591978142,22.6994535519126,4.84848484818182,94.4090909090909
"AF0288","6","SR",33.5,176,47,223,90,4.9,84.5,3,346.5,"2",360,0.833333333333333,9.66810966810967,50.7936507936508,13.5642135642136,64.3578643578644,25.974025974026,1.41414141414141,24.3867243867244,5.44444444444444,93.8888888888889,42,249.5,49.5,299,111.5,0.383333333,109.9666667,10,452.5,2.08333333333333,9.28176795580111,55.1381215469613,10.939226519337,66.0773480662983,24.6408839779006,0.0847145487292818,24.3020257900552,0.343796711210762,98.6248131838565
"AF0295","6","SR",31.5,142.5,60,202.5,120,8.933333333,109,7.5,354,"2",360,2.08333333333333,8.89830508474576,40.2542372881356,16.9491525423729,57.2033898305085,33.8983050847458,2.52354048954802,30.7909604519774,7.44444444416667,90.8333333333333,38,229,67.5,296.5,119,16.35,99.75,26.5,453.5,5.52083333333333,8.37927232635061,50.4961411245865,14.8842337375965,65.380374862183,26.2403528114664,3.60529217199559,21.9955898566703,13.7394957983193,83.8235294117647
"AF0307","6","SR",25,75.5,128,203.5,122,10.31666667,110.0166667,6.5,350.5,"2",360,1.80555555555556,7.13266761768902,21.5406562054208,36.5192582025678,58.0599144079886,34.8074179743224,2.94341417118402,31.388492639087,8.45628415573771,90.1775956557377,29.5,159,111,270,132,14.2,113.6833333,42,431.5,8.75,6.83661645422943,36.8482039397451,25.7242178447277,62.5724217844728,30.5909617612978,3.29084588644264,26.3460795596756,10.7575757575758,86.1237373484849
"AF0309","6","SR",27,122.5,111.5,234,91,12.63333333,73.31666667,4.5,352,"2",360,1.25,7.67045454545455,34.8011363636364,31.6761363636364,66.4772727272727,25.8522727272727,3.58901515056818,20.8285984857955,13.8827838791209,80.5677655714286,41,160.5,104.5,265,116,24.11666667,86.66666667,8,422,1.66666666666667,9.71563981042654,38.0331753554502,24.7630331753554,62.7962085308057,27.4881516587678,5.71484992180095,20.5371248033175,20.790229887931,74.7126436810345
"AF0314","6","SR",15,93.5,151.5,245,83.5,9.116666667,73.71666667,10.5,343.5,"1",360,2.91666666666667,4.36681222707424,27.2197962154294,44.1048034934498,71.3245997088792,24.3085880640466,2.65405143144105,21.4604560902475,10.9181636730539,88.2834331377245,21,116,176,292,137.5,22.98333333,112.8833333,15.5,450.5,3.22916666666667,4.661487236404,25.7491675915649,39.0677025527192,64.8168701442841,30.5216426193119,5.10173880799112,25.0573436847947,16.7151515127273,82.0969696727273
"AF0318","6","SR",51.5,148,64.5,212.5,78,6.65,70.41666667,16,342,"2",360,4.44444444444444,15.0584795321637,43.2748538011696,18.859649122807,62.1345029239766,22.8070175438596,1.94444444444444,20.5896686169591,8.52564102564103,90.2777777820513,76,194.5,70,264.5,114.5,9.216666667,103.3166667,16.5,455,3.4375,16.7032967032967,42.7472527472527,15.3846153846154,58.1318681318681,25.1648351648352,2.02564102571429,22.7069597142857,8.04949053886463,90.2328966812227
"AF0320","6","SR",25,117,74.5,191.5,97.5,11.21666667,85.16666667,43.5,314,"1",360,12.0833333333333,7.96178343949045,37.2611464968153,23.7261146496815,60.9872611464968,31.0509554140127,3.57218683757962,27.1231422515924,11.5042735076923,87.3504273538461,53,139,96.5,235.5,99.5,16.95,81.31666667,94.5,388,19.6875,13.659793814433,35.8247422680412,24.8711340206186,60.6958762886598,25.6443298969072,4.36855670103093,20.9579037809278,17.035175879397,81.7252931356784
"AF0336","6","SR",35.5,121,107,228,89.5,6.55,81.15,5.5,353,"2",360,1.52777777777778,10.056657223796,34.2776203966006,30.3116147308782,64.5892351274787,25.3541076487252,1.85552407932011,22.9886685552408,7.31843575418994,90.6703910614525,44,175,99,274,107.5,10.45,95.33333333,35.5,425.5,7.39583333333333,10.3407755581669,41.1280846063455,23.2667450058754,64.3948296122209,25.2643948296122,2.45593419506463,22.4050137085781,9.72093023255814,88.6821705395349
"AF0355","6","SR",29,103,96,199,68.5,3.4,64.18333333,25,296.5,"1",360,6.94444444444444,9.78077571669477,34.7386172006745,32.3777403035413,67.1163575042159,23.1028667790894,1.14671163575042,21.6469926913997,4.96350364963504,93.6982968321168,18,155,124,279,142,10.65,128.0166667,19.5,439,4.0625,4.1002277904328,35.3075170842825,28.246013667426,63.5535307517084,32.3462414578588,2.42596810933941,29.1609719134396,7.5,90.1525821830986
"AF0361","6","SR",35.5,134.5,65,199.5,108.5,11,96.66666667,11.5,343.5,"1",360,3.19444444444444,10.334788937409,39.155749636099,18.9228529839884,58.0786026200873,31.5866084425036,3.20232896652111,28.141678797671,10.1382488479263,89.093702,47,216.5,79.5,296,107,18.93333333,87.11666667,22,450,4.58333333333333,10.4444444444444,48.1111111111111,17.6666666666667,65.7777777777778,23.7777777777778,4.20740740666667,19.35925926,17.694704046729,81.4174454859813
"AF0378","6","SR",23,142.5,99.5,242,81,4.35,73.38333333,7.5,346,"1",360,2.08333333333333,6.64739884393064,41.1849710982659,28.757225433526,69.9421965317919,23.4104046242775,1.25722543352601,21.2090558757225,5.37037037037037,90.5967078148148,64,141,114.5,255.5,127,5.9,113.1166667,39,446.5,8.125,14.3337066069429,31.5789473684211,25.6438969764838,57.2228443449048,28.4434490481523,1.32138857782755,25.3340798880179,4.64566929133858,89.068241496063
"AF0386","6","SR",29.5,112,101,213,89.5,5.866666667,82.43333333,11.5,332,"1",360,3.19444444444444,8.8855421686747,33.7349397590361,30.421686746988,64.1566265060241,26.9578313253012,1.76706827319277,24.8293172680723,6.55493482346369,92.1042830502793,47,170.5,126,296.5,99,3.383333333,93.91666667,35.5,442.5,7.39583333333333,10.6214689265537,38.5310734463277,28.4745762711864,67.0056497175141,22.3728813559322,0.764595103502825,21.2241054621469,3.41750841717172,94.8653198686869
"AF0388","6","SR",25,112,83,195,73,9.983333333,59.63333333,1,293,"1",360,0.277777777777778,8.53242320819113,38.2252559726962,28.3276450511945,66.5529010238908,24.9146757679181,3.40728100102389,20.3526734914676,13.6757990863014,81.6894977123288,33,118.5,102,220.5,102.5,6.983333333,88.8,4.5,356,0.9375,9.26966292134832,33.2865168539326,28.6516853932584,61.938202247191,28.7921348314607,1.96161048679775,24.9438202247191,6.8130081297561,86.6341463414634
"AF0399","6","SR",47.5,122.5,58.5,181,109,16.21666667,91.8,19.5,337.5,"1",360,5.41666666666667,14.0740740740741,36.2962962962963,17.3333333333333,53.6296296296296,32.2962962962963,4.80493827259259,27.2,14.8776758440367,84.2201834862385,36.5,199.5,66.5,266,134.5,19.66666667,110.9166667,25.5,437,5.3125,8.35240274599542,45.6521739130435,15.2173913043478,60.8695652173913,30.7780320366133,4.50038138901602,25.3813882608696,14.6220570037175,82.465923197026
"AF0406","6","SR",15.5,109.5,145,254.5,87.5,6.033333333,79.53333333,0,357.5,"2",360,0,4.33566433566433,30.6293706293706,40.5594405594406,71.1888111888112,24.4755244755245,1.68764568755245,22.2470862461538,6.89523809485714,90.8952380914286,68,146.5,123,269.5,89,6.916666667,79.53333333,51,426.5,10.625,15.9437280187573,34.3493552168816,28.8393903868699,63.1887456037515,20.8675263774912,1.62172723728019,18.6479093388042,7.77153558089888,89.3632958764045
"AF409","6","SR",12,123,127,250,95.5,7.966666667,83.78333333,1,357.5,"2",360,0.277777777777778,3.35664335664336,34.4055944055944,35.5244755244755,69.9300699300699,26.7132867132867,2.22843822853147,23.435897434965,8.34205933717277,87.7312390890052,11.5,105.5,124.5,230,114.5,4.166666667,104.5166667,1,356,0.208333333333333,3.23033707865169,29.6348314606742,34.9719101123596,64.6067415730337,32.1629213483146,1.17041198511236,29.358614241573,3.63901018951965,91.2809316157205
"AF0411","6","SR",17.5,117.5,131,248.5,85.5,3.933333333,79.58333333,0.5,351.5,"2",360,0.138888888888889,4.97866287339972,33.4281650071124,37.2688477951636,70.697012802276,24.3243243243243,1.11901375049787,22.641062113798,4.6003898631579,93.0799220233918,31,194.5,146,340.5,106.5,8.9,96.6,9,478,1.875,6.48535564853557,40.6903765690377,30.5439330543933,71.234309623431,22.2803347280335,1.86192468619247,20.2092050209205,8.35680751173709,90.7042253521127
"AF0421","6","SR",35.5,88,123.5,211.5,101.5,6.95,91.58333333,2,348.5,"2",360,0.555555555555556,10.1865136298422,25.2510760401722,35.4375896700143,60.6886657101865,29.1248206599713,1.99426111908178,26.2792922037303,6.84729064039409,90.2298850541872,42.5,161.5,117.5,279,145.5,14.91666667,126.7,14,467,2.91666666666667,9.10064239828694,34.5824411134904,25.1605995717345,59.7430406852248,31.1563169164882,3.1941470385439,27.1306209850107,10.2520045841924,87.0790378006873
"AF0431","6","SR",22,103.5,111.5,215,120.5,8.066666667,111.0833333,0.5,357.5,"2",360,0.138888888888889,6.15384615384615,28.951048951049,31.1888111888112,60.1398601398601,33.7062937062937,2.2564102565035,31.0722610629371,6.69432918423236,92.1853388381743,47.5,169.5,119,288.5,142,4.9,134.65,1.5,478,0.3125,9.93723849372385,35.4602510460251,24.8953974895398,60.3556485355649,29.7071129707113,1.02510460251046,28.1694560669456,3.45070422535211,94.8239436619718
"AF0438","6","SR",26.5,146,72,218,104,8.583333333,94.7,3.5,348.5,"2",360,0.972222222222222,7.60401721664275,41.8938307030129,20.6599713055954,62.5538020086083,29.8421807747489,2.46293639397418,27.1736011477762,8.25320512788462,91.0576923076923,29.5,194.5,102.5,297,146,9.9,134.4666667,12.5,472.5,2.60416666666667,6.24338624338624,41.1640211640212,21.6931216931217,62.8571428571429,30.8994708994709,2.0952380952381,28.4585537989418,6.78082191780822,92.1004566438356
"AF0465","6","SR",23,121,113.5,234.5,94,3.016666667,86.63333333,1,351.5,"1",360,0.277777777777778,6.54338549075391,34.4238975817923,32.2901849217639,66.7140825035562,26.7425320056899,0.858226647795164,24.6467520142248,3.20921985851064,92.1631205638298,30.5,179,117,296,143,14.18333333,126.8333333,2,469.5,0.416666666666667,6.49627263045794,38.1256656017039,24.9201277955272,63.0457933972311,30.457933972311,3.02094426624068,27.0145544834931,9.91841491608392,88.6946386713287
"AF0467","6","SR",42,140.5,119,259.5,57,0.483333333,55.55,0.5,358.5,"1",360,0.138888888888889,11.7154811715481,39.1910739191074,33.1938633193863,72.3849372384937,15.8995815899582,0.134821013389121,15.4951185495119,0.847953215789474,97.4561403508772,51.5,150.5,140,290.5,137.5,2.5,133.2833333,0.5,479.5,0.104166666666667,10.740354535975,31.3868613138686,29.1970802919708,60.5839416058394,28.6757038581856,0.521376433785193,27.7963155995829,1.81818181818182,96.9333333090909
"AF0468","6","SR",49,68,148.5,216.5,86,5.516666667,78.36666667,8,351.5,"1",360,2.22222222222222,13.9402560455192,19.3456614509246,42.2475106685633,61.5931721194879,24.4665718349929,1.56946420113798,22.2949265064011,6.41472868255814,91.1240310116279,64.5,161.5,136,297.5,94,7.433333333,83.53333333,23,456,4.79166666666667,14.1447368421053,35.4166666666667,29.8245614035088,65.2412280701754,20.6140350877193,1.63011695899123,18.3187134495614,7.90780141808511,88.8652482234043
"AF0469","6","SR",52,111.5,128.5,240,60,1.95,57.76666667,0.5,352,"1",360,0.138888888888889,14.7727272727273,31.6761363636364,36.5056818181818,68.1818181818182,17.0454545454545,0.553977272727273,16.4109848494318,3.25,96.2777777833333,24.5,168,145,313,133.5,8.316666667,119.7166667,7.5,471,1.5625,5.20169851380042,35.6687898089172,30.7855626326964,66.4543524416136,28.343949044586,1.76574663842887,25.4175513163482,6.22971285917603,89.6754057677903
"AF0490","6","SR",27,75.5,113.5,189,139.5,1.5,136.2333333,4.5,355.5,"2",360,1.25,7.59493670886076,21.2376933895921,31.9268635724332,53.1645569620253,39.2405063291139,0.421940928270042,38.321612742616,1.0752688172043,97.6583034408602,59.5,104,140.5,244.5,153,3.4,147.7666667,15,457,3.125,13.019693654267,22.7571115973742,30.7439824945295,53.5010940919037,33.4792122538293,0.74398249452954,32.3340627352298,2.22222222222222,96.5795207189542
"AF0496","6","SR",30,117,105.5,222.5,87.5,11.83333333,73.48333333,5,340,"1",360,1.38888888888889,8.82352941176471,34.4117647058824,31.0294117647059,65.4411764705882,25.7352941176471,3.48039215588235,21.6127450970588,13.52380952,83.9809523771428,43.5,190,115,305,96,24.68333333,68.91666667,37,444.5,7.70833333333333,9.78627671541057,42.7446569178853,25.8717660292463,68.6164229471316,21.5973003374578,5.55305586726659,15.5043119617548,25.7118055520833,71.7881944479167
"AF0165","7","SE",NA,NA,NA,NA,NA,NA,NA,NA,NA,"2",600,NA,NA,NA,NA,NA,NA,NA,NA,NA,NA,43.5,165,149,314,98,21.78333333,74.63333333,10,455.5,2.08333333333333,9.54994511525796,36.2239297475302,32.7113062568606,68.9352360043908,21.5148188803513,4.78229052250274,16.3849249901207,22.2278911530612,76.1564625816327
"AF0170","7","SE",74.5,216.5,86,302.5,148,9.233333333,136.1833333,23.5,525,"2",600,3.91666666666667,14.1904761904762,41.2380952380952,16.3809523809524,57.6190476190476,28.1904761904762,1.75873015866667,25.9396825333333,6.23873873851351,92.0157657432432,38.5,189,92.5,281.5,142.5,5.516666667,133.8666667,11,462.5,2.29166666666667,8.32432432432432,40.8648648648649,20,60.8648648648649,30.8108108108108,1.19279279286486,28.9441441513514,3.87134502947368,93.9415204912281
"AF0182","7","SE",73,275,67.5,342.5,137,28.58333333,104.8833333,131,552.5,"1",600,21.8333333333333,13.2126696832579,49.7737556561086,12.2171945701357,61.9909502262443,24.7963800904977,5.17345399638009,18.9834087420814,20.8637469562044,76.5571775912409,45.5,198,91.5,289.5,132.5,24.46666667,104.15,6.5,467.5,1.35416666666667,9.73262032085561,42.3529411764706,19.572192513369,61.9251336898396,28.3422459893048,5.23351158716578,22.2780748663102,18.4654088075472,78.6037735849057
"AF0205","7","SE",78,217.5,70.5,288,113,2.916666667,109.1166667,106,479,"2",600,17.6666666666667,16.2839248434238,45.4070981210856,14.7181628392484,60.125260960334,23.5908141962422,0.608907446137787,22.7800974321503,2.58112094424779,96.5634218584071,NA,NA,NA,NA,NA,NA,NA,NA,NA,NA,NA,NA,NA,NA,NA,NA,NA,NA,NA
"AF0214","7","SE",60.5,249,133,382,87.5,9.233333333,77.13333333,61.5,530,"2",600,10.25,11.4150943396226,46.9811320754717,25.0943396226415,72.0754716981132,16.5094339622642,1.74213836471698,14.5534591188679,10.552380952,88.1523809485714,29,134.5,220,354.5,78.5,5.316666667,71.91666667,18.5,462,3.85416666666667,6.27705627705628,29.1125541125541,47.6190476190476,76.7316017316017,16.991341991342,1.1507936508658,15.5663780670996,6.77282377961783,91.6135881146497
"AF0233","7","SE",97,219.5,74.5,294,123,6.933333333,113.35,25,514,"1",600,4.16666666666667,18.8715953307393,42.704280155642,14.4941634241245,57.1984435797665,23.9299610894942,1.34889753560311,22.0525291828794,5.63685636829268,92.1544715447154,68.5,190,73,263,132.5,1.533333333,127.8666667,9,464,1.875,14.7629310344828,40.948275862069,15.7327586206897,56.6810344827586,28.5560344827586,0.330459770043103,27.5574712715517,1.15723270415094,96.5031446792453
"AF0250","7","SE",47.5,204,111,315,162.5,26.21666667,133.6,10,525,"2",600,1.66666666666667,9.04761904761905,38.8571428571429,21.1428571428571,60,30.952380952381,4.99365079428571,25.447619047619,16.1333333353846,82.2153846153846,37.5,185,105.5,290.5,126.5,14.56666667,110.3833333,4,454.5,0.833333333333333,8.25082508250825,40.7040704070407,23.2123212321232,63.9163916391639,27.8327832783278,3.20498716611661,24.2867620022002,11.5151515177866,87.2595520158103
"AF0256","7","SE",63.5,246,96.5,342.5,161,8.05,149.7,31.5,567,"1",600,5.25,11.1992945326279,43.3862433862434,17.0194003527337,60.4056437389771,28.3950617283951,1.41975308641975,26.4021164021164,5,92.9813664596273,47.5,194,80,274,139.5,4.25,132.1166667,27,461,5.625,10.3036876355748,42.0824295010846,17.353579175705,59.4360086767896,30.2603036876356,0.921908893709327,28.6587129501085,3.04659498207885,94.7072879569892
"AF0280","7","SE",93.5,206,98,304,157,24.83333333,128.6166667,16,554.5,"1",600,2.66666666666667,16.8620378719567,37.1505861136159,17.6735798016231,54.824165915239,28.3137962128043,4.47850916681695,23.1950706402164,15.8174097643312,81.9214437579618,46,189,95,284,127,13.58333333,111.45,12,457,2.5,10.0656455142232,41.3566739606127,20.7877461706783,62.144420131291,27.7899343544858,2.97228300437637,24.3873085339168,10.6955380551181,87.755905511811
"AF0286","7","SE",58,196,31.5,227.5,87,4.3,82,183,372.5,"1",600,30.5,15.5704697986577,52.6174496644295,8.45637583892617,61.0738255033557,23.3557046979866,1.15436241610738,22.0134228187919,4.94252873563218,94.2528735632184,51,251,33.5,284.5,127.5,5.716666667,121,12.5,463,2.60416666666667,11.0151187904968,54.2116630669546,7.2354211663067,61.4470842332613,27.5377969762419,1.23470122397408,26.133909287257,4.48366013098039,94.9019607843137
"AF0288","7","SE",74,261,59,320,152,7.383333333,143.7666667,5,546,"2",600,0.833333333333333,13.5531135531136,47.8021978021978,10.8058608058608,58.6080586080586,27.8388278388278,1.3522588521978,26.3308913369963,4.85745614013158,94.5833333552632,46,206.5,47,253.5,137.5,8.8,127.5666667,3,437,0.625,10.5263157894737,47.254004576659,10.7551487414188,58.0091533180778,31.4645308924485,2.0137299771167,29.1914569107551,6.4,92.7757576
"AF0295","7","SE",78,235.5,36.5,272,133.5,20.08333333,110.3,56.5,483.5,"2",600,9.41666666666667,16.1323681489142,48.7073422957601,7.54912099276112,56.2564632885212,27.6111685625646,4.15374008893485,22.8128231644261,15.0436953782772,82.6217228464419,54.5,226,37.5,263.5,141,14.23333333,124.7666667,23,459,4.79166666666667,11.8736383442266,49.2374727668845,8.16993464052288,57.4074074074074,30.718954248366,3.10094408061002,27.1822803267974,10.0945626453901,88.4869976595745
"AF0307","7","SE",45,190.5,121.5,312,136,15.28333333,119.1166667,84,493,"2",600,14,9.12778904665314,38.6409736308316,24.6450304259635,63.2860040567951,27.5862068965517,3.10006761257607,24.1615956795132,11.2377450955882,87.5857843382353,34,159.5,127,286.5,141,18.35,121,11,461.5,2.29166666666667,7.36728060671723,34.5612134344529,27.5189599133261,62.080173347779,30.5525460455038,3.97616468039003,26.2188515709642,13.0141843971631,85.8156028368794
"AF0309","7","SE",48,194,113,307,158.5,34.46666667,115.5333333,26.5,513.5,"2",600,4.41666666666667,9.34761441090555,37.7799415774099,22.0058422590068,59.7857838364167,30.8666017526777,6.71210645959104,22.4991885686465,21.745531022082,72.8916929337539,37,149.5,106.5,256,137,20.75,110.55,41,430,8.54166666666667,8.6046511627907,34.7674418604651,24.7674418604651,59.5348837209302,31.8604651162791,4.82558139534884,25.7093023255814,15.1459854014599,80.6934306569343
"AF0314","7","SE",33,167.5,156,323.5,106.5,20.03333333,85.35,68,463,"1",600,11.3333333333333,7.12742980561555,36.1771058315335,33.6933045356371,69.8704103671706,23.0021598272138,4.32685385097192,18.4341252699784,18.8106416244131,80.1408450704225,23,151.5,162,313.5,119,17.78333333,96.9,19.5,455.5,4.0625,5.04939626783754,33.2601536772777,35.5653128430296,68.8254665203074,26.1251372118551,3.90413464983535,21.2733260153677,14.9439775882353,81.4285714285714
"AF0318","7","SE",117.5,190.5,53,243.5,87,10.01666667,75.8,116.5,448,"2",600,19.4166666666667,26.2276785714286,42.5223214285714,11.8303571428571,54.3526785714286,19.4196428571429,2.23586309598214,16.9196428571429,11.5134099655172,87.1264367816092,69,186,66,252,110,12.76666667,95.98333333,43,431,8.95833333333333,16.0092807424594,43.1554524361949,15.3132250580046,58.4686774941995,25.5220417633411,2.96210363573086,22.2699149257541,11.6060606090909,87.2575757545454
"AF0320","7","SE",48.5,148,83,231,135.5,23.93333333,108.3333333,124.5,415,"1",600,20.75,11.6867469879518,35.6626506024096,20,55.6626506024096,32.6506024096386,5.76706827228916,26.1044176626506,17.6629766273063,79.9507994833948,45,197,68.5,265.5,139.5,19.7,115.5,29,450,6.04166666666667,10,43.7777777777778,15.2222222222222,59,31,4.37777777777778,25.6666666666667,14.1218637992832,82.7956989247312
"AF0336","7","SE",83,223.5,76,299.5,150,13.85,132.6833333,23,532.5,"2",600,3.83333333333333,15.5868544600939,41.9718309859155,14.2723004694836,56.2441314553991,28.169014084507,2.60093896713615,24.9170578967136,9.23333333333333,88.4555555333333,41,215.5,78.5,294,102.5,9.716666667,91.33333333,27,437.5,5.625,9.37142857142857,49.2571428571429,17.9428571428571,67.2,23.4285714285714,2.22095238102857,20.8761904754286,9.47967479707317,89.1056910536585
"AF0355","7","SE",36,235.5,87,322.5,117,15.76666667,99.36666667,2.5,475.5,"1",600,0.416666666666667,7.57097791798107,49.5268138801262,18.2965299684543,67.8233438485804,24.6056782334385,3.31580792218717,20.8973010872766,13.4757834786325,84.9287749316239,30.5,161,133,294,135,5.966666667,81.3,2.5,459.5,0.520833333333333,6.63764961915125,35.038084874864,28.9445048966268,63.9825897714908,29.379760609358,1.29851287638738,17.6931447225245,4.41975308666667,60.2222222222222
"AF0361","7","SE",77.5,245.5,80.5,326,144,26.61666667,115.3333333,240.5,547.5,"1",600,40.0833333333333,14.1552511415525,44.8401826484018,14.703196347032,59.5433789954338,26.3013698630137,4.86149162922374,21.0654490045662,18.4837962986111,80.0925925694444,110,168.5,59,227.5,80,8.883333333,69.8,45.5,417.5,9.47916666666667,26.3473053892216,40.3592814371258,14.1317365269461,54.4910179640719,19.1616766467066,2.1277445108982,16.7185628742515,11.10416666625,87.25
"AF0378","7","SE",76,205,96.5,301.5,130.5,9.783333333,117.75,59,508,"1",600,9.83333333333333,14.9606299212598,40.3543307086614,18.996062992126,59.3503937007874,25.6889763779528,1.92585301830709,23.1791338582677,7.49680715172414,90.2298850574713,100.5,133.5,101,234.5,89,6.366666667,79.58333333,44,424,9.16666666666667,23.7028301886792,31.4858490566038,23.8207547169811,55.3066037735849,20.9905660377358,1.50157232712264,18.7696540872642,7.15355805280899,89.4194756516854
"AF0386","7","SE",87.5,164,101.5,265.5,123,7.233333333,114.3666667,77.5,476,"1",600,12.9166666666667,18.3823529411765,34.453781512605,21.3235294117647,55.7773109243698,25.8403361344538,1.51960784306723,24.0266106512605,5.88075880731707,92.9810298373984,61.5,155.5,103,258.5,51,1.9,48.23333333,103.5,371,21.5625,16.5768194070081,41.9137466307278,27.7628032345013,69.6765498652291,13.7466307277628,0.512129380053908,13.0008984716981,3.72549019607843,94.5751633921569
"AF0388","7","SE",62.5,169,90,259,142.5,20.1,115.2,337,464,"1",600,56.1666666666667,13.4698275862069,36.4224137931034,19.3965517241379,55.8189655172414,30.7112068965517,4.33189655172414,24.8275862068966,14.1052631578947,80.8421052631579,57.5,171,121.5,292.5,99.5,12.51666667,84.05,23,449.5,4.79166666666667,12.7919911012236,38.0422691879866,27.0300333704116,65.0723025583982,22.1357063403782,2.78457545494994,18.698553948832,12.5795644924623,84.4723618090452
"AF0399","7","SE",77.5,226,60,286,132.5,19.05,107.8666667,14.5,496,"1",600,2.41666666666667,15.625,45.5645161290323,12.0967741935484,57.6612903225806,26.7137096774194,3.84072580645161,21.7473118346774,14.377358490566,81.4088050566038,89.5,209.5,44,253.5,85.5,9.35,75.18333333,34.5,428.5,7.1875,20.8868144690782,48.8914819136523,10.2683780630105,59.1598599766628,19.953325554259,2.18203033838973,17.5457020606768,10.9356725146199,87.9337231929825
"AF0406","7","SE",NA,NA,NA,NA,NA,NA,NA,NA,NA,"2",600,NA,NA,NA,NA,NA,NA,NA,NA,NA,NA,31.5,170,105,275,117,16.16666667,96.93333333,16,423.5,3.33333333333333,7.43801652892562,40.1416765053129,24.7933884297521,64.9350649350649,27.6269185360094,3.81739472727273,22.8886265242031,13.8176638205128,82.8490028461538
"AF409","7","SE",NA,NA,NA,NA,NA,NA,NA,NA,NA,"2",600,NA,NA,NA,NA,NA,NA,NA,NA,NA,NA,18,221.5,115.5,337,115.5,11.25,98.96666667,7.5,470.5,1.5625,3.82571732199788,47.0775770456961,24.548352816153,71.6259298618491,24.548352816153,2.39107332624867,21.0343606099894,9.74025974025974,85.6854256883117
"AF0411","7","SE",41.5,237,141,378,155.5,11.68333333,141.0833333,2,575,"2",600,0.333333333333333,7.21739130434783,41.2173913043478,24.5217391304348,65.7391304347826,27.0434782608696,2.0318840573913,24.5362318782609,7.51339763987138,90.7288317041801,33,175,148,323,117.5,5.7,109.55,9,473.5,1.875,6.96937697993664,36.9588173178458,31.2565997888068,68.2154171066526,24.8152059134108,1.20380147835269,23.1362196409715,4.85106382978723,93.2340425531915
"AF0421","7","SE",70,265.5,72.5,338,118.5,18.91666667,97.56666667,41,526.5,"2",600,6.83333333333333,13.29534662868,50.4273504273504,13.7701804368471,64.1975308641975,22.5071225071225,3.59290914909782,18.5311807540361,15.9634317890295,82.3347398059072,44.5,173.5,121.5,295,132.5,12.1,116.7666667,11.5,472,2.39583333333333,9.42796610169492,36.7584745762712,25.7415254237288,62.5,28.0720338983051,2.5635593220339,24.7387005720339,9.13207547169811,88.1257861886792
"AF0431","7","SE",86.5,202.5,109.5,312,151,15.15,131.65,28,549.5,"2",600,4.66666666666667,15.7415832575068,36.8516833484986,19.9272065514104,56.778889899909,27.4795268425842,2.75705186533212,23.958143767061,10.0331125827815,87.1854304635762,54.5,152,126,278,142.5,9.283333333,129.2,7.5,475,1.5625,11.4736842105263,32,26.5263157894737,58.5263157894737,30,1.95438596484211,27.2,6.51461988280702,90.6666666666667
"AF0438","7","SE",NA,NA,NA,NA,NA,NA,NA,NA,NA,"2",600,NA,NA,NA,NA,NA,NA,NA,NA,NA,NA,36,178.5,94.5,273,168.5,12.21666667,155.5333333,4,477.5,0.833333333333333,7.53926701570681,37.3821989528796,19.7905759162304,57.1727748691099,35.2879581151832,2.55846422408377,32.5724258219895,7.25024728189911,92.30464884273
"AF0465","7","SE",54.5,302,91,393,141,24.61666667,114.8666667,0.5,588.5,"1",600,0.0833333333333333,9.26083262531861,51.3169073916738,15.4630416312659,66.7799490229397,23.9592183517417,4.18295100594732,19.5185499915038,17.4586288439716,81.4657210638298,39.5,181.5,87,268.5,171,17.53333333,152.15,1.5,479,0.3125,8.24634655532359,37.8914405010438,18.1628392484342,56.0542797494781,35.6993736951983,3.66040361795407,31.7640918580376,10.2534113040936,88.9766081871345
"AF0467","7","SE",52,203.5,141.5,345,157.5,1,152.5,1.5,554.5,"1",600,0.25,9.37781785392245,36.6997294860234,25.5184851217313,62.2182146077547,28.4039675383228,0.18034265103697,27.502254283138,0.634920634920635,96.8253968253968,41,146.5,145,291.5,126,2.75,121.2833333,5.5,458.5,1.14583333333333,8.94220283533261,31.9520174482007,31.6248636859324,63.576881134133,27.4809160305344,0.599781897491821,26.4521991930207,2.18253968253968,96.2566137301587
"AF0468","7","SE",80,218,122,340,127.5,13.13333333,111.1333333,41,547.5,"1",600,6.83333333333333,14.6118721461187,39.8173515981735,22.2831050228311,62.1004566210046,23.2876712328767,2.398782343379,20.298325716895,10.3006535921569,87.1633986666667,60.5,138,167,305,100,10.05,86.71666667,18.5,465.5,3.85416666666667,12.9967776584318,29.6455424274973,35.875402792696,65.5209452201933,21.4822771213749,2.15896885069817,18.6287146444683,10.05,86.71666667
"AF0469","7","SE",71.5,285.5,97.5,383,106,20.5,84.51666667,20,560.5,"1",600,3.33333333333333,12.7564674397859,50.9366636931311,17.3951828724353,68.3318465655665,18.9116859946476,3.65744870651204,15.0787986922391,19.3396226415094,79.7327044056604,25.5,190.5,121,311.5,132.5,5.1,126.7833333,9.5,469.5,1.97916666666667,5.43130990415335,40.5750798722045,25.7720979765708,66.3471778487753,28.2215122470714,1.08626198083067,27.00390485623,3.84905660377358,95.6855345660377
"AF0490","7","SE",87.5,150.5,112.5,263,124.5,6.4,116.3666667,28.5,475,"2",600,4.75,18.4210526315789,31.6842105263158,23.6842105263158,55.3684210526316,26.2105263157895,1.34736842105263,24.4982456210526,5.14056224899598,93.4672021686747,47.5,164.5,118,282.5,133,5.8,125.25,13,463,2.70833333333333,10.2591792656587,35.5291576673866,25.4859611231102,61.0151187904968,28.7257019438445,1.25269978401728,27.0518358531317,4.3609022556391,94.1729323308271
"AF0496","7","SE",58.5,201,91.5,292.5,108,26.15,79.56666667,30,459,"1",600,5,12.7450980392157,43.7908496732026,19.9346405228758,63.7254901960784,23.5294117647059,5.69716775599128,17.3347857668845,24.212962962963,73.6728395092593,55.5,207,87,294,98.5,29.06666667,67.23333333,19.5,448,4.0625,12.3883928571429,46.2053571428571,19.4196428571429,65.625,21.9866071428571,6.48809523883928,15.0074404754464,29.5093062639594,68.2571911979695
"AF0165","7","SR",22,88,155,243,91.5,20.38333333,68.53333333,3.5,356.5,"2",360,0.972222222222222,6.1711079943899,24.6844319775596,43.4782608695652,68.1626928471248,25.6661991584853,5.71762505750351,19.2239364179523,22.2768670273224,74.8998178469945,55,168.5,140.5,309,92,19.53333333,70.43333333,20.5,456,4.27083333333333,12.0614035087719,36.9517543859649,30.8114035087719,67.7631578947368,20.1754385964912,4.28362573026316,15.4459064320175,21.2318840543478,76.5579710108696
"AF0170","7","SR",18,121,84.5,205.5,124.5,5.783333333,115.75,5,348,"2",360,1.38888888888889,5.17241379310345,34.7701149425287,24.2816091954023,59.051724137931,35.7758620689655,1.66187739454023,33.2614942528736,4.64524765702811,92.9718875502008,56.5,192,86,278,124,8.9,112.7,4.5,458.5,0.9375,12.3227917121047,41.8756815703381,18.7568157033806,60.6324972737186,27.0447110141767,1.94111232279171,24.5801526717557,7.17741935483871,90.8870967741936
"AF0182","7","SR",33.5,91.5,116,207.5,109,3.55,95.86666667,8.5,350,"1",360,2.36111111111111,9.57142857142857,26.1428571428571,33.1428571428571,59.2857142857143,31.1428571428571,1.01428571428571,27.3904761914286,3.25688073394495,87.9510703394495,48,218.5,77.5,296,128.5,28.3,95.76666667,7,472.5,1.45833333333333,10.1587301587302,46.2433862433862,16.4021164021164,62.6455026455026,27.1957671957672,5.98941798941799,20.2680776021164,22.0233463035019,74.526588848249
"AF0205","7","SR",NA,NA,NA,NA,NA,NA,NA,NA,NA,"2",360,NA,NA,NA,NA,NA,NA,NA,NA,NA,NA,NA,NA,NA,NA,NA,NA,NA,NA,NA,NA,NA,NA,NA,NA,NA,NA,NA,NA,NA
"AF0214","7","SR",17,88,165.5,253.5,72,4.716666667,66.86666667,15,342.5,"2",360,4.16666666666667,4.96350364963504,25.6934306569343,48.3211678832117,74.014598540146,21.021897810219,1.37712895386861,19.5231143562044,6.55092592638889,92.870370375,21,171,177.5,348.5,83.5,7.666666667,75.46666667,28.5,453,5.9375,4.63576158940397,37.7483443708609,39.1832229580574,76.9315673289183,18.4326710816777,1.69242089779249,16.6593083156733,9.18163672694611,90.3792415209581
"AF0233","7","SR",52,117.5,106,223.5,79.5,3.383333333,73.35,3.5,355,"1",360,0.972222222222222,14.6478873239437,33.0985915492958,29.8591549295775,62.9577464788732,22.3943661971831,0.953051643098591,20.6619718309859,4.25576519874214,92.2641509433962,87.5,194,92,286,95,6.25,85.5,2.5,468.5,0.520833333333333,18.6766275346852,41.4087513340448,19.6371398078975,61.0458911419424,20.2774813233725,1.33404482390608,18.2497331910352,6.57894736842105,90
"AF0250","7","SR",18,106,131,237,89,6.633333333,81.45,2.5,344,"2",360,0.694444444444444,5.23255813953488,30.8139534883721,38.0813953488372,68.8953488372093,25.8720930232558,1.92829457354651,23.6773255813954,7.45318352022472,91.5168539325843,40.5,149,137,286,110.5,9.466666667,99.41666667,36,437,7.5,9.26773455377574,34.0961098398169,31.350114416476,65.4462242562929,25.2860411899314,2.1662852784897,22.7498093066362,8.56711915565611,89.9698340904977
"AF0256","7","SR",24.5,122.5,82,204.5,121,2.283333333,114.9666667,34.5,350,"1",360,9.58333333333333,7,35,23.4285714285714,58.4285714285714,34.5714285714286,0.652380952285714,32.8476190571429,1.88705234132231,95.0137741322314,31,161,113,274,168,0.283333333,162.5166667,12.5,473,2.60416666666667,6.553911205074,34.0380549682875,23.8900634249471,57.9281183932347,35.5179704016913,0.0599013389006343,34.3587033192389,0.168650793452381,96.7361111309524
"AF0280","7","SR",26,109,121,230,96.5,8.733333333,86.25,7,352.5,"1",360,1.94444444444444,7.3758865248227,30.9219858156028,34.3262411347518,65.2482269503546,27.3758865248227,2.47754137106383,24.468085106383,9.05008635544041,89.3782383419689,60,153.5,115.5,269,141,22.71666667,116.3666667,4.5,470,0.9375,12.7659574468085,32.6595744680851,24.5744680851064,57.2340425531915,30,4.83333333404255,24.7588652553191,16.1111111134752,82.5295508510638
"AF0286","7","SR",34,174.5,62.5,237,68.5,4.266666667,63.65,22,339.5,"1",360,6.11111111111111,10.0147275405007,51.39911634757,18.4094256259205,69.8085419734904,20.1767304860088,1.25675012282769,18.7481590574374,6.22871046277372,92.9197080291971,55.5,246.5,45.5,292,110,5.333333333,103.85,20.5,457.5,4.27083333333333,12.1311475409836,53.879781420765,9.94535519125683,63.8251366120219,24.0437158469945,1.16575591978142,22.6994535519126,4.84848484818182,94.4090909090909
"AF0288","7","SR",20.5,142,55.5,197.5,111.5,3.333333333,107.3166667,3,329.5,"2",360,0.833333333333333,6.22154779969651,43.0955993930197,16.8437025796662,59.9393019726859,33.8391502276176,1.01163378846737,32.5695498330804,2.98953662152466,96.2481315695067,42,249.5,49.5,299,111.5,0.383333333,109.9666667,10,452.5,2.08333333333333,9.28176795580111,55.1381215469613,10.939226519337,66.0773480662983,24.6408839779006,0.0847145487292818,24.3020257900552,0.343796711210762,98.6248131838565
"AF0295","7","SR",25,165,67.5,232.5,86,8.466666667,76.28333333,11.5,343.5,"2",360,3.19444444444444,7.27802037845706,48.0349344978166,19.6506550218341,67.6855895196507,25.0363901018923,2.46482290160116,22.2076661804949,9.84496124069767,88.7015503837209,38,229,67.5,296.5,119,16.35,99.75,26.5,453.5,5.52083333333333,8.37927232635061,50.4961411245865,14.8842337375965,65.380374862183,26.2403528114664,3.60529217199559,21.9955898566703,13.7394957983193,83.8235294117647
"AF0307","7","SR",28.5,77.5,117.5,195,110,9.683333333,98.93333333,18,333.5,"2",360,5,8.54572713643178,23.2383808095952,35.232383808096,58.4707646176912,32.9835082458771,2.90354822578711,29.6651674152924,8.80303030272727,89.9393939363636,29.5,159,111,270,132,14.2,113.6833333,42,431.5,8.75,6.83661645422943,36.8482039397451,25.7242178447277,62.5724217844728,30.5909617612978,3.29084588644264,26.3460795596756,10.7575757575758,86.1237373484849
"AF0309","7","SR",26.5,97.5,121.5,219,95,17.88333333,70.06666667,10.5,340.5,"2",360,2.91666666666667,7.78267254038179,28.6343612334802,35.6828193832599,64.3171806167401,27.9001468428781,5.25208027312775,20.5775819882526,18.8245614,73.754385968421,41,160.5,104.5,265,116,24.11666667,86.66666667,8,422,1.66666666666667,9.71563981042654,38.0331753554502,24.7630331753554,62.7962085308057,27.4881516587678,5.71484992180095,20.5371248033175,20.790229887931,74.7126436810345
"AF0314","7","SR",13.5,81.5,162.5,244,96,11.4,82.25,5,353.5,"1",360,1.38888888888889,3.81895332390382,23.0551626591231,45.968882602546,69.024045261669,27.1570014144272,3.22489391796323,23.2673267326733,11.875,85.6770833333333,21,116,176,292,137.5,22.98333333,112.8833333,15.5,450.5,3.22916666666667,4.661487236404,25.7491675915649,39.0677025527192,64.8168701442841,30.5216426193119,5.10173880799112,25.0573436847947,16.7151515127273,82.0969696727273
"AF0318","7","SR",62.5,142,47,189,83.5,2.5,76.15,19.5,335,"2",360,5.41666666666667,18.6567164179104,42.3880597014925,14.0298507462687,56.4179104477612,24.9253731343284,0.746268656716418,22.7313432835821,2.9940119760479,91.1976047904192,76,194.5,70,264.5,114.5,9.216666667,103.3166667,16.5,455,3.4375,16.7032967032967,42.7472527472527,15.3846153846154,58.1318681318681,25.1648351648352,2.02564102571429,22.7069597142857,8.04949053886463,90.2328966812227
"AF0320","7","SR",25.5,126.5,98,224.5,96.5,8.25,86.85,6,346.5,"1",360,1.66666666666667,7.35930735930736,36.5079365079365,28.2828282828283,64.7907647907648,27.8499278499279,2.38095238095238,25.0649350649351,8.54922279792746,90,53,139,96.5,235.5,99.5,16.95,81.31666667,94.5,388,19.6875,13.659793814433,35.8247422680412,24.8711340206186,60.6958762886598,25.6443298969072,4.36855670103093,20.9579037809278,17.035175879397,81.7252931356784
"AF0336","7","SR",34.5,131,85.5,216.5,101.5,13.8,85.21666667,6.5,352.5,"2",360,1.80555555555556,9.78723404255319,37.1631205673759,24.2553191489362,61.4184397163121,28.7943262411348,3.91489361702128,24.1749408992908,13.5960591133005,83.9573070640394,44,175,99,274,107.5,10.45,95.33333333,35.5,425.5,7.39583333333333,10.3407755581669,41.1280846063455,23.2667450058754,64.3948296122209,25.2643948296122,2.45593419506463,22.4050137085781,9.72093023255814,88.6821705395349
"AF0355","7","SR",21.5,130.5,101.5,232,86.5,6.366666667,77.76666667,14.5,340,"1",360,4.02777777777778,6.32352941176471,38.3823529411765,29.8529411764706,68.2352941176471,25.4411764705882,1.87254901970588,22.8725490205882,7.36030828554913,89.9036608901734,18,155,124,279,142,10.65,128.0166667,19.5,439,4.0625,4.1002277904328,35.3075170842825,28.246013667426,63.5535307517084,32.3462414578588,2.42596810933941,29.1609719134396,7.5,90.1525821830986
"AF0361","7","SR",37,118,63.5,181.5,112.5,12.21666667,98.95,12.5,331,"1",360,3.47222222222222,11.178247734139,35.6495468277946,19.1842900302115,54.833836858006,33.987915407855,3.69083585196375,29.8942598187311,10.8592592622222,87.9555555555555,47,216.5,79.5,296,107,18.93333333,87.11666667,22,450,4.58333333333333,10.4444444444444,48.1111111111111,17.6666666666667,65.7777777777778,23.7777777777778,4.20740740666667,19.35925926,17.694704046729,81.4174454859813
"AF0378","7","SR",NA,NA,NA,NA,NA,NA,NA,NA,NA,"1",360,NA,NA,NA,NA,NA,NA,NA,NA,NA,NA,64,141,114.5,255.5,127,5.9,113.1166667,39,446.5,8.125,14.3337066069429,31.5789473684211,25.6438969764838,57.2228443449048,28.4434490481523,1.32138857782755,25.3340798880179,4.64566929133858,89.068241496063
"AF0386","7","SR",27.5,121.5,115.5,237,61.5,5.233333333,55.65,25.5,326,"1",360,7.08333333333333,8.43558282208589,37.2699386503067,35.4294478527607,72.6993865030675,18.8650306748466,1.60531697331288,17.0705521472393,8.50948509430894,90.4878048780488,47,170.5,126,296.5,99,3.383333333,93.91666667,35.5,442.5,7.39583333333333,10.6214689265537,38.5310734463277,28.4745762711864,67.0056497175141,22.3728813559322,0.764595103502825,21.2241054621469,3.41750841717172,94.8653198686869
"AF0388","7","SR",27,90.5,125.5,216,102.5,14.38333333,77.41666667,13,345.5,"1",360,3.61111111111111,7.81476121562952,26.1939218523878,36.3241678726483,62.5180897250362,29.6671490593343,4.16304872069465,22.4071394124457,14.0325203219512,75.5284552878049,33,118.5,102,220.5,102.5,6.983333333,88.8,4.5,356,0.9375,9.26966292134832,33.2865168539326,28.6516853932584,61.938202247191,28.7921348314607,1.96161048679775,24.9438202247191,6.8130081297561,86.6341463414634
"AF0399","7","SR",34,186.5,41,227.5,87,15.08333333,67.28333333,2.5,348.5,"1",360,0.694444444444444,9.75609756097561,53.5150645624103,11.7647058823529,65.2797704447633,24.9641319942611,4.32807269153515,19.3065518880918,17.3371647471264,77.3371647471264,36.5,199.5,66.5,266,134.5,19.66666667,110.9166667,25.5,437,5.3125,8.35240274599542,45.6521739130435,15.2173913043478,60.8695652173913,30.7780320366133,4.50038138901602,25.3813882608696,14.6220570037175,82.465923197026
"AF0406","7","SR",32.5,140,86.5,226.5,67,10.93333333,54.45,18.5,326,"2",360,5.13888888888889,9.96932515337423,42.9447852760736,26.5337423312883,69.478527607362,20.5521472392638,3.35378323006135,16.7024539877301,16.3184079552239,81.2686567164179,68,146.5,123,269.5,89,6.916666667,79.53333333,51,426.5,10.625,15.9437280187573,34.3493552168816,28.8393903868699,63.1887456037515,20.8675263774912,1.62172723728019,18.6479093388042,7.77153558089888,89.3632958764045
"AF409","7","SR",11.5,88,127.5,215.5,131,8.333333333,118.9666667,2.5,358,"2",360,0.694444444444444,3.2122905027933,24.5810055865922,35.6145251396648,60.195530726257,36.5921787709497,2.32774674106145,33.2309124860335,6.36132315496183,90.814249389313,11.5,105.5,124.5,230,114.5,4.166666667,104.5166667,1,356,0.208333333333333,3.23033707865169,29.6348314606742,34.9719101123596,64.6067415730337,32.1629213483146,1.17041198511236,29.358614241573,3.63901018951965,91.2809316157205
"AF0411","7","SR",24.5,130,109,239,87.5,4.3,81.68333333,2.5,351,"2",360,0.694444444444444,6.98005698005698,37.037037037037,31.0541310541311,68.0911680911681,24.9287749287749,1.22507122507123,23.2716049373219,4.91428571428571,93.3523809485714,31,194.5,146,340.5,106.5,8.9,96.6,9,478,1.875,6.48535564853557,40.6903765690377,30.5439330543933,71.234309623431,22.2803347280335,1.86192468619247,20.2092050209205,8.35680751173709,90.7042253521127
"AF0421","7","SR",33.5,90.5,114,204.5,113.5,6.55,103.8833333,1,351.5,"2",360,0.277777777777778,9.53058321479374,25.74679943101,32.4324324324324,58.1792318634424,32.2901849217639,1.86344238975818,29.5542911237553,5.77092511013216,91.5271659030837,42.5,161.5,117.5,279,145.5,14.91666667,126.7,14,467,2.91666666666667,9.10064239828694,34.5824411134904,25.1605995717345,59.7430406852248,31.1563169164882,3.1941470385439,27.1306209850107,10.2520045841924,87.0790378006873
"AF0431","7","SR",21,126,104.5,230.5,96.5,8.3,86.31666667,11,348,"2",360,3.05555555555556,6.03448275862069,36.2068965517241,30.0287356321839,66.235632183908,27.7298850574713,2.38505747126437,24.8036398477011,8.60103626943005,89.4473229740933,47.5,169.5,119,288.5,142,4.9,134.65,1.5,478,0.3125,9.93723849372385,35.4602510460251,24.8953974895398,60.3556485355649,29.7071129707113,1.02510460251046,28.1694560669456,3.45070422535211,94.8239436619718
"AF0438","7","SR",20.5,136,89,225,103.5,6.316666667,96.13333333,2,349,"2",360,0.555555555555556,5.87392550143267,38.9684813753582,25.5014326647564,64.4699140401146,29.6561604584527,1.80993314240688,27.5453677163324,6.10305958164251,92.8824476618357,29.5,194.5,102.5,297,146,9.9,134.4666667,12.5,472.5,2.60416666666667,6.24338624338624,41.1640211640212,21.6931216931217,62.8571428571429,30.8994708994709,2.0952380952381,28.4585537989418,6.78082191780822,92.1004566438356
"AF0465","7","SR",20,152.5,107,259.5,68.5,1.25,62.28333333,2.5,348,"1",360,0.694444444444444,5.74712643678161,43.8218390804598,30.7471264367816,74.5689655172414,19.683908045977,0.359195402298851,17.8975095775862,1.82481751824817,90.9245742043796,30.5,179,117,296,143,14.18333333,126.8333333,2,469.5,0.416666666666667,6.49627263045794,38.1256656017039,24.9201277955272,63.0457933972311,30.457933972311,3.02094426624068,27.0145544834931,9.91841491608392,88.6946386713287
"AF0467","7","SR",36.5,94,132.5,226.5,94.5,1.666666667,91.33333333,0.5,357.5,"1",360,0.138888888888889,10.2097902097902,26.2937062937063,37.0629370629371,63.3566433566434,26.4335664335664,0.466200466293706,25.5477855468531,1.76366843068783,96.649029978836,51.5,150.5,140,290.5,137.5,2.5,133.2833333,0.5,479.5,0.104166666666667,10.740354535975,31.3868613138686,29.1970802919708,60.5839416058394,28.6757038581856,0.521376433785193,27.7963155995829,1.81818181818182,96.9333333090909
"AF0468","7","SR",34.5,73,149.5,222.5,95.5,5.35,87.45,6,352.5,"1",360,1.66666666666667,9.78723404255319,20.709219858156,42.4113475177305,63.1205673758865,27.0921985815603,1.5177304964539,24.8085106382979,5.6020942408377,91.5706806282722,64.5,161.5,136,297.5,94,7.433333333,83.53333333,23,456,4.79166666666667,14.1447368421053,35.4166666666667,29.8245614035088,65.2412280701754,20.6140350877193,1.63011695899123,18.3187134495614,7.90780141808511,88.8652482234043
"AF0469","7","SR",30.5,110.5,125.5,236,92,2.466666667,88.85,1,358.5,"1",360,0.277777777777778,8.50767085076708,30.8228730822873,35.0069735006974,65.8298465829847,25.6624825662483,0.688052068898187,24.7838214783821,2.68115942065217,96.5760869565217,24.5,168,145,313,133.5,8.316666667,119.7166667,7.5,471,1.5625,5.20169851380042,35.6687898089172,30.7855626326964,66.4543524416136,28.343949044586,1.76574663842887,25.4175513163482,6.22971285917603,89.6754057677903
"AF0490","7","SR",20,106,114.5,220.5,95,1.766666667,92.71666667,1,335.5,"2",360,0.277777777777778,5.96125186289121,31.5946348733234,34.1281669150522,65.7228017883756,28.3159463487332,0.526577247988077,27.63537009538,1.85964912315789,97.5964912315789,59.5,104,140.5,244.5,153,3.4,147.7666667,15,457,3.125,13.019693654267,22.7571115973742,30.7439824945295,53.5010940919037,33.4792122538293,0.74398249452954,32.3340627352298,2.22222222222222,96.5795207189542
"AF0496","7","SR",27.5,96.5,128.5,225,94.5,10.95,82.6,2.5,347,"1",360,0.694444444444444,7.92507204610951,27.8097982708934,37.0317002881844,64.8414985590778,27.2334293948127,3.15561959654179,23.8040345821326,11.5873015873016,87.4074074074074,43.5,190,115,305,96,24.68333333,68.91666667,37,444.5,7.70833333333333,9.78627671541057,42.7446569178853,25.8717660292463,68.6164229471316,21.5973003374578,5.55305586726659,15.5043119617548,25.7118055520833,71.7881944479167
"AF0165","8","SE",51.5,210.5,135.5,346,122.5,26.8,93.1,75,520,"2",600,12.5,9.90384615384615,40.4807692307692,26.0576923076923,66.5384615384615,23.5576923076923,5.15384615384615,17.9038461538462,21.8775510204082,76,43.5,165,149,314,98,21.78333333,74.63333333,10,455.5,2.08333333333333,9.54994511525796,36.2239297475302,32.7113062568606,68.9352360043908,21.5148188803513,4.78229052250274,16.3849249901207,22.2278911530612,76.1564625816327
"AF0170","8","SE",69.5,167,87.5,254.5,141.5,8.766666667,128.8833333,40.5,465.5,"2",600,6.75,14.9301825993555,35.875402792696,18.796992481203,54.672395273899,30.3974221267454,1.88327962771214,27.6870748227712,6.19552414628975,91.0836277738516,38.5,189,92.5,281.5,142.5,5.516666667,133.8666667,11,462.5,2.29166666666667,8.32432432432432,40.8648648648649,20,60.8648648648649,30.8108108108108,1.19279279286486,28.9441441513514,3.87134502947368,93.9415204912281
"AF0182","8","SE",64.5,227.5,74,301.5,93.5,16.9,72.48333333,90,459.5,"1",600,15,14.0369967355822,49.5103373231774,16.1044613710555,65.6147986942329,20.348204570185,3.67791077257889,15.7743924548422,18.0748663101604,77.5222816363636,45.5,198,91.5,289.5,132.5,24.46666667,104.15,6.5,467.5,1.35416666666667,9.73262032085561,42.3529411764706,19.572192513369,61.9251336898396,28.3422459893048,5.23351158716578,22.2780748663102,18.4654088075472,78.6037735849057
"AF0205","8","SE",70.5,212.5,78,290.5,122,7.266666667,113.0666667,93.5,483,"2",600,15.5833333333333,14.5962732919255,43.9958592132505,16.1490683229814,60.1449275362319,25.2587991718427,1.50448585238095,23.4092477639752,5.95628415327869,92.6775956557377,NA,NA,NA,NA,NA,NA,NA,NA,NA,NA,NA,NA,NA,NA,NA,NA,NA,NA,NA
"AF0214","8","SE",32,186,136,322,57.5,4.566666667,52.13333333,158,411.5,"2",600,26.3333333333333,7.77642770352369,45.2004860267315,33.0498177399757,78.2503037667072,13.9732685297691,1.10976103693803,12.669096799514,7.94202898608696,90.6666666608696,29,134.5,220,354.5,78.5,5.316666667,71.91666667,18.5,462,3.85416666666667,6.27705627705628,29.1125541125541,47.6190476190476,76.7316017316017,16.991341991342,1.1507936508658,15.5663780670996,6.77282377961783,91.6135881146497
"AF0233","8","SE",86.5,178,83.5,261.5,97,4.666666667,90.21666667,54,445,"1",600,9,19.438202247191,40,18.7640449438202,58.7640449438202,21.7977528089888,1.04868913865169,20.2734082404494,4.81099656391753,93.0068728556701,68.5,190,73,263,132.5,1.533333333,127.8666667,9,464,1.875,14.7629310344828,40.948275862069,15.7327586206897,56.6810344827586,28.5560344827586,0.330459770043103,27.5574712715517,1.15723270415094,96.5031446792453
"AF0250","8","SE",68,190,101.5,291.5,138,24.81666667,110.45,26.5,497.5,"2",600,4.41666666666667,13.6683417085427,38.1909547738693,20.4020100502513,58.5929648241206,27.7386934673367,4.98827470753769,22.2010050251256,17.9830917898551,80.036231884058,37.5,185,105.5,290.5,126.5,14.56666667,110.3833333,4,454.5,0.833333333333333,8.25082508250825,40.7040704070407,23.2123212321232,63.9163916391639,27.8327832783278,3.20498716611661,24.2867620022002,11.5151515177866,87.2595520158103
"AF0256","8","SE",50.5,233.5,83,316.5,95.5,7.1,86.08333333,129,462.5,"1",600,21.5,10.9189189189189,50.4864864864865,17.9459459459459,68.4324324324324,20.6486486486486,1.53513513513513,18.6126126118919,7.43455497382199,90.139616052356,47.5,194,80,274,139.5,4.25,132.1166667,27,461,5.625,10.3036876355748,42.0824295010846,17.353579175705,59.4360086767896,30.2603036876356,0.921908893709327,28.6587129501085,3.04659498207885,94.7072879569892
"AF0280","8","SE",61,162,114,276,181,24.98333333,152.6666667,6.5,518,"1",600,1.08333333333333,11.7760617760618,31.2741312741313,22.007722007722,53.2818532818533,34.9420849420849,4.82303732239382,29.4723294787645,13.8029465911602,84.3462246961326,46,189,95,284,127,13.58333333,111.45,12,457,2.5,10.0656455142232,41.3566739606127,20.7877461706783,62.144420131291,27.7899343544858,2.97228300437637,24.3873085339168,10.6955380551181,87.755905511811
"AF0286","8","SE",42.5,172,79.5,251.5,118.5,6.55,111.15,104.5,412.5,"1",600,17.4166666666667,10.3030303030303,41.6969696969697,19.2727272727273,60.969696969697,28.7272727272727,1.58787878787879,26.9454545454545,5.52742616033755,93.7974683544304,51,251,33.5,284.5,127.5,5.716666667,121,12.5,463,2.60416666666667,11.0151187904968,54.2116630669546,7.2354211663067,61.4470842332613,27.5377969762419,1.23470122397408,26.133909287257,4.48366013098039,94.9019607843137
"AF0288","8","SE",70,223,70.5,293.5,128,6.4,120.8166667,40.5,491.5,"2",600,6.75,14.2421159715158,45.3713123092574,14.3438453713123,59.7151576805697,26.0427263479145,1.30213631739573,24.5812139776195,5,94.388020859375,46,206.5,47,253.5,137.5,8.8,127.5666667,3,437,0.625,10.5263157894737,47.254004576659,10.7551487414188,58.0091533180778,31.4645308924485,2.0137299771167,29.1914569107551,6.4,92.7757576
"AF0295","8","SE",86.5,225,52,277,150,21.08333333,125.4666667,76,513.5,"2",600,12.6666666666667,16.8451801363194,43.8169425511198,10.126582278481,53.9435248296008,29.2112950340798,4.10580980136319,24.4336254527751,14.0555555533333,83.6444444666667,54.5,226,37.5,263.5,141,14.23333333,124.7666667,23,459,4.79166666666667,11.8736383442266,49.2374727668845,8.16993464052288,57.4074074074074,30.718954248366,3.10094408061002,27.1822803267974,10.0945626453901,88.4869976595745
"AF0307","8","SE",47,212.5,106.5,319,117.5,15.03333333,100.1666667,104.5,483.5,"2",600,17.4166666666667,9.72078593588418,43.9503619441572,22.0268872802482,65.9772492244054,24.3019648397104,3.109272663909,20.7169941468459,12.7943262382979,85.2482269787234,34,159.5,127,286.5,141,18.35,121,11,461.5,2.29166666666667,7.36728060671723,34.5612134344529,27.5189599133261,62.080173347779,30.5525460455038,3.97616468039003,26.2188515709642,13.0141843971631,85.8156028368794
"AF0309","8","SE",37.5,141.5,97,238.5,117,14.28333333,48.85,140.5,393,"2",600,23.4166666666667,9.54198473282443,36.0050890585242,24.6819338422392,60.6870229007634,29.7709923664122,3.63443596183206,12.4300254452926,12.2079772051282,41.7521367521368,37,149.5,106.5,256,137,20.75,110.55,41,430,8.54166666666667,8.6046511627907,34.7674418604651,24.7674418604651,59.5348837209302,31.8604651162791,4.82558139534884,25.7093023255814,15.1459854014599,80.6934306569343
"AF0314","8","SE",36,181.5,130,311.5,127,21.83333333,104,69.5,474.5,"1",600,11.5833333333333,7.58693361433088,38.2507903055848,27.3972602739726,65.6480505795574,26.7650158061117,4.60133473761855,21.9178082191781,17.1916010472441,81.8897637795276,23,151.5,162,313.5,119,17.78333333,96.9,19.5,455.5,4.0625,5.04939626783754,33.2601536772777,35.5653128430296,68.8254665203074,26.1251372118551,3.90413464983535,21.2733260153677,14.9439775882353,81.4285714285714
"AF0318","8","SE",72,180,62.5,242.5,79.5,3.616666667,73.98333333,189,394,"2",600,31.5,18.2741116751269,45.6852791878173,15.8629441624365,61.5482233502538,20.1776649746193,0.917935702284264,18.7774957690355,4.54926624779874,93.0607966415094,69,186,66,252,110,12.76666667,95.98333333,43,431,8.95833333333333,16.0092807424594,43.1554524361949,15.3132250580046,58.4686774941995,25.5220417633411,2.96210363573086,22.2699149257541,11.6060606090909,87.2575757545454
"AF0320","8","SE",40,139.5,64.5,204,94,12.51666667,79.13333333,234.5,338,"1",600,39.0833333333333,11.8343195266272,41.2721893491124,19.0828402366864,60.3550295857988,27.810650887574,3.70315581952663,23.412228795858,13.3156028404255,84.1843971595745,45,197,68.5,265.5,139.5,19.7,115.5,29,450,6.04166666666667,10,43.7777777777778,15.2222222222222,59,31,4.37777777777778,25.6666666666667,14.1218637992832,82.7956989247312
"AF0336","8","SE",69,138.5,96.5,235,109,13.63333333,93.76666667,127.5,413,"2",600,21.25,16.7070217917676,33.5351089588378,23.365617433414,56.9007263922518,26.3922518159806,3.30104923244552,22.7037933825666,12.5076452568807,86.0244648348624,41,215.5,78.5,294,102.5,9.716666667,91.33333333,27,437.5,5.625,9.37142857142857,49.2571428571429,17.9428571428571,67.2,23.4285714285714,2.22095238102857,20.8761904754286,9.47967479707317,89.1056910536585
"AF0355","8","SE",44,170.5,73,243.5,107,13.51666667,92.15,101,394.5,"1",600,16.8333333333333,11.1533586818758,43.2192648922687,18.5044359949303,61.723700887199,27.1229404309252,3.42627798986058,23.3586818757921,12.6323987570093,86.1214953271028,30.5,161,133,294,135,5.966666667,81.3,2.5,459.5,0.520833333333333,6.63764961915125,35.038084874864,28.9445048966268,63.9825897714908,29.379760609358,1.29851287638738,17.6931447225245,4.41975308666667,60.2222222222222
"AF0361","8","SE",73,180.5,55,235.5,103.5,19.85,82.63333333,130.5,412,"1",600,21.75,17.7184466019417,43.8106796116505,13.3495145631068,57.1601941747573,25.121359223301,4.81796116504854,20.0566343033981,19.1787439613527,79.8389694009662,110,168.5,59,227.5,80,8.883333333,69.8,45.5,417.5,9.47916666666667,26.3473053892216,40.3592814371258,14.1317365269461,54.4910179640719,19.1616766467066,2.1277445108982,16.7185628742515,11.10416666625,87.25
"AF0378","8","SE",58.5,173.5,99.5,273,125,7.1,108.6,95,456.5,"1",600,15.8333333333333,12.8148959474261,38.0065717415115,21.7962760131435,59.802847754655,27.3822562979189,1.5553121577218,23.789704271632,5.68,86.88,100.5,133.5,101,234.5,89,6.366666667,79.58333333,44,424,9.16666666666667,23.7028301886792,31.4858490566038,23.8207547169811,55.3066037735849,20.9905660377358,1.50157232712264,18.7696540872642,7.15355805280899,89.4194756516854
"AF0386","8","SE",22,108,102,210,67.5,2.7,64.43333333,132,299.5,"1",600,22,7.34557595993322,36.0601001669449,34.0567612687813,70.1168614357262,22.5375626043406,0.901502504173623,21.5136338330551,4,95.4567901185185,61.5,155.5,103,258.5,51,1.9,48.23333333,103.5,371,21.5625,16.5768194070081,41.9137466307278,27.7628032345013,69.6765498652291,13.7466307277628,0.512129380053908,13.0008984716981,3.72549019607843,94.5751633921569
"AF0388","8","SE",50.5,177,98,275,154,16.68333333,131.4166667,81,479.5,"1",600,13.5,10.5318039624609,36.9134515119917,20.4379562043796,57.3514077163712,32.1167883211679,3.47931873409802,27.4070212095933,10.8333333311688,85.3354978571429,57.5,171,121.5,292.5,99.5,12.51666667,84.05,23,449.5,4.79166666666667,12.7919911012236,38.0422691879866,27.0300333704116,65.0723025583982,22.1357063403782,2.78457545494994,18.698553948832,12.5795644924623,84.4723618090452
"AF0399","8","SE",49,160,54.5,214.5,105.5,8.383333333,95.5,191,369,"1",600,31.8333333333333,13.2791327913279,43.360433604336,14.769647696477,58.130081300813,28.5907859078591,2.27190605230352,25.8807588075881,7.94628751943128,90.521327014218,89.5,209.5,44,253.5,85.5,9.35,75.18333333,34.5,428.5,7.1875,20.8868144690782,48.8914819136523,10.2683780630105,59.1598599766628,19.953325554259,2.18203033838973,17.5457020606768,10.9356725146199,87.9337231929825
"AF0406","8","SE",34,201,127,328,137,10.35,122.4166667,7.5,499,"2",600,1.25,6.81362725450902,40.2805611222445,25.4509018036072,65.7314629258517,27.4549098196393,2.07414829659319,24.5323981362725,7.55474452554745,89.3552311678832,31.5,170,105,275,117,16.16666667,96.93333333,16,423.5,3.33333333333333,7.43801652892562,40.1416765053129,24.7933884297521,64.9350649350649,27.6269185360094,3.81739472727273,22.8886265242031,13.8176638205128,82.8490028461538
"AF409","8","SE",NA,NA,NA,NA,NA,NA,NA,NA,NA,"2",600,NA,NA,NA,NA,NA,NA,NA,NA,NA,NA,18,221.5,115.5,337,115.5,11.25,98.96666667,7.5,470.5,1.5625,3.82571732199788,47.0775770456961,24.548352816153,71.6259298618491,24.548352816153,2.39107332624867,21.0343606099894,9.74025974025974,85.6854256883117
"AF0411","8","SE",55,171.5,93,264.5,119.5,9.166666667,107.8333333,120.5,439,"2",600,20.0833333333333,12.5284738041002,39.0660592255125,21.1845102505695,60.250569476082,27.2209567198178,2.08807896742597,24.5634016628702,7.67085076736402,90.2370989958159,33,175,148,323,117.5,5.7,109.55,9,473.5,1.875,6.96937697993664,36.9588173178458,31.2565997888068,68.2154171066526,24.8152059134108,1.20380147835269,23.1362196409715,4.85106382978723,93.2340425531915
"AF0421","8","SE",72,189.5,83.5,273,88.5,15.95,70.85,132,433.5,"2",600,22,16.6089965397924,43.7139561707036,19.2618223760092,62.9757785467128,20.4152249134948,3.67935409457901,16.3437139561707,18.0225988700565,80.0564971751412,44.5,173.5,121.5,295,132.5,12.1,116.7666667,11.5,472,2.39583333333333,9.42796610169492,36.7584745762712,25.7415254237288,62.5,28.0720338983051,2.5635593220339,24.7387005720339,9.13207547169811,88.1257861886792
"AF0431","8","SE",117.5,188.5,96.5,285,146.5,19.23333333,123.2166667,44.5,549,"2",600,7.41666666666667,21.4025500910747,34.3351548269581,17.5774134790528,51.9125683060109,26.6848816029144,3.50333940437158,22.4438372859745,13.1285551740614,84.1069397269625,54.5,152,126,278,142.5,9.283333333,129.2,7.5,475,1.5625,11.4736842105263,32,26.5263157894737,58.5263157894737,30,1.95438596484211,27.2,6.51461988280702,90.6666666666667
"AF0438","8","SE",37,217,84,301,122,12.68333333,107.9333333,122,460,"2",600,20.3333333333333,8.04347826086956,47.1739130434783,18.2608695652174,65.4347826086957,26.5217391304348,2.75724637608696,23.4637681086956,10.3961748606557,88.4699453278688,36,178.5,94.5,273,168.5,12.21666667,155.5333333,4,477.5,0.833333333333333,7.53926701570681,37.3821989528796,19.7905759162304,57.1727748691099,35.2879581151832,2.55846422408377,32.5724258219895,7.25024728189911,92.30464884273
"AF0465","8","SE",NA,NA,NA,NA,NA,NA,NA,NA,NA,"1",600,NA,NA,NA,NA,NA,NA,NA,NA,NA,NA,39.5,181.5,87,268.5,171,17.53333333,152.15,1.5,479,0.3125,8.24634655532359,37.8914405010438,18.1628392484342,56.0542797494781,35.6993736951983,3.66040361795407,31.7640918580376,10.2534113040936,88.9766081871345
"AF0467","8","SE",58.5,224,136,360,89,4.8,81.58333333,75,507.5,"1",600,12.5,11.5270935960591,44.1379310344828,26.7980295566502,70.935960591133,17.5369458128079,0.945812807881773,16.0755336610837,5.39325842696629,91.6666666629213,41,146.5,145,291.5,126,2.75,121.2833333,5.5,458.5,1.14583333333333,8.94220283533261,31.9520174482007,31.6248636859324,63.576881134133,27.4809160305344,0.599781897491821,26.4521991930207,2.18253968253968,96.2566137301587
"AF0468","8","SE",79.5,180,151,331,99.5,15.86666667,80.33333333,70.5,510,"1",600,11.75,15.5882352941176,35.2941176470588,29.6078431372549,64.9019607843137,19.5098039215686,3.11111111176471,15.7516339862745,15.9463986633166,80.7370184221106,60.5,138,167,305,100,10.05,86.71666667,18.5,465.5,3.85416666666667,12.9967776584318,29.6455424274973,35.875402792696,65.5209452201933,21.4822771213749,2.15896885069817,18.6287146444683,10.05,86.71666667
"AF0469","8","SE",NA,NA,NA,NA,NA,NA,NA,NA,NA,"1",600,NA,NA,NA,NA,NA,NA,NA,NA,NA,NA,25.5,190.5,121,311.5,132.5,5.1,126.7833333,9.5,469.5,1.97916666666667,5.43130990415335,40.5750798722045,25.7720979765708,66.3471778487753,28.2215122470714,1.08626198083067,27.00390485623,3.84905660377358,95.6855345660377
"AF0490","8","SE",77,142.5,105,247.5,136,4.883333333,129.5666667,10.5,460.5,"2",600,1.75,16.7209554831705,30.9446254071661,22.8013029315961,53.7459283387622,29.5331161780673,1.06044154896851,28.1360839739414,3.59068627426471,95.2696078676471,47.5,164.5,118,282.5,133,5.8,125.25,13,463,2.70833333333333,10.2591792656587,35.5291576673866,25.4859611231102,61.0151187904968,28.7257019438445,1.25269978401728,27.0518358531317,4.3609022556391,94.1729323308271
"AF0496","8","SE",47,239.5,95.5,335,121,23.26666667,95.11666667,32.5,503,"1",600,5.41666666666667,9.34393638170974,47.6143141153081,18.986083499006,66.6003976143141,24.0556660039761,4.62557985487078,18.9098740894632,19.2286501404959,78.6088154297521,55.5,207,87,294,98.5,29.06666667,67.23333333,19.5,448,4.0625,12.3883928571429,46.2053571428571,19.4196428571429,65.625,21.9866071428571,6.48809523883928,15.0074404754464,29.5093062639594,68.2571911979695
"AF0165","8","SR",24,103.5,139,242.5,85.5,18.61666667,64.93333333,8.5,352,"2",360,2.36111111111111,6.81818181818182,29.4034090909091,39.4886363636364,68.8920454545455,24.2897727272727,5.28882575852273,18.4469696960227,21.7738791461988,75.9454190994152,55,168.5,140.5,309,92,19.53333333,70.43333333,20.5,456,4.27083333333333,12.0614035087719,36.9517543859649,30.8114035087719,67.7631578947368,20.1754385964912,4.28362573026316,15.4459064320175,21.2318840543478,76.5579710108696
"AF0170","8","SR",19,101.5,115.5,217,113.5,4.1,107.0333333,4.5,349.5,"2",360,1.25,5.43633762517883,29.0414878397711,33.0472103004292,62.0886981402003,32.4749642346209,1.17310443490701,30.6247019456366,3.61233480176211,94.3024962995595,56.5,192,86,278,124,8.9,112.7,4.5,458.5,0.9375,12.3227917121047,41.8756815703381,18.7568157033806,60.6324972737186,27.0447110141767,1.94111232279171,24.5801526717557,7.17741935483871,90.8870967741936
"AF0182","8","SR",22.5,184.5,83.5,268,62.5,12.76666667,48.5,27.5,353,"1",360,7.63888888888889,6.37393767705382,52.2662889518414,23.6543909348442,75.9206798866855,17.7053824362606,3.61661945325779,13.7393767705382,20.426666672,77.6,48,218.5,77.5,296,128.5,28.3,95.76666667,7,472.5,1.45833333333333,10.1587301587302,46.2433862433862,16.4021164021164,62.6455026455026,27.1957671957672,5.98941798941799,20.2680776021164,22.0233463035019,74.526588848249
"AF0205","8","SR",NA,NA,NA,NA,NA,NA,NA,NA,NA,"2",360,NA,NA,NA,NA,NA,NA,NA,NA,NA,NA,NA,NA,NA,NA,NA,NA,NA,NA,NA,NA,NA,NA,NA,NA,NA,NA,NA,NA,NA
"AF0214","8","SR",18,128,150.5,278.5,47.5,3.483333333,43.76666667,22,344,"2",360,6.11111111111111,5.23255813953488,37.2093023255814,43.75,80.9593023255814,13.8081395348837,1.01259689912791,12.7228682180233,7.33333333263158,92.1403508842105,21,171,177.5,348.5,83.5,7.666666667,75.46666667,28.5,453,5.9375,4.63576158940397,37.7483443708609,39.1832229580574,76.9315673289183,18.4326710816777,1.69242089779249,16.6593083156733,9.18163672694611,90.3792415209581
"AF0233","8","SR",64,121,86.5,207.5,69,0.816666667,66.83333333,5,340.5,"1",360,1.38888888888889,18.7958883994126,35.5359765051395,25.4038179148311,60.9397944199706,20.2643171806167,0.239843367694567,19.627998041116,1.18357487971014,96.8599033768116,87.5,194,92,286,95,6.25,85.5,2.5,468.5,0.520833333333333,18.6766275346852,41.4087513340448,19.6371398078975,61.0458911419424,20.2774813233725,1.33404482390608,18.2497331910352,6.57894736842105,90
"AF0250","8","SR",20.5,101,116,217,106.5,7.066666667,98.36666667,19,344,"2",360,5.27777777777778,5.9593023255814,29.3604651162791,33.7209302325581,63.0813953488372,30.9593023255814,2.05426356598837,28.5949612412791,6.63536776244131,92.3630672957746,40.5,149,137,286,110.5,9.466666667,99.41666667,36,437,7.5,9.26773455377574,34.0961098398169,31.350114416476,65.4462242562929,25.2860411899314,2.1662852784897,22.7498093066362,8.56711915565611,89.9698340904977
"AF0256","8","SR",21.5,109.5,122,231.5,71,1.916666667,67.63333333,46.5,324,"1",360,12.9166666666667,6.6358024691358,33.7962962962963,37.6543209876543,71.4506172839506,21.9135802469136,0.591563786111111,20.874485595679,2.69953051690141,95.2582159577465,31,161,113,274,168,0.283333333,162.5166667,12.5,473,2.60416666666667,6.553911205074,34.0380549682875,23.8900634249471,57.9281183932347,35.5179704016913,0.0599013389006343,34.3587033192389,0.168650793452381,96.7361111309524
"AF0280","8","SR",35.5,86.5,114,200.5,96.5,15.35,80.33333333,20,332.5,"1",360,5.55555555555556,10.6766917293233,26.015037593985,34.2857142857143,60.3007518796992,29.0225563909774,4.61654135338346,24.1604010015038,15.9067357512953,83.2469775440415,60,153.5,115.5,269,141,22.71666667,116.3666667,4.5,470,0.9375,12.7659574468085,32.6595744680851,24.5744680851064,57.2340425531915,30,4.83333333404255,24.7588652553191,16.1111111134752,82.5295508510638
"AF0286","8","SR",27,161.5,43.5,205,83.5,2.216666667,80.76666667,35.5,315.5,"1",360,9.86111111111111,8.55784469096672,51.188589540412,13.7876386687797,64.9762282091918,26.4659270998415,0.702588483993661,25.5995773914422,2.65469061916168,96.7265469101796,55.5,246.5,45.5,292,110,5.333333333,103.85,20.5,457.5,4.27083333333333,12.1311475409836,53.879781420765,9.94535519125683,63.8251366120219,24.0437158469945,1.16575591978142,22.6994535519126,4.84848484818182,94.4090909090909
"AF0288","8","SR",27,161.5,43.5,205,107.5,2.2,104.4666667,4.5,339.5,"2",360,1.25,7.95287187039764,47.5699558173785,12.8129602356406,60.3829160530191,31.6642120765832,0.648011782032401,30.7707412960236,2.04651162790698,97.1782946046512,42,249.5,49.5,299,111.5,0.383333333,109.9666667,10,452.5,2.08333333333333,9.28176795580111,55.1381215469613,10.939226519337,66.0773480662983,24.6408839779006,0.0847145487292818,24.3020257900552,0.343796711210762,98.6248131838565
"AF0295","8","SR",18,204.5,54.5,259,67,6.25,59.9,12,344,"2",360,3.33333333333333,5.23255813953488,59.4476744186046,15.843023255814,75.2906976744186,19.4767441860465,1.81686046511628,17.4127906976744,9.32835820895522,89.4029850746269,38,229,67.5,296.5,119,16.35,99.75,26.5,453.5,5.52083333333333,8.37927232635061,50.4961411245865,14.8842337375965,65.380374862183,26.2403528114664,3.60529217199559,21.9955898566703,13.7394957983193,83.8235294117647
"AF0307","8","SR",21.5,96.5,115,211.5,109,10.78333333,96.18333333,20.5,342,"2",360,5.69444444444444,6.28654970760234,28.2163742690059,33.6257309941521,61.8421052631579,31.8713450292398,3.15302144152047,28.1237816754386,9.89296635779817,88.2415902110092,29.5,159,111,270,132,14.2,113.6833333,42,431.5,8.75,6.83661645422943,36.8482039397451,25.7242178447277,62.5724217844728,30.5909617612978,3.29084588644264,26.3460795596756,10.7575757575758,86.1237373484849
"AF0309","8","SR",30.5,108,110.5,218.5,83.5,16.41666667,62.96666667,25,332.5,"2",360,6.94444444444444,9.17293233082707,32.4812030075188,33.2330827067669,65.7142857142857,25.1127819548872,4.9373433593985,18.9373433593985,19.6606786467066,75.4091816407186,41,160.5,104.5,265,116,24.11666667,86.66666667,8,422,1.66666666666667,9.71563981042654,38.0331753554502,24.7630331753554,62.7962085308057,27.4881516587678,5.71484992180095,20.5371248033175,20.790229887931,74.7126436810345
"AF0314","8","SR",14,85.5,155,240.5,91,12.85,77.48333333,12,345.5,"1",360,3.33333333333333,4.0520984081042,24.7467438494935,44.862518089725,69.6092619392185,26.3386396526773,3.71924746743849,22.4264351172214,14.1208791208791,85.1465201428571,21,116,176,292,137.5,22.98333333,112.8833333,15.5,450.5,3.22916666666667,4.661487236404,25.7491675915649,39.0677025527192,64.8168701442841,30.5216426193119,5.10173880799112,25.0573436847947,16.7151515127273,82.0969696727273
"AF0318","8","SR",46,174,50.5,224.5,75.5,1.45,72.11666667,10.5,346,"2",360,2.91666666666667,13.2947976878613,50.2890173410405,14.5953757225434,64.8843930635838,21.8208092485549,0.419075144508671,20.8429672456647,1.9205298013245,95.5187638013245,76,194.5,70,264.5,114.5,9.216666667,103.3166667,16.5,455,3.4375,16.7032967032967,42.7472527472527,15.3846153846154,58.1318681318681,25.1648351648352,2.02564102571429,22.7069597142857,8.04949053886463,90.2328966812227
"AF0320","8","SR",20,144.5,93,237.5,87,9.866666667,75.48333333,7.5,344.5,"1",360,2.08333333333333,5.8055152394775,41.944847605225,26.9956458635704,68.9404934687954,25.2539912917271,2.86405418490566,21.9109820986938,11.3409961689655,86.7624521034483,53,139,96.5,235.5,99.5,16.95,81.31666667,94.5,388,19.6875,13.659793814433,35.8247422680412,24.8711340206186,60.6958762886598,25.6443298969072,4.36855670103093,20.9579037809278,17.035175879397,81.7252931356784
"AF0336","8","SR",38,133.5,82,215.5,96.5,9.633333333,84.6,14,350,"2",360,3.88888888888889,10.8571428571429,38.1428571428571,23.4285714285714,61.5714285714286,27.5714285714286,2.75238095228571,24.1714285714286,9.98272884248705,87.6683937823834,44,175,99,274,107.5,10.45,95.33333333,35.5,425.5,7.39583333333333,10.3407755581669,41.1280846063455,23.2667450058754,64.3948296122209,25.2643948296122,2.45593419506463,22.4050137085781,9.72093023255814,88.6821705395349
"AF0355","8","SR",36,139.5,100,239.5,67,6.166666667,60.28333333,28.5,342.5,"1",360,7.91666666666667,10.5109489051095,40.7299270072993,29.1970802919708,69.9270072992701,19.5620437956204,1.80048661810219,17.6009732350365,9.2039801,89.9751243731343,18,155,124,279,142,10.65,128.0166667,19.5,439,4.0625,4.1002277904328,35.3075170842825,28.246013667426,63.5535307517084,32.3462414578588,2.42596810933941,29.1609719134396,7.5,90.1525821830986
"AF0361","8","SR",46,181,50,231,55,9.516666667,45.08333333,19,332,"1",360,5.27777777777778,13.855421686747,54.5180722891566,15.0602409638554,69.578313253012,16.566265060241,2.86646586355422,13.5793172680723,17.3030303036364,81.9696969636364,47,216.5,79.5,296,107,18.93333333,87.11666667,22,450,4.58333333333333,10.4444444444444,48.1111111111111,17.6666666666667,65.7777777777778,23.7777777777778,4.20740740666667,19.35925926,17.694704046729,81.4174454859813
"AF0378","8","SR",34,98.5,100.5,199,64,2.516666667,56.26666667,57,297,"1",360,15.8333333333333,11.4478114478114,33.1649831649832,33.8383838383838,67.003367003367,21.5488215488215,0.847362514141414,18.9450056127946,3.9322916671875,87.916666671875,64,141,114.5,255.5,127,5.9,113.1166667,39,446.5,8.125,14.3337066069429,31.5789473684211,25.6438969764838,57.2228443449048,28.4434490481523,1.32138857782755,25.3340798880179,4.64566929133858,89.068241496063
"AF0386","8","SR",32.5,147,89.5,236.5,64.5,2.616666667,61.2,35.5,333.5,"1",360,9.86111111111111,9.74512743628186,44.0779610194903,26.8365817091454,70.9145427286357,19.3403298350825,0.784607696251874,18.3508245877061,4.05684754573643,94.8837209302326,47,170.5,126,296.5,99,3.383333333,93.91666667,35.5,442.5,7.39583333333333,10.6214689265537,38.5310734463277,28.4745762711864,67.0056497175141,22.3728813559322,0.764595103502825,21.2241054621469,3.41750841717172,94.8653198686869
"AF0388","8","SR",24,126.5,108.5,235,82,11.38333333,68.56666667,12.5,341,"1",360,3.47222222222222,7.03812316715543,37.0967741935484,31.8181818181818,68.9149560117302,24.0469208211144,3.33822091788856,20.107526882698,13.8821138170732,83.6178861829268,33,118.5,102,220.5,102.5,6.983333333,88.8,4.5,356,0.9375,9.26966292134832,33.2865168539326,28.6516853932584,61.938202247191,28.7921348314607,1.96161048679775,24.9438202247191,6.8130081297561,86.6341463414634
"AF0399","8","SR",51.5,137.5,62,199.5,88,11,75.55,6.5,339,"1",360,1.80555555555556,15.1917404129794,40.5604719764012,18.2890855457227,58.8495575221239,25.9587020648968,3.24483775811209,22.2861356932153,12.5,85.8522727272727,36.5,199.5,66.5,266,134.5,19.66666667,110.9166667,25.5,437,5.3125,8.35240274599542,45.6521739130435,15.2173913043478,60.8695652173913,30.7780320366133,4.50038138901602,25.3813882608696,14.6220570037175,82.465923197026
"AF0406","8","SR",16,124,131,255,79,9.766666667,67.25,3,350,"2",360,0.833333333333333,4.57142857142857,35.4285714285714,37.4285714285714,72.8571428571428,22.5714285714286,2.79047619057143,19.2142857142857,12.3628691987342,85.126582278481,68,146.5,123,269.5,89,6.916666667,79.53333333,51,426.5,10.625,15.9437280187573,34.3493552168816,28.8393903868699,63.1887456037515,20.8675263774912,1.62172723728019,18.6479093388042,7.77153558089888,89.3632958764045
"AF409","8","SR",20.5,109,120.5,229.5,95,5.933333333,84.73333333,10.5,345,"2",360,2.91666666666667,5.94202898550725,31.5942028985507,34.9275362318841,66.5217391304348,27.536231884058,1.71980676318841,24.5603864724638,6.24561403473684,89.1929824526316,11.5,105.5,124.5,230,114.5,4.166666667,104.5166667,1,356,0.208333333333333,3.23033707865169,29.6348314606742,34.9719101123596,64.6067415730337,32.1629213483146,1.17041198511236,29.358614241573,3.63901018951965,91.2809316157205
"AF0411","8","SR",19,132,127,259,73.5,6.033333333,66.06666667,10,351.5,"2",360,2.77777777777778,5.40540540540541,37.5533428165007,36.1308677098151,73.6842105263158,20.9103840682788,1.71645329530583,18.7956377439545,8.20861677959184,89.8866213197279,31,194.5,146,340.5,106.5,8.9,96.6,9,478,1.875,6.48535564853557,40.6903765690377,30.5439330543933,71.234309623431,22.2803347280335,1.86192468619247,20.2092050209205,8.35680751173709,90.7042253521127
"AF0421","8","SR",25.5,132.5,116,248.5,78.5,9.7,66.45,6,352.5,"2",360,1.66666666666667,7.23404255319149,37.5886524822695,32.9078014184397,70.4964539007092,22.2695035460993,2.75177304964539,18.8510638297872,12.3566878980892,84.6496815286624,42.5,161.5,117.5,279,145.5,14.91666667,126.7,14,467,2.91666666666667,9.10064239828694,34.5824411134904,25.1605995717345,59.7430406852248,31.1563169164882,3.1941470385439,27.1306209850107,10.2520045841924,87.0790378006873
"AF0431","8","SR",23.5,107,125,232,104,9.65,93.15,7.5,359.5,"2",360,2.08333333333333,6.53685674547983,29.7635605006954,34.7705146036161,64.5340751043115,28.9290681502086,2.68428372739917,25.9109874826147,9.27884615384615,89.5673076923077,47.5,169.5,119,288.5,142,4.9,134.65,1.5,478,0.3125,9.93723849372385,35.4602510460251,24.8953974895398,60.3556485355649,29.7071129707113,1.02510460251046,28.1694560669456,3.45070422535211,94.8239436619718
"AF0438","8","SR",17,136.5,72.5,209,113,12.26666667,99.28333333,12.5,339,"2",360,3.47222222222222,5.01474926253687,40.2654867256637,21.3864306784661,61.6519174041298,33.3333333333333,3.61848574336283,29.2871189764012,10.8554572300885,87.8613569292036,29.5,194.5,102.5,297,146,9.9,134.4666667,12.5,472.5,2.60416666666667,6.24338624338624,41.1640211640212,21.6931216931217,62.8571428571429,30.8994708994709,2.0952380952381,28.4585537989418,6.78082191780822,92.1004566438356
"AF0465","8","SR",29,86.5,90,176.5,145,21.91666667,121.25,0.5,350.5,"1",360,0.138888888888889,8.27389443651926,24.679029957204,25.6776034236805,50.3566333808845,41.3694721825963,6.25297194579173,34.5934379457917,15.1149425310345,83.6206896551724,30.5,179,117,296,143,14.18333333,126.8333333,2,469.5,0.416666666666667,6.49627263045794,38.1256656017039,24.9201277955272,63.0457933972311,30.457933972311,3.02094426624068,27.0145544834931,9.91841491608392,88.6946386713287
"AF0467","8","SR",29.5,102,116,218,98,3.316666667,93.16666667,9,345.5,"1",360,2.5,8.5383502170767,29.5224312590449,33.5745296671491,63.0969609261939,28.3646888567294,0.959961408683068,26.965750121563,3.38435374183673,95.0680272142857,51.5,150.5,140,290.5,137.5,2.5,133.2833333,0.5,479.5,0.104166666666667,10.740354535975,31.3868613138686,29.1970802919708,60.5839416058394,28.6757038581856,0.521376433785193,27.7963155995829,1.81818181818182,96.9333333090909
"AF0468","8","SR",46,95.5,133.5,229,70,5.2,63.7,24,345,"1",360,6.66666666666667,13.3333333333333,27.6811594202899,38.695652173913,66.3768115942029,20.2898550724638,1.50724637681159,18.463768115942,7.42857142857143,91,64.5,161.5,136,297.5,94,7.433333333,83.53333333,23,456,4.79166666666667,14.1447368421053,35.4166666666667,29.8245614035088,65.2412280701754,20.6140350877193,1.63011695899123,18.3187134495614,7.90780141808511,88.8652482234043
"AF0469","8","SR",28,114.5,132.5,247,77.5,5.05,72.08333333,15,352.5,"1",360,4.16666666666667,7.94326241134752,32.4822695035461,37.5886524822695,70.0709219858156,21.9858156028369,1.43262411347518,20.4491725758865,6.51612903225806,93.010752683871,24.5,168,145,313,133.5,8.316666667,119.7166667,7.5,471,1.5625,5.20169851380042,35.6687898089172,30.7855626326964,66.4543524416136,28.343949044586,1.76574663842887,25.4175513163482,6.22971285917603,89.6754057677903
"AF0490","8","SR",31.5,87,120.5,207.5,86.5,2.3,83.16666667,7,325.5,"2",360,1.94444444444444,9.67741935483871,26.7281105990783,37.0199692780338,63.7480798771121,26.5745007680492,0.706605222734255,25.5504352288786,2.65895953757225,96.1464354566474,59.5,104,140.5,244.5,153,3.4,147.7666667,15,457,3.125,13.019693654267,22.7571115973742,30.7439824945295,53.5010940919037,33.4792122538293,0.74398249452954,32.3340627352298,2.22222222222222,96.5795207189542
"AF0496","8","SR",28,84.5,131.5,216,87.5,17.36666667,68.8,11,331.5,"1",360,3.05555555555556,8.44645550527903,25.4901960784314,39.6681749622926,65.158371040724,26.395173453997,5.23881347511312,20.7541478129713,19.8476190514286,78.6285714285714,43.5,190,115,305,96,24.68333333,68.91666667,37,444.5,7.70833333333333,9.78627671541057,42.7446569178853,25.8717660292463,68.6164229471316,21.5973003374578,5.55305586726659,15.5043119617548,25.7118055520833,71.7881944479167
